transaction_id,account_id,transaction_type,amount,currency,timestamp,channel,status,merchant_category,city,device_id,source,event_hour,account_rolling_mean_amount,window_txn_count,window_failed_count,window_distinct_devices,window_distinct_cities,high_amount_flag,burst_flag,failure_burst_flag,location_jump_flag,new_device_flag,unusual_hour_flag,anomaly_score,anomaly_reasons,is_anomaly,event_timestamp
TXN-ff8c0b8b-4f5d-40bf-b4a3-fd9b9d683ed2,ACC3783290795,TRANSFER,2020.51,INR,2026-09-19T05:07:45.396Z,WEB,SUCCESS,OTHER,Delhi,DEV-7bdf94bd,synthetic-generator,5,2905.393846153846,13,1,3,1,False,True,False,False,True,False,3,"TRANSACTION_BURST,NEW_DEVICE",False,2026-09-19T05:07:45.396Z
TXN-25fe2644-f8cc-42cb-b830-47c384086ada,ACC9786748825,DEPOSIT,390.4,INR,2026-09-19T05:07:45.396Z,BRANCH,SUCCESS,ENTERTAINMENT,Hyderabad,DEV-e8cd1fd2,synthetic-generator,5,1400.3655555555556,18,5,1,3,False,True,False,True,False,False,4,"TRANSACTION_BURST,LOCATION_JUMP",False,2026-09-19T05:07:45.396Z
TXN-62175012-068e-40b2-afa2-ac86ce43ed62,ACC4131575764,REFUND,2278.22,INR,2026-09-19T05:07:45.396Z,POS,SUCCESS,EDUCATION,Chennai,DEV-2d13eb19,synthetic-generator,5,1197.8876923076923,13,0,2,3,False,True,False,True,True,False,5,"TRANSACTION_BURST,LOCATION_JUMP,NEW_DEVICE",True,2026-09-19T05:07:45.396Z
TXN-238a390f-3e11-4041-aa43-9c20e314c276,ACC8168204967,UPI_PAYMENT,675.09,INR,2026-09-19T05:07:45.396Z,MOBILE,SUCCESS,FUEL,Mumbai,DEV-334d6216,synthetic-generator,5,4539.6975,8,0,1,1,False,False,False,False,False,False,0,,False,2026-09-19T05:07:45.396Z
TXN-76f6fa9e-85f5-4842-a2ca-75041dbad2c5,ACC9703905715,UPI_PAYMENT,2909.97,INR,2026-09-19T05:07:45.396Z,POS,SUCCESS,FINANCIAL_SERVICES,Hyderabad,DEV-6387f5a3,synthetic-generator,5,1864.245263157895,19,1,1,1,False,True,False,False,False,False,2,TRANSACTION_BURST,False,2026-09-19T05:07:45.396Z
TXN-c334e2bb-079e-4ba1-869d-3dc2d1fe1f48,ACC3783290795,REFUND,1996.04,INR,2026-09-19T05:07:45.396Z,ATM,SUCCESS,EDUCATION,Delhi,DEV-d6021645,synthetic-generator,5,2905.393846153846,13,1,3,1,False,True,False,False,True,False,3,"TRANSACTION_BURST,NEW_DEVICE",False,2026-09-19T05:07:45.396Z
TXN-f8b60c8e-aed8-4f52-84d6-0f87a736bf1b,ACC9786748825,ATM_WITHDRAWAL,564.64,INR,2026-09-19T05:07:45.396Z,UPI,REVERSED,OTHER,Hyderabad,DEV-e8cd1fd2,synthetic-generator,5,1400.3655555555556,18,5,1,3,False,True,False,True,False,False,4,"TRANSACTION_BURST,LOCATION_JUMP",False,2026-09-19T05:07:45.396Z
TXN-12f0da47-96ce-4f36-8db2-07a409eee675,ACC1519709079,BILL_PAYMENT,78.22,INR,2026-09-19T05:07:45.396Z,WEB,SUCCESS,DINING,Lucknow,DEV-5554824c,synthetic-generator,5,374.24260869565217,23,2,3,1,False,True,False,False,True,False,3,"TRANSACTION_BURST,NEW_DEVICE",False,2026-09-19T05:07:45.396Z
TXN-0cc28f5c-9094-4efb-a993-094e900b6a05,ACC6884882440,UPI_PAYMENT,96.66,INR,2026-09-19T05:07:45.396Z,UPI,FAILED,ENTERTAINMENT,Mumbai,DEV-0183d84b,synthetic-generator,5,543.7458823529412,34,7,3,1,False,True,True,False,True,False,5,"TRANSACTION_BURST,REPEATED_FAILURES,NEW_DEVICE",True,2026-09-19T05:07:45.396Z
TXN-7c0935e4-1b8b-4bce-a616-b3a95225d05e,ACC2948728483,UPI_PAYMENT,3119.72,INR,2026-09-19T05:07:45.396Z,MOBILE,FAILED,OTHER,Chennai,DEV-9556f5f5,synthetic-generator,5,1269.472380952381,42,12,3,3,False,True,True,True,True,False,7,"TRANSACTION_BURST,REPEATED_FAILURES,LOCATION_JUMP,NEW_DEVICE",True,2026-09-19T05:07:45.396Z
TXN-5f8cef4b-5272-46cb-973c-5f11d0b549d3,ACC4274958945,UPI_PAYMENT,1181.65,INR,2026-09-19T05:07:45.396Z,WEB,SUCCESS,ECOMMERCE,Delhi,DEV-a038d4f1,synthetic-generator,5,2052.52,7,0,3,1,False,False,False,False,True,False,1,NEW_DEVICE,False,2026-09-19T05:07:45.396Z
TXN-f8e1227a-1014-4b61-8ec9-d54cf8635d3a,ACC1422701550,DEPOSIT,1782.66,INR,2026-09-19T05:07:45.396Z,BRANCH,SUCCESS,ENTERTAINMENT,Hyderabad,DEV-a8ac3a34,synthetic-generator,5,1569.0040000000001,10,0,2,1,False,True,False,False,True,False,3,"TRANSACTION_BURST,NEW_DEVICE",False,2026-09-19T05:07:45.396Z
TXN-49ceddae-97c0-424a-835d-3cce15d0d0fa,ACC4131356954,DEPOSIT,2492.65,INR,2026-09-19T05:07:45.396Z,WEB,SUCCESS,ECOMMERCE,Bengaluru,DEV-1619970c,synthetic-generator,5,1310.4152380952382,21,6,3,1,False,True,False,False,True,False,3,"TRANSACTION_BURST,NEW_DEVICE",False,2026-09-19T05:07:45.396Z
TXN-9f5a7bd3-fe98-42ff-bad4-4b469504aec5,ACC2867302554,BILL_PAYMENT,1931.03,INR,2026-09-19T05:07:45.397Z,POS,SUCCESS,TRAVEL,Chennai,DEV-3c987226,synthetic-generator,5,1157.8992857142857,14,5,1,1,False,True,False,False,False,False,2,TRANSACTION_BURST,False,2026-09-19T05:07:45.397Z
TXN-254726e4-8527-4da2-a88d-0330660ca4d8,ACC6884882440,ATM_WITHDRAWAL,691.12,INR,2026-09-19T05:07:45.397Z,ATM,SUCCESS,UTILITIES,Mumbai,DEV-ea1f6ed8,synthetic-generator,5,543.7458823529412,34,7,3,1,False,True,False,False,True,False,3,"TRANSACTION_BURST,NEW_DEVICE",False,2026-09-19T05:07:45.397Z
TXN-86c7b8b7-6e07-4f90-b24c-e2cff894f2ed,ACC3479708607,UPI_PAYMENT,1721.42,INR,2026-09-19T05:07:45.397Z,WEB,FAILED,TRAVEL,Ahmedabad,DEV-316a8ea5,synthetic-generator,5,2299.897619047619,21,1,3,1,False,True,False,False,True,False,3,"TRANSACTION_BURST,NEW_DEVICE",False,2026-09-19T05:07:45.397Z
TXN-18acaf2a-b1cf-4908-86e8-5aca76185c92,ACC2948728483,TRANSFER,6041.05,INR,2026-09-19T05:07:45.397Z,BRANCH,SUCCESS,GOVERNMENT,Mumbai,DEV-9556f5f5,synthetic-generator,5,1269.472380952381,42,12,3,3,True,True,False,True,True,False,7,"HIGH_AMOUNT,TRANSACTION_BURST,LOCATION_JUMP,NEW_DEVICE",True,2026-09-19T05:07:45.397Z
TXN-aca44d2c-fbb0-4db7-a60e-fd31ee071543,ACC3479708607,DEPOSIT,1299.52,INR,2026-09-19T05:07:45.397Z,POS,SUCCESS,GOVERNMENT,Ahmedabad,DEV-148b692d,synthetic-generator,5,2299.897619047619,21,1,3,1,False,True,False,False,True,False,3,"TRANSACTION_BURST,NEW_DEVICE",False,2026-09-19T05:07:45.397Z
TXN-ef4db3bc-d30c-4914-a357-d629c3b93cf6,ACC6633778586,REFUND,1116.54,INR,2026-09-19T05:07:45.397Z,ATM,SUCCESS,GOVERNMENT,Delhi,DEV-e1e0b7a0,synthetic-generator,5,1848.8355555555556,9,0,2,1,False,True,False,False,True,False,3,"TRANSACTION_BURST,NEW_DEVICE",False,2026-09-19T05:07:45.397Z
TXN-902aceb8-69df-40ed-8f2e-380d433a8766,ACC1083651970,DEPOSIT,2330.59,INR,2026-09-19T05:07:45.397Z,UPI,SUCCESS,ECOMMERCE,Hyderabad,DEV-1b315130,synthetic-generator,5,2311.6264285714287,14,0,1,1,False,True,False,False,False,False,2,TRANSACTION_BURST,False,2026-09-19T05:07:45.397Z
TXN-25000c98-2819-465f-be2a-8dd3b5425b83,ACC8763140509,REFUND,294.59,INR,2026-09-19T05:07:45.397Z,MOBILE,PENDING,FINANCIAL_SERVICES,Pune,DEV-1d690eae,synthetic-generator,5,275.375,4,0,1,1,False,False,False,False,False,False,0,,False,2026-09-19T05:07:45.397Z
TXN-7b38d24d-1d4d-4678-a9d9-c69d15894755,ACC1817804383,UPI_PAYMENT,1016.09,INR,2026-09-19T05:07:45.397Z,ATM,FAILED,EDUCATION,Jaipur,DEV-887d5b21,synthetic-generator,5,605.3580000000001,30,5,3,3,False,True,True,True,True,False,7,"TRANSACTION_BURST,REPEATED_FAILURES,LOCATION_JUMP,NEW_DEVICE",True,2026-09-19T05:07:45.397Z
TXN-37cfa45b-15e4-4adf-bd9b-7c42af361b74,ACC3694860228,REFUND,1104.63,INR,2026-09-19T05:07:45.397Z,POS,SUCCESS,TRAVEL,Hyderabad,DEV-f6ee34d8,synthetic-generator,5,997.366857142857,35,3,3,3,False,True,False,True,True,False,5,"TRANSACTION_BURST,LOCATION_JUMP,NEW_DEVICE",True,2026-09-19T05:07:45.397Z
TXN-5eb4a0ad-8c04-46d0-9d44-0cb8e81e0d96,ACC3746317213,BILL_PAYMENT,41.87,INR,2026-09-19T05:07:45.397Z,MOBILE,FAILED,EDUCATION,Chennai,DEV-ecb5a32f,synthetic-generator,5,468.23333333333335,6,1,3,3,False,False,False,True,True,False,3,"LOCATION_JUMP,NEW_DEVICE",False,2026-09-19T05:07:45.397Z
TXN-16837a13-d3cc-451a-9def-6721c21f9d11,ACC7010379415,REFUND,334.04,INR,2026-09-19T05:07:45.397Z,ATM,SUCCESS,ENTERTAINMENT,Mumbai,DEV-cfa5a47d,synthetic-generator,5,304.8645,20,1,1,1,False,True,False,False,False,False,2,TRANSACTION_BURST,False,2026-09-19T05:07:45.397Z
TXN-9ea8fcc1-d99b-41b9-8668-0a3b62402c30,ACC7146318035,UPI_PAYMENT,784.94,INR,2026-09-19T05:07:45.397Z,BRANCH,SUCCESS,OTHER,Ahmedabad,DEV-84cbc591,synthetic-generator,5,1293.822,10,1,1,3,False,True,False,True,False,False,4,"TRANSACTION_BURST,LOCATION_JUMP",False,2026-09-19T05:07:45.397Z
TXN-4a069dff-7922-421a-a506-8cf64b8af9ce,ACC6924716023,UPI_PAYMENT,5726.37,INR,2026-09-19T05:07:45.397Z,POS,FAILED,FINANCIAL_SERVICES,Delhi,DEV-9603ec5d,synthetic-generator,5,1296.8735897435897,39,12,2,2,True,True,True,True,True,False,9,"HIGH_AMOUNT,TRANSACTION_BURST,REPEATED_FAILURES,LOCATION_JUMP,NEW_DEVICE",True,2026-09-19T05:07:45.397Z
TXN-c3f76a89-61ea-4aaf-9367-9491f5ee2052,ACC8110054933,BILL_PAYMENT,655.39,INR,2026-09-19T05:07:45.397Z,WEB,SUCCESS,FUEL,Pune,DEV-3ded8d40,synthetic-generator,5,1515.8945454545456,11,4,2,1,False,True,False,False,True,False,3,"TRANSACTION_BURST,NEW_DEVICE",False,2026-09-19T05:07:45.397Z
TXN-430153cc-6708-4726-821e-3db7c0fb7492,ACC9573276057,REFUND,4445.33,INR,2026-09-19T05:07:45.397Z,BRANCH,SUCCESS,OTHER,Kolkata,DEV-6130a5b0,synthetic-generator,5,1893.443,10,0,3,1,False,True,False,False,True,False,3,"TRANSACTION_BURST,NEW_DEVICE",False,2026-09-19T05:07:45.397Z
TXN-69d85476-f5a7-4591-88a9-f92f81a20d88,ACC7805745017,UPI_PAYMENT,512.69,INR,2026-09-19T05:07:45.397Z,POS,SUCCESS,FINANCIAL_SERVICES,Chennai,DEV-1d03c6d5,synthetic-generator,5,806.7152173913043,23,1,2,1,False,True,False,False,True,False,3,"TRANSACTION_BURST,NEW_DEVICE",False,2026-09-19T05:07:45.397Z
TXN-43767e88-8fa8-4884-a90b-9823442496da,ACC6687206971,BILL_PAYMENT,887.06,INR,2026-09-19T05:07:45.397Z,WEB,SUCCESS,TRAVEL,Mumbai,DEV-a607110c,synthetic-generator,5,589.6045833333334,24,9,1,1,False,True,False,False,False,False,2,TRANSACTION_BURST,False,2026-09-19T05:07:45.397Z
TXN-c2508d7e-2dea-4953-951d-ec72f1338658,ACC2948728483,DEPOSIT,691.07,INR,2026-09-19T05:07:45.397Z,UPI,SUCCESS,EDUCATION,Chennai,DEV-9556f5f5,synthetic-generator,5,1269.472380952381,42,12,3,3,False,True,False,True,True,False,5,"TRANSACTION_BURST,LOCATION_JUMP,NEW_DEVICE",True,2026-09-19T05:07:45.397Z
TXN-fc3e1a4f-b823-48e2-a69f-2d7a0f9a754d,ACC8047877267,BILL_PAYMENT,420.07,INR,2026-09-19T05:07:45.397Z,POS,SUCCESS,ENTERTAINMENT,Jaipur,DEV-6864daf6,synthetic-generator,5,1046.5081818181818,22,2,2,3,False,True,False,True,True,False,5,"TRANSACTION_BURST,LOCATION_JUMP,NEW_DEVICE",True,2026-09-19T05:07:45.397Z
TXN-210fd403-21e6-45e3-9585-4a2a60acdec6,ACC2149938334,UPI_PAYMENT,255.72,INR,2026-09-19T05:07:45.397Z,WEB,SUCCESS,ENTERTAINMENT,Mumbai,DEV-b05f46f5,synthetic-generator,5,1112.317,20,1,1,1,False,True,False,False,False,False,2,TRANSACTION_BURST,False,2026-09-19T05:07:45.397Z
TXN-b93a5960-6a6e-40c5-8209-e837783dbf63,ACC2445662585,REFUND,1224.7,INR,2026-09-19T05:07:45.397Z,POS,SUCCESS,GROCERY,Lucknow,DEV-e344b4ff,synthetic-generator,5,2794.9656521739125,23,2,3,1,False,True,False,False,True,False,3,"TRANSACTION_BURST,NEW_DEVICE",False,2026-09-19T05:07:45.397Z
TXN-3554350b-f337-4cb5-81a2-418d97690047,ACC5567816720,BILL_PAYMENT,199.23,INR,2026-09-19T05:07:45.397Z,WEB,PENDING,DINING,Pune,DEV-121f8f93,synthetic-generator,5,365.1275,8,0,2,1,False,False,False,False,True,False,1,NEW_DEVICE,False,2026-09-19T05:07:45.397Z
TXN-04d9fba6-1830-4f83-a24e-7e3a9bc6b180,ACC2452066459,UPI_PAYMENT,256.62,INR,2026-09-19T05:07:45.397Z,POS,SUCCESS,OTHER,Pune,DEV-8be628a6,synthetic-generator,5,605.7847222222222,36,10,3,5,False,True,False,True,True,False,5,"TRANSACTION_BURST,LOCATION_JUMP,NEW_DEVICE",True,2026-09-19T05:07:45.397Z
TXN-eca5b765-f6af-48c0-9961-2624c1c03305,ACC7635473142,DEPOSIT,672.56,INR,2026-09-19T05:07:45.397Z,WEB,FAILED,OTHER,Kolkata,DEV-c2b628ea,synthetic-generator,5,1023.3171428571429,14,5,2,1,False,True,True,False,True,False,5,"TRANSACTION_BURST,REPEATED_FAILURES,NEW_DEVICE",True,2026-09-19T05:07:45.397Z
TXN-0c110372-ac62-423d-9747-eebf89e453b3,ACC1958682846,CARD_PAYMENT,597.06,INR,2026-09-19T05:07:45.397Z,POS,SUCCESS,DINING,Hyderabad,DEV-fbcc1e1f,synthetic-generator,5,1994.2518181818182,11,0,1,1,False,True,False,False,False,False,2,TRANSACTION_BURST,False,2026-09-19T05:07:45.397Z
TXN-d9853ca1-57db-456d-80a6-375855da36dd,ACC9894847574,CARD_PAYMENT,2012.03,INR,2026-09-19T05:07:45.397Z,BRANCH,SUCCESS,ENTERTAINMENT,Kolkata,DEV-eed3b63b,synthetic-generator,5,1558.878,15,2,2,5,False,True,False,True,True,False,5,"TRANSACTION_BURST,LOCATION_JUMP,NEW_DEVICE",True,2026-09-19T05:07:45.397Z
TXN-aca937d3-c7d1-4b6f-82f1-62773ca130f2,ACC1248786714,UPI_PAYMENT,185.77,INR,2026-09-19T05:07:45.397Z,BRANCH,SUCCESS,DINING,Chennai,DEV-97677b4d,synthetic-generator,5,392.5536363636364,11,0,2,2,False,True,False,True,True,False,5,"TRANSACTION_BURST,LOCATION_JUMP,NEW_DEVICE",True,2026-09-19T05:07:45.397Z
TXN-a35f85e5-7dbf-4090-a867-50be07ac2327,ACC4289233844,UPI_PAYMENT,1442.61,INR,2026-09-19T05:07:45.397Z,ATM,SUCCESS,EDUCATION,Hyderabad,DEV-0d90d34d,synthetic-generator,5,1004.2819999999999,15,2,1,3,False,True,False,True,False,False,4,"TRANSACTION_BURST,LOCATION_JUMP",False,2026-09-19T05:07:45.397Z
TXN-cd400057-5d3f-415b-a6e6-f890a2df8bb7,ACC1958682846,UPI_PAYMENT,168.05,INR,2026-09-19T05:07:45.397Z,POS,SUCCESS,TRAVEL,Hyderabad,DEV-fbcc1e1f,synthetic-generator,5,1994.2518181818182,11,0,1,1,False,True,False,False,False,False,2,TRANSACTION_BURST,False,2026-09-19T05:07:45.397Z
TXN-f831a49e-5ff2-4444-93c5-1ff2dd5f53b1,ACC5284391408,TRANSFER,294.61,INR,2026-09-19T05:07:45.397Z,MOBILE,SUCCESS,TRAVEL,Jaipur,DEV-ee74a571,synthetic-generator,5,337.99555555555554,9,0,2,5,False,True,False,True,True,False,5,"TRANSACTION_BURST,LOCATION_JUMP,NEW_DEVICE",True,2026-09-19T05:07:45.397Z
TXN-309dbcbb-3f54-4013-aa3c-625012f7ab42,ACC6687206971,REFUND,192.36,INR,2026-09-19T05:07:45.397Z,WEB,SUCCESS,ENTERTAINMENT,Mumbai,DEV-a607110c,synthetic-generator,5,589.6045833333334,24,9,1,1,False,True,False,False,False,False,2,TRANSACTION_BURST,False,2026-09-19T05:07:45.397Z
TXN-a22917a3-31c6-41e8-b8fe-a8410b551fc7,ACC7517938612,ATM_WITHDRAWAL,531.02,INR,2026-09-19T05:07:45.397Z,BRANCH,SUCCESS,HEALTHCARE,Pune,DEV-1c46c284,synthetic-generator,5,1835.2130769230769,13,0,2,4,False,True,False,True,True,False,5,"TRANSACTION_BURST,LOCATION_JUMP,NEW_DEVICE",True,2026-09-19T05:07:45.397Z
TXN-02954a64-0d91-433f-861c-1bfd159d06f2,ACC1667779376,DEPOSIT,221.37,INR,2026-09-19T05:07:45.397Z,ATM,SUCCESS,HEALTHCARE,Chennai,DEV-3f95d8ba,synthetic-generator,5,548.3466666666667,15,5,3,1,False,True,False,False,True,False,3,"TRANSACTION_BURST,NEW_DEVICE",False,2026-09-19T05:07:45.397Z
TXN-1e84a7fd-e773-4382-8349-d35ad0f3de99,ACC7114223633,ATM_WITHDRAWAL,1288.0,INR,2026-09-19T05:07:45.397Z,UPI,SUCCESS,UTILITIES,Lucknow,DEV-efee7601,synthetic-generator,5,5201.48875,16,0,3,4,False,True,False,True,True,False,5,"TRANSACTION_BURST,LOCATION_JUMP,NEW_DEVICE",True,2026-09-19T05:07:45.397Z
TXN-0f33963e-396e-4b74-a21d-852d16601799,ACC7887950851,UPI_PAYMENT,310.31,INR,2026-09-19T05:07:45.397Z,POS,PENDING,HEALTHCARE,Jaipur,DEV-1ea79939,synthetic-generator,5,1294.8766666666668,6,0,3,1,False,False,False,False,True,False,1,NEW_DEVICE,False,2026-09-19T05:07:45.397Z
TXN-2c6f4e16-a304-4aca-90bc-c3989070f77b,ACC3030106617,BILL_PAYMENT,4912.69,INR,2026-09-19T05:07:45.397Z,WEB,SUCCESS,TRAVEL,Pune,DEV-4c67ed1b,synthetic-generator,5,1945.6331578947368,19,1,2,3,False,True,False,True,True,False,5,"TRANSACTION_BURST,LOCATION_JUMP,NEW_DEVICE",True,2026-09-19T05:07:45.397Z
TXN-ce0d9de6-9cd4-4039-a82f-f09b2db834f7,ACC7483366056,DEPOSIT,294.03,INR,2026-09-19T05:07:45.397Z,UPI,SUCCESS,FINANCIAL_SERVICES,Hyderabad,DEV-051404c6,synthetic-generator,5,735.3166666666666,9,1,1,3,False,True,False,True,False,False,4,"TRANSACTION_BURST,LOCATION_JUMP",False,2026-09-19T05:07:45.397Z
TXN-a7c4a93f-e3b0-4aec-a246-8680a6b8e455,ACC3710566582,DEPOSIT,927.29,INR,2026-09-19T05:07:45.397Z,ATM,SUCCESS,FINANCIAL_SERVICES,Pune,DEV-0b88904d,synthetic-generator,5,886.235,8,0,2,3,False,False,False,True,True,False,3,"LOCATION_JUMP,NEW_DEVICE",False,2026-09-19T05:07:45.397Z
TXN-62c6c6f1-2af6-4f50-bf73-8a623267dd15,ACC1958682846,ATM_WITHDRAWAL,2407.36,INR,2026-09-19T05:07:45.397Z,BRANCH,PENDING,ECOMMERCE,Hyderabad,DEV-fbcc1e1f,synthetic-generator,5,1994.2518181818182,11,0,1,1,False,True,False,False,False,False,2,TRANSACTION_BURST,False,2026-09-19T05:07:45.397Z
TXN-3647b5db-9b42-4367-936e-d1dd85f2324a,ACC2181241943,REFUND,653.75,INR,2026-09-19T05:07:45.397Z,POS,SUCCESS,FINANCIAL_SERVICES,Hyderabad,DEV-f6824ffe,synthetic-generator,5,2125.5550000000003,8,0,1,1,False,False,False,False,False,False,0,,False,2026-09-19T05:07:45.397Z
TXN-67f7a348-2a5c-417f-b0a0-6f22c5cedb91,ACC1983297492,ATM_WITHDRAWAL,309.43,INR,2026-09-19T05:07:45.397Z,ATM,SUCCESS,DINING,Pune,DEV-0a2bbaa5,synthetic-generator,5,1565.950909090909,11,2,2,1,False,True,False,False,True,False,3,"TRANSACTION_BURST,NEW_DEVICE",False,2026-09-19T05:07:45.397Z
TXN-402e4efe-8704-4c9a-802f-202cffe7a5ef,ACC9957813353,DEPOSIT,336.98,INR,2026-09-19T05:07:45.397Z,ATM,SUCCESS,DINING,Kolkata,DEV-d446b394,synthetic-generator,5,1681.8311111111113,9,1,1,1,False,True,False,False,False,False,2,TRANSACTION_BURST,False,2026-09-19T05:07:45.397Z
TXN-68a7e9d2-1f1f-4c57-b545-b105119a1239,ACC8995970241,TRANSFER,293.89,INR,2026-09-19T05:07:45.397Z,POS,SUCCESS,ENTERTAINMENT,Mumbai,DEV-c976717d,synthetic-generator,5,634.364,10,2,2,1,False,True,False,False,True,False,3,"TRANSACTION_BURST,NEW_DEVICE",False,2026-09-19T05:07:45.397Z
TXN-99218bc2-181c-423e-b328-0c639ed7ae76,ACC5710360983,CARD_PAYMENT,2322.55,INR,2026-09-19T05:07:45.397Z,MOBILE,SUCCESS,TRAVEL,Pune,DEV-a21a502a,synthetic-generator,5,1179.485,12,0,1,1,False,True,False,False,False,False,2,TRANSACTION_BURST,False,2026-09-19T05:07:45.397Z
TXN-e9a26227-ccfd-4785-9e2f-5a6e79675f2a,ACC8987073217,CARD_PAYMENT,255.81,INR,2026-09-19T05:07:45.397Z,BRANCH,SUCCESS,TRAVEL,Ahmedabad,DEV-80f1f0d4,synthetic-generator,5,806.3833333333333,12,1,3,1,False,True,False,False,True,False,3,"TRANSACTION_BURST,NEW_DEVICE",False,2026-09-19T05:07:45.397Z
TXN-c95996b0-3e56-43d6-9ebd-7225d15baf98,ACC7010379415,ATM_WITHDRAWAL,674.91,INR,2026-09-19T05:07:45.397Z,UPI,SUCCESS,FUEL,Mumbai,DEV-cfa5a47d,synthetic-generator,5,304.8645,20,1,1,1,False,True,False,False,False,False,2,TRANSACTION_BURST,False,2026-09-19T05:07:45.397Z
TXN-5ab5bb44-99b0-43bf-9480-8fc820a8f61c,ACC4026113008,ATM_WITHDRAWAL,4317.65,INR,2026-09-19T05:07:45.397Z,MOBILE,SUCCESS,GOVERNMENT,Ahmedabad,DEV-3c647c55,synthetic-generator,5,3347.5088888888886,18,7,3,3,False,True,False,True,True,False,5,"TRANSACTION_BURST,LOCATION_JUMP,NEW_DEVICE",True,2026-09-19T05:07:45.397Z
TXN-e1a2495a-24d3-4323-b418-c5345bd10eec,ACC5710360983,UPI_PAYMENT,1476.77,INR,2026-09-19T05:07:45.397Z,BRANCH,SUCCESS,FINANCIAL_SERVICES,Pune,DEV-a21a502a,synthetic-generator,5,1179.485,12,0,1,1,False,True,False,False,False,False,2,TRANSACTION_BURST,False,2026-09-19T05:07:45.397Z
TXN-deeeb213-9d23-4273-88db-b1189752f4d3,ACC2445662585,TRANSFER,45467.84,INR,2026-09-19T05:07:45.397Z,BRANCH,SUCCESS,ECOMMERCE,Lucknow,DEV-7a6bd543,synthetic-generator,5,2794.9656521739125,23,2,3,1,True,True,False,False,True,False,5,"HIGH_AMOUNT,TRANSACTION_BURST,NEW_DEVICE",True,2026-09-19T05:07:45.397Z
TXN-9241035b-6ff6-485a-a75d-2ecf19cba9b3,ACC7635473142,TRANSFER,135.82,INR,2026-09-19T05:07:45.397Z,WEB,SUCCESS,FINANCIAL_SERVICES,Kolkata,DEV-c2b628ea,synthetic-generator,5,1023.3171428571429,14,5,2,1,False,True,False,False,True,False,3,"TRANSACTION_BURST,NEW_DEVICE",False,2026-09-19T05:07:45.397Z
TXN-843d18ec-0e40-4305-8cbc-6f2eb1048c74,ACC1083651970,ATM_WITHDRAWAL,4338.16,INR,2026-09-19T05:07:45.397Z,BRANCH,SUCCESS,TRAVEL,Hyderabad,DEV-1b315130,synthetic-generator,5,2311.6264285714287,14,0,1,1,False,True,False,False,False,False,2,TRANSACTION_BURST,False,2026-09-19T05:07:45.397Z
TXN-4f5ea6a8-ffea-47d5-ac69-cb2f58cea20f,ACC8235363119,REFUND,253.09,INR,2026-09-19T05:07:45.397Z,BRANCH,PENDING,OTHER,Pune,DEV-818eb553,synthetic-generator,5,1597.1244444444446,18,1,1,1,False,True,False,False,False,False,2,TRANSACTION_BURST,False,2026-09-19T05:07:45.397Z
TXN-f795f224-b433-41a5-b609-69a0c84ef68a,ACC6649827836,TRANSFER,3278.29,INR,2026-09-19T05:07:45.397Z,POS,SUCCESS,DINING,Chennai,DEV-b8dbc058,synthetic-generator,5,1194.808,20,0,1,3,False,True,False,True,False,False,4,"TRANSACTION_BURST,LOCATION_JUMP",False,2026-09-19T05:07:45.397Z
TXN-74ae0232-1e11-48fb-95be-e8bc5b3bdcbe,ACC1470939445,DEPOSIT,157.97,INR,2026-09-19T05:07:45.397Z,UPI,SUCCESS,ECOMMERCE,Lucknow,DEV-ca5e9548,synthetic-generator,5,630.3511111111111,18,6,3,1,False,True,False,False,True,False,3,"TRANSACTION_BURST,NEW_DEVICE",False,2026-09-19T05:07:45.397Z
TXN-417a3467-19bc-4656-93b6-8405bf2bf1bd,ACC1083651970,BILL_PAYMENT,1644.84,INR,2026-09-19T05:07:45.397Z,WEB,SUCCESS,GOVERNMENT,Hyderabad,DEV-1b315130,synthetic-generator,5,2311.6264285714287,14,0,1,1,False,True,False,False,False,False,2,TRANSACTION_BURST,False,2026-09-19T05:07:45.397Z
TXN-18f6139c-2e0a-4805-a4cb-c3c265269e91,ACC8047877267,REFUND,267.03,INR,2026-09-19T05:07:45.397Z,BRANCH,SUCCESS,FINANCIAL_SERVICES,Jaipur,DEV-c12fe6a2,synthetic-generator,5,1046.5081818181818,22,2,2,3,False,True,False,True,True,False,5,"TRANSACTION_BURST,LOCATION_JUMP,NEW_DEVICE",True,2026-09-19T05:07:45.397Z
TXN-dfe3b5e2-bb9d-4549-91f0-f69d72d7dc81,ACC3694860228,DEPOSIT,1865.72,INR,2026-09-19T05:07:45.397Z,POS,SUCCESS,DINING,Hyderabad,DEV-e9a69f44,synthetic-generator,5,997.366857142857,35,3,3,3,False,True,False,True,True,False,5,"TRANSACTION_BURST,LOCATION_JUMP,NEW_DEVICE",True,2026-09-19T05:07:45.397Z
TXN-fa616434-a19d-4f38-bb25-44d88263bdf0,ACC1939042955,BILL_PAYMENT,634.19,INR,2026-09-19T05:07:45.397Z,ATM,SUCCESS,ECOMMERCE,Delhi,DEV-9a48534f,synthetic-generator,5,437.26181818181817,22,4,2,1,False,True,False,False,True,False,3,"TRANSACTION_BURST,NEW_DEVICE",False,2026-09-19T05:07:45.397Z
TXN-972f8afd-b667-4955-a811-ad6f67de6f45,ACC9894264595,BILL_PAYMENT,342.7,INR,2026-09-19T05:07:45.397Z,WEB,SUCCESS,FINANCIAL_SERVICES,Delhi,DEV-b1e5726c,synthetic-generator,5,1252.0023076923076,13,0,1,1,False,True,False,False,False,False,2,TRANSACTION_BURST,False,2026-09-19T05:07:45.397Z
TXN-50879e57-10f4-4a4b-9116-0d1492f6f74a,ACC4131356954,TRANSFER,2744.49,INR,2026-09-19T05:07:45.397Z,UPI,SUCCESS,FUEL,Bengaluru,DEV-1619970c,synthetic-generator,5,1310.4152380952382,21,6,3,1,False,True,False,False,True,False,3,"TRANSACTION_BURST,NEW_DEVICE",False,2026-09-19T05:07:45.397Z
TXN-cce09236-edd4-4b10-a8f2-5ec68e9fde00,ACC7010379415,UPI_PAYMENT,324.67,INR,2026-09-19T05:07:45.397Z,MOBILE,SUCCESS,DINING,Mumbai,DEV-cfa5a47d,synthetic-generator,5,304.8645,20,1,1,1,False,True,False,False,False,False,2,TRANSACTION_BURST,False,2026-09-19T05:07:45.397Z
TXN-3ddfc2bb-d28e-4de1-919d-5a2a95f03232,ACC3694860228,CARD_PAYMENT,290.03,INR,2026-09-19T05:07:45.397Z,BRANCH,SUCCESS,FUEL,Hyderabad,DEV-a7884c93,synthetic-generator,5,997.366857142857,35,3,3,3,False,True,False,True,True,False,5,"TRANSACTION_BURST,LOCATION_JUMP,NEW_DEVICE",True,2026-09-19T05:07:45.397Z
TXN-7f25ba51-5aeb-48bd-bdb2-6e08691a5cda,ACC7665963761,TRANSFER,386.81,INR,2026-09-19T05:07:45.397Z,ATM,SUCCESS,GROCERY,Ahmedabad,DEV-fab11dc3,synthetic-generator,5,407.376,5,0,3,1,False,False,False,False,True,False,1,NEW_DEVICE,False,2026-09-19T05:07:45.397Z
TXN-907b19b1-26d5-4907-8c58-4a1ab02c62be,ACC1127978094,TRANSFER,598.16,INR,2026-09-19T05:07:45.397Z,POS,SUCCESS,GOVERNMENT,Pune,DEV-9aedd924,synthetic-generator,5,374.10181818181815,11,7,1,1,False,True,False,False,False,False,2,TRANSACTION_BURST,False,2026-09-19T05:07:45.397Z
TXN-7d2417de-4067-4635-8d0f-86fbbede0660,ACC2625792787,BILL_PAYMENT,8435.06,INR,2026-09-19T05:07:45.398Z,UPI,SUCCESS,EDUCATION,Jaipur,DEV-ace75fb8,synthetic-generator,5,4126.750769230769,13,0,1,1,False,True,False,False,False,False,2,TRANSACTION_BURST,False,2026-09-19T05:07:45.398Z
TXN-bfa79fed-2974-416c-81a9-cac4b01e826d,ACC7805745017,DEPOSIT,417.62,INR,2026-09-19T05:07:45.398Z,WEB,SUCCESS,FINANCIAL_SERVICES,Chennai,DEV-1d03c6d5,synthetic-generator,5,806.7152173913043,23,1,2,1,False,True,False,False,True,False,3,"TRANSACTION_BURST,NEW_DEVICE",False,2026-09-19T05:07:45.398Z
TXN-d6de48e9-99d4-4875-9d11-ab18eddff911,ACC3783290795,UPI_PAYMENT,859.61,INR,2026-09-19T05:07:45.398Z,WEB,SUCCESS,FUEL,Delhi,DEV-981c2c70,synthetic-generator,5,2905.393846153846,13,1,3,1,False,True,False,False,True,False,3,"TRANSACTION_BURST,NEW_DEVICE",False,2026-09-19T05:07:45.398Z
TXN-f528c7ee-fb15-47ef-b76a-e222082294e8,ACC7146318035,UPI_PAYMENT,1138.42,INR,2026-09-19T05:07:45.398Z,WEB,SUCCESS,FINANCIAL_SERVICES,Ahmedabad,DEV-84cbc591,synthetic-generator,5,1293.822,10,1,1,3,False,True,False,True,False,False,4,"TRANSACTION_BURST,LOCATION_JUMP",False,2026-09-19T05:07:45.398Z
TXN-89abb00e-7101-4fca-b985-6d0c1b0b2a00,ACC3694860228,DEPOSIT,1785.42,INR,2026-09-19T05:07:45.398Z,ATM,SUCCESS,DINING,Mumbai,DEV-e9a69f44,synthetic-generator,5,997.366857142857,35,3,3,3,False,True,False,True,True,False,5,"TRANSACTION_BURST,LOCATION_JUMP,NEW_DEVICE",True,2026-09-19T05:07:45.398Z
TXN-1e28e4de-05c8-4837-838f-50a7f6d008aa,ACC6488854841,TRANSFER,541.87,INR,2026-09-19T05:07:45.398Z,POS,SUCCESS,OTHER,Jaipur,DEV-a9b80334,synthetic-generator,5,1021.0524999999999,12,0,3,1,False,True,False,False,True,False,3,"TRANSACTION_BURST,NEW_DEVICE",False,2026-09-19T05:07:45.398Z
TXN-9df6f3b2-1eb5-4812-a8b8-4fcbeb8e7555,ACC7635473142,ATM_WITHDRAWAL,6476.14,INR,2026-09-19T05:07:45.398Z,BRANCH,SUCCESS,DINING,Kolkata,DEV-f334152f,synthetic-generator,5,1023.3171428571429,14,5,2,1,True,True,False,False,True,False,5,"HIGH_AMOUNT,TRANSACTION_BURST,NEW_DEVICE",True,2026-09-19T05:07:45.398Z
TXN-4bef1345-f672-43a8-8168-efdc937c66c5,ACC1083651970,BILL_PAYMENT,9925.46,INR,2026-09-19T05:07:45.398Z,MOBILE,SUCCESS,FUEL,Hyderabad,DEV-1b315130,synthetic-generator,5,2311.6264285714287,14,0,1,1,True,True,False,False,False,False,4,"HIGH_AMOUNT,TRANSACTION_BURST",False,2026-09-19T05:07:45.398Z
TXN-f12c4d69-b006-49f9-95cf-8654fe633396,ACC2812140441,DEPOSIT,599.72,INR,2026-09-19T05:07:45.398Z,POS,SUCCESS,HEALTHCARE,Bengaluru,DEV-aed50fce,synthetic-generator,5,587.2391176470588,34,5,1,3,False,True,False,True,False,False,4,"TRANSACTION_BURST,LOCATION_JUMP",False,2026-09-19T05:07:45.398Z
TXN-22d7c05b-15a8-42c1-8b4a-949e909515c0,ACC2181241943,DEPOSIT,5718.63,INR,2026-09-19T05:07:45.398Z,WEB,SUCCESS,EDUCATION,Hyderabad,DEV-f6824ffe,synthetic-generator,5,2125.5550000000003,8,0,1,1,False,False,False,False,False,False,0,,False,2026-09-19T05:07:45.398Z
TXN-39895f93-6afe-48fa-b571-a489e97b1265,ACC5728765136,UPI_PAYMENT,3216.47,INR,2026-09-19T05:07:45.398Z,UPI,SUCCESS,GROCERY,Pune,DEV-0f259406,synthetic-generator,5,4346.4825,8,0,3,1,False,False,False,False,True,False,1,NEW_DEVICE,False,2026-09-19T05:07:45.398Z
TXN-4db2fdca-a874-4c27-b6f9-1d7033f13c1e,ACC1958682846,TRANSFER,650.01,INR,2026-09-19T05:07:45.398Z,WEB,SUCCESS,UTILITIES,Hyderabad,DEV-fbcc1e1f,synthetic-generator,5,1994.2518181818182,11,0,1,1,False,True,False,False,False,False,2,TRANSACTION_BURST,False,2026-09-19T05:07:45.398Z
TXN-d4003df2-fae6-4092-ac43-45d53d067a29,ACC7146318035,DEPOSIT,1746.82,INR,2026-09-19T05:07:45.398Z,WEB,SUCCESS,UTILITIES,Ahmedabad,DEV-84cbc591,synthetic-generator,5,1293.822,10,1,1,3,False,True,False,True,False,False,4,"TRANSACTION_BURST,LOCATION_JUMP",False,2026-09-19T05:07:45.398Z
TXN-4b2e9989-c640-4eee-93da-4d1197ee2ff7,ACC9963334018,CARD_PAYMENT,1506.32,INR,2026-09-19T05:07:45.398Z,ATM,SUCCESS,GROCERY,Delhi,DEV-64631af6,synthetic-generator,5,536.0754545454546,33,6,1,1,False,True,False,False,False,False,2,TRANSACTION_BURST,False,2026-09-19T05:07:45.398Z
TXN-a4bace99-0c96-46c4-912c-ab526b645d6a,ACC1945826486,ATM_WITHDRAWAL,285.18,INR,2026-09-19T05:07:45.398Z,BRANCH,SUCCESS,FUEL,Delhi,DEV-6de9cd15,synthetic-generator,5,1154.3345,20,0,3,3,False,True,False,True,True,False,5,"TRANSACTION_BURST,LOCATION_JUMP,NEW_DEVICE",True,2026-09-19T05:07:45.398Z
TXN-481fbf1f-f962-4e52-8d75-6e8394f0f4c6,ACC1422701550,UPI_PAYMENT,794.35,INR,2026-09-19T05:07:45.398Z,ATM,SUCCESS,TRAVEL,Hyderabad,DEV-fd172124,synthetic-generator,5,1569.0040000000001,10,0,2,1,False,True,False,False,True,False,3,"TRANSACTION_BURST,NEW_DEVICE",False,2026-09-19T05:07:45.398Z
TXN-ac79e035-88de-4fd1-a813-661805033e29,ACC1817804383,ATM_WITHDRAWAL,74.98,INR,2026-09-19T05:07:45.398Z,UPI,SUCCESS,ENTERTAINMENT,Jaipur,DEV-887d5b21,synthetic-generator,5,605.3580000000001,30,5,3,3,False,True,False,True,True,False,5,"TRANSACTION_BURST,LOCATION_JUMP,NEW_DEVICE",True,2026-09-19T05:07:45.398Z
TXN-191b3de6-ff16-49a9-b927-bbd43ea043aa,ACC4460967357,UPI_PAYMENT,291.93,INR,2026-09-19T05:07:45.398Z,WEB,FAILED,HEALTHCARE,Mumbai,DEV-c1b63ec1,synthetic-generator,5,941.7589473684211,19,12,3,1,False,True,True,False,True,False,5,"TRANSACTION_BURST,REPEATED_FAILURES,NEW_DEVICE",True,2026-09-19T05:07:45.398Z
TXN-66c04db9-ded9-4f7e-abc0-a0cfd1f9836d,ACC1945826486,UPI_PAYMENT,2053.78,INR,2026-09-19T05:07:45.398Z,POS,SUCCESS,FUEL,Chennai,DEV-d51b1938,synthetic-generator,5,1154.3345,20,0,3,3,False,True,False,True,True,False,5,"TRANSACTION_BURST,LOCATION_JUMP,NEW_DEVICE",True,2026-09-19T05:07:45.398Z
TXN-92b421bd-98cf-4a4a-902e-e4801a1fc700,ACC3479708607,DEPOSIT,2318.51,INR,2026-09-19T05:07:45.398Z,UPI,SUCCESS,OTHER,Ahmedabad,DEV-148b692d,synthetic-generator,5,2299.897619047619,21,1,3,1,False,True,False,False,True,False,3,"TRANSACTION_BURST,NEW_DEVICE",False,2026-09-19T05:07:45.398Z
TXN-49b76247-e2bb-4797-97a4-3a5afbccaedf,ACC2351531223,UPI_PAYMENT,265.85,INR,2026-09-19T05:07:45.398Z,BRANCH,SUCCESS,HEALTHCARE,Hyderabad,DEV-201dde4d,synthetic-generator,5,331.96,6,0,3,1,False,False,False,False,True,False,1,NEW_DEVICE,False,2026-09-19T05:07:45.398Z
TXN-14714391-e6ef-4229-9cb8-045eebd82f54,ACC5774080233,DEPOSIT,134.66,INR,2026-09-19T05:07:45.398Z,MOBILE,SUCCESS,GOVERNMENT,Chennai,DEV-a9310803,synthetic-generator,5,369.478,15,1,3,3,False,True,False,True,True,False,5,"TRANSACTION_BURST,LOCATION_JUMP,NEW_DEVICE",True,2026-09-19T05:07:45.398Z
TXN-51964e8e-67ca-44a4-aaba-bad95472003a,ACC1939042955,UPI_PAYMENT,490.72,INR,2026-09-19T05:07:45.398Z,BRANCH,SUCCESS,FINANCIAL_SERVICES,Delhi,DEV-9a48534f,synthetic-generator,5,437.26181818181817,22,4,2,1,False,True,False,False,True,False,3,"TRANSACTION_BURST,NEW_DEVICE",False,2026-09-19T05:07:45.398Z
TXN-22de271b-788f-480a-926c-d90b54a3e5f2,ACC5710360983,UPI_PAYMENT,886.25,INR,2026-09-19T05:07:45.398Z,WEB,SUCCESS,HEALTHCARE,Pune,DEV-a21a502a,synthetic-generator,5,1179.485,12,0,1,1,False,True,False,False,False,False,2,TRANSACTION_BURST,False,2026-09-19T05:07:45.398Z
TXN-6c891889-c815-4a3e-9d9b-04ac2a0399f9,ACC7517938612,DEPOSIT,888.4,INR,2026-09-19T05:07:45.398Z,UPI,SUCCESS,HEALTHCARE,Pune,DEV-3a54fd68,synthetic-generator,5,1835.2130769230769,13,0,2,4,False,True,False,True,True,False,5,"TRANSACTION_BURST,LOCATION_JUMP,NEW_DEVICE",True,2026-09-19T05:07:45.398Z
TXN-d0a5c58e-94d6-49fc-ad74-1034d5a6f30d,ACC8293453178,UPI_PAYMENT,221.27,INR,2026-09-19T05:07:45.398Z,ATM,SUCCESS,EDUCATION,Chennai,DEV-38c360f7,synthetic-generator,5,471.825,12,2,1,1,False,True,False,False,False,False,2,TRANSACTION_BURST,False,2026-09-19T05:07:45.398Z
TXN-a18a1291-4312-4bdc-a33a-040b386bf17b,ACC1422701550,REFUND,2564.32,INR,2026-09-19T05:07:45.398Z,MOBILE,SUCCESS,GOVERNMENT,Hyderabad,DEV-fd172124,synthetic-generator,5,1569.0040000000001,10,0,2,1,False,True,False,False,True,False,3,"TRANSACTION_BURST,NEW_DEVICE",False,2026-09-19T05:07:45.398Z
TXN-3a609053-ef83-4f95-bb5f-778c2afff1d9,ACC8934927891,DEPOSIT,317.98,INR,2026-09-19T05:07:45.398Z,BRANCH,SUCCESS,FUEL,Jaipur,DEV-29c782ee,synthetic-generator,5,280.422,5,1,2,1,False,False,False,False,True,False,1,NEW_DEVICE,False,2026-09-19T05:07:45.398Z
TXN-966cce86-3c98-4ab4-8dc1-926d0c43f874,ACC8987073217,BILL_PAYMENT,344.92,INR,2026-09-19T05:07:45.398Z,WEB,FAILED,OTHER,Ahmedabad,DEV-11745ca7,synthetic-generator,5,806.3833333333333,12,1,3,1,False,True,False,False,True,False,3,"TRANSACTION_BURST,NEW_DEVICE",False,2026-09-19T05:07:45.398Z
TXN-491ce2fb-a090-4ff9-81b1-855fb3e6daf5,ACC4289233844,CARD_PAYMENT,984.95,INR,2026-09-19T05:07:45.398Z,WEB,SUCCESS,FUEL,Hyderabad,DEV-0d90d34d,synthetic-generator,5,1004.2819999999999,15,2,1,3,False,True,False,True,False,False,4,"TRANSACTION_BURST,LOCATION_JUMP",False,2026-09-19T05:07:45.398Z
TXN-fef224c1-cb49-4204-85c3-cb81b4b9a935,ACC9703905715,ATM_WITHDRAWAL,3453.38,INR,2026-09-19T05:07:45.398Z,UPI,SUCCESS,TRAVEL,Hyderabad,DEV-6387f5a3,synthetic-generator,5,1864.245263157895,19,1,1,1,False,True,False,False,False,False,2,TRANSACTION_BURST,False,2026-09-19T05:07:45.398Z
TXN-8146bcb2-a995-49ba-9eeb-b4b5363da859,ACC8168204967,BILL_PAYMENT,328.33,INR,2026-09-19T05:07:45.398Z,WEB,SUCCESS,ENTERTAINMENT,Mumbai,DEV-334d6216,synthetic-generator,5,4539.6975,8,0,1,1,False,False,False,False,False,False,0,,False,2026-09-19T05:07:45.398Z
TXN-5ca8be67-895d-4691-89ad-4cbbdbe87512,ACC2625792787,ATM_WITHDRAWAL,3786.04,INR,2026-09-19T05:07:45.398Z,MOBILE,PENDING,OTHER,Jaipur,DEV-ace75fb8,synthetic-generator,5,4126.750769230769,13,0,1,1,False,True,False,False,False,False,2,TRANSACTION_BURST,False,2026-09-19T05:07:45.398Z
TXN-56744ee7-df5f-4c23-bb07-8c2130e4309f,ACC5284391408,REFUND,633.17,INR,2026-09-19T05:07:45.398Z,UPI,SUCCESS,EDUCATION,Lucknow,DEV-16fa3ada,synthetic-generator,5,337.99555555555554,9,0,2,5,False,True,False,True,True,False,5,"TRANSACTION_BURST,LOCATION_JUMP,NEW_DEVICE",True,2026-09-19T05:07:45.398Z
TXN-e85a9cc2-8fb7-49b3-a709-5c39a20bb622,ACC7805745017,DEPOSIT,283.61,INR,2026-09-19T05:07:45.398Z,POS,SUCCESS,HEALTHCARE,Chennai,DEV-472a88df,synthetic-generator,5,806.7152173913043,23,1,2,1,False,True,False,False,True,False,3,"TRANSACTION_BURST,NEW_DEVICE",False,2026-09-19T05:07:45.398Z
TXN-784de359-5c36-4f95-84e3-5cc77623e867,ACC1983297492,TRANSFER,926.82,INR,2026-09-19T05:07:45.398Z,ATM,SUCCESS,GOVERNMENT,Pune,DEV-0a2bbaa5,synthetic-generator,5,1565.950909090909,11,2,2,1,False,True,False,False,True,False,3,"TRANSACTION_BURST,NEW_DEVICE",False,2026-09-19T05:07:45.398Z
TXN-8699e305-c769-4edd-a129-b20354255fcf,ACC5067116918,UPI_PAYMENT,6478.61,INR,2026-09-19T05:07:45.398Z,BRANCH,FAILED,ENTERTAINMENT,Mumbai,DEV-9f2754c0,synthetic-generator,5,2291.2725,8,1,3,1,False,False,False,False,True,False,1,NEW_DEVICE,False,2026-09-19T05:07:45.398Z
TXN-d570f5bd-8502-4943-b183-a0fdf6b969c1,ACC3392080953,REFUND,703.49,INR,2026-09-19T05:07:45.398Z,UPI,FAILED,TRAVEL,Ahmedabad,DEV-16de0ab5,synthetic-generator,5,1303.0548387096774,31,7,2,1,False,True,True,False,True,False,5,"TRANSACTION_BURST,REPEATED_FAILURES,NEW_DEVICE",True,2026-09-19T05:07:45.398Z
TXN-0bc76f8e-0dad-4c60-9cd7-19e1da18f033,ACC1958682846,REFUND,558.52,INR,2026-09-19T05:07:45.398Z,MOBILE,SUCCESS,GOVERNMENT,Hyderabad,DEV-fbcc1e1f,synthetic-generator,5,1994.2518181818182,11,0,1,1,False,True,False,False,False,False,2,TRANSACTION_BURST,False,2026-09-19T05:07:45.398Z
TXN-e184ab2f-3239-4352-b269-506c614671c3,ACC8168204967,ATM_WITHDRAWAL,5389.55,INR,2026-09-19T05:07:45.398Z,MOBILE,SUCCESS,FINANCIAL_SERVICES,Mumbai,DEV-334d6216,synthetic-generator,5,4539.6975,8,0,1,1,False,False,False,False,False,False,0,,False,2026-09-19T05:07:45.398Z
TXN-3c9447a8-6513-4856-9296-844e414d5d5d,ACC1817804383,TRANSFER,374.99,INR,2026-09-19T05:07:45.398Z,WEB,SUCCESS,TRAVEL,Jaipur,DEV-648b28d5,synthetic-generator,5,605.3580000000001,30,5,3,3,False,True,False,True,True,False,5,"TRANSACTION_BURST,LOCATION_JUMP,NEW_DEVICE",True,2026-09-19T05:07:45.398Z
TXN-210845c0-d5fc-4d3e-ba6a-35b1bde03e97,ACC6633778586,REFUND,2954.14,INR,2026-09-19T05:07:45.398Z,UPI,SUCCESS,FINANCIAL_SERVICES,Delhi,DEV-e1e0b7a0,synthetic-generator,5,1848.8355555555556,9,0,2,1,False,True,False,False,True,False,3,"TRANSACTION_BURST,NEW_DEVICE",False,2026-09-19T05:07:45.398Z
TXN-0ff0d697-2afc-4b5c-9933-ecdad15acf54,ACC6633778586,UPI_PAYMENT,2943.9,INR,2026-09-19T05:07:45.398Z,WEB,SUCCESS,UTILITIES,Delhi,DEV-e1e0b7a0,synthetic-generator,5,1848.8355555555556,9,0,2,1,False,True,False,False,True,False,3,"TRANSACTION_BURST,NEW_DEVICE",False,2026-09-19T05:07:45.398Z
TXN-96fb9b37-2f87-47b0-aced-e07378b8602c,ACC7114223633,REFUND,746.69,INR,2026-09-19T05:07:45.398Z,UPI,SUCCESS,GOVERNMENT,Hyderabad,DEV-efee7601,synthetic-generator,5,5201.48875,16,0,3,4,False,True,False,True,True,False,5,"TRANSACTION_BURST,LOCATION_JUMP,NEW_DEVICE",True,2026-09-19T05:07:45.398Z
TXN-87196494-8a08-4e45-9f60-3d16b3471518,ACC9786748825,REFUND,882.85,INR,2026-09-19T05:07:45.398Z,ATM,SUCCESS,ECOMMERCE,Hyderabad,DEV-e8cd1fd2,synthetic-generator,5,1400.3655555555556,18,5,1,3,False,True,False,True,False,False,4,"TRANSACTION_BURST,LOCATION_JUMP",False,2026-09-19T05:07:45.398Z
TXN-984557e4-0173-4a10-bfd3-fba29037dc7f,ACC1667779376,REFUND,416.14,INR,2026-09-19T05:07:45.398Z,UPI,PENDING,TRAVEL,Chennai,DEV-0b12de18,synthetic-generator,5,548.3466666666667,15,5,3,1,False,True,False,False,True,False,3,"TRANSACTION_BURST,NEW_DEVICE",False,2026-09-19T05:07:45.398Z
TXN-0c1b20af-448c-4690-a8a2-d5226443b82a,ACC5774080233,REFUND,129.22,INR,2026-09-19T05:07:45.398Z,BRANCH,SUCCESS,GOVERNMENT,Chennai,DEV-a9310803,synthetic-generator,5,369.478,15,1,3,3,False,True,False,True,True,False,5,"TRANSACTION_BURST,LOCATION_JUMP,NEW_DEVICE",True,2026-09-19T05:07:45.398Z
TXN-feb0eb78-baef-46d6-a24c-fed010c5e55d,ACC3710566582,CARD_PAYMENT,385.8,INR,2026-09-19T05:07:45.398Z,MOBILE,SUCCESS,TRAVEL,Pune,DEV-0b88904d,synthetic-generator,5,886.235,8,0,2,3,False,False,False,True,True,False,3,"LOCATION_JUMP,NEW_DEVICE",False,2026-09-19T05:07:45.398Z
TXN-a706f959-3686-453e-af65-548ae6c4e5c7,ACC8293453178,REFUND,544.75,INR,2026-09-19T05:07:45.398Z,ATM,SUCCESS,TRAVEL,Chennai,DEV-38c360f7,synthetic-generator,5,471.825,12,2,1,1,False,True,False,False,False,False,2,TRANSACTION_BURST,False,2026-09-19T05:07:45.398Z
TXN-f7830035-8d5c-4dc6-b874-8de4a2ba1e61,ACC1248786714,REFUND,366.66,INR,2026-09-19T05:07:45.398Z,UPI,SUCCESS,GROCERY,Chennai,DEV-82491810,synthetic-generator,5,392.5536363636364,11,0,2,2,False,True,False,True,True,False,5,"TRANSACTION_BURST,LOCATION_JUMP,NEW_DEVICE",True,2026-09-19T05:07:45.398Z
TXN-0c11c7f2-2b2c-45b7-8cdb-2cfa129a865c,ACC1519709079,BILL_PAYMENT,380.48,INR,2026-09-19T05:07:45.398Z,WEB,REVERSED,ECOMMERCE,Lucknow,DEV-7b3b6710,synthetic-generator,5,374.24260869565217,23,2,3,1,False,True,False,False,True,False,3,"TRANSACTION_BURST,NEW_DEVICE",False,2026-09-19T05:07:45.398Z
TXN-d5ebe4e1-171d-4825-80ce-0a7116695a6e,ACC8995970241,REFUND,264.91,INR,2026-09-19T05:07:45.398Z,WEB,SUCCESS,GROCERY,Mumbai,DEV-59aae877,synthetic-generator,5,634.364,10,2,2,1,False,True,False,False,True,False,3,"TRANSACTION_BURST,NEW_DEVICE",False,2026-09-19T05:07:45.398Z
TXN-3699b0b6-ac0d-40e1-95eb-af13c3e4d1d9,ACC8047877267,ATM_WITHDRAWAL,246.71,INR,2026-09-19T05:07:45.398Z,ATM,SUCCESS,EDUCATION,Jaipur,DEV-6864daf6,synthetic-generator,5,1046.5081818181818,22,2,2,3,False,True,False,True,True,False,5,"TRANSACTION_BURST,LOCATION_JUMP,NEW_DEVICE",True,2026-09-19T05:07:45.398Z
TXN-d0855a5d-fb6e-4ddc-a334-a0a66ba01981,ACC9894264595,BILL_PAYMENT,717.0,INR,2026-09-19T05:07:45.398Z,UPI,SUCCESS,HEALTHCARE,Delhi,DEV-b1e5726c,synthetic-generator,5,1252.0023076923076,13,0,1,1,False,True,False,False,False,False,2,TRANSACTION_BURST,False,2026-09-19T05:07:45.398Z
TXN-077c1272-d75b-4cd5-af2c-5dc56eeb8367,ACC6488854841,DEPOSIT,1046.0,INR,2026-09-19T05:07:45.398Z,UPI,SUCCESS,GOVERNMENT,Jaipur,DEV-cfeb2596,synthetic-generator,5,1021.0524999999999,12,0,3,1,False,True,False,False,True,False,3,"TRANSACTION_BURST,NEW_DEVICE",False,2026-09-19T05:07:45.398Z
TXN-596721b6-3c3a-471c-9afa-d3fb27c1f661,ACC4131356954,CARD_PAYMENT,2212.32,INR,2026-09-19T05:07:45.398Z,ATM,FAILED,GOVERNMENT,Bengaluru,DEV-1619970c,synthetic-generator,5,1310.4152380952382,21,6,3,1,False,True,True,False,True,False,5,"TRANSACTION_BURST,REPEATED_FAILURES,NEW_DEVICE",True,2026-09-19T05:07:45.398Z
TXN-2213ef1a-6ee7-4edf-b65b-afec772a30ad,ACC2137651678,UPI_PAYMENT,2648.28,INR,2026-09-19T05:07:45.398Z,POS,SUCCESS,GOVERNMENT,Jaipur,DEV-5060cefa,synthetic-generator,5,1534.6319047619047,21,1,2,1,False,True,False,False,True,False,3,"TRANSACTION_BURST,NEW_DEVICE",False,2026-09-19T05:07:45.398Z
TXN-aef2cca3-63e6-430d-9631-a9e87f83b228,ACC7887950851,BILL_PAYMENT,3095.43,INR,2026-09-19T05:07:45.398Z,MOBILE,SUCCESS,HEALTHCARE,Jaipur,DEV-1ea79939,synthetic-generator,5,1294.8766666666668,6,0,3,1,False,False,False,False,True,False,1,NEW_DEVICE,False,2026-09-19T05:07:45.398Z
TXN-82c62a4b-11b2-4f5d-bfd4-46434d0b8eec,ACC2181241943,ATM_WITHDRAWAL,8296.15,INR,2026-09-19T05:07:45.398Z,MOBILE,SUCCESS,ECOMMERCE,Hyderabad,DEV-f6824ffe,synthetic-generator,5,2125.5550000000003,8,0,1,1,True,False,False,False,False,False,2,HIGH_AMOUNT,False,2026-09-19T05:07:45.398Z
TXN-5debbef3-4406-4434-abbc-7bbc247d9aa7,ACC2149938334,UPI_PAYMENT,909.02,INR,2026-09-19T05:07:45.398Z,UPI,SUCCESS,HEALTHCARE,Mumbai,DEV-b05f46f5,synthetic-generator,5,1112.317,20,1,1,1,False,True,False,False,False,False,2,TRANSACTION_BURST,False,2026-09-19T05:07:45.398Z
TXN-6c81e517-b3ed-437e-8a78-678595dbd023,ACC2812140441,UPI_PAYMENT,153.22,INR,2026-09-19T05:07:45.398Z,BRANCH,FAILED,HEALTHCARE,Lucknow,DEV-aed50fce,synthetic-generator,5,587.2391176470588,34,5,1,3,False,True,True,True,False,False,6,"TRANSACTION_BURST,REPEATED_FAILURES,LOCATION_JUMP",True,2026-09-19T05:07:45.398Z
TXN-9ca31593-771c-445c-b38b-04403bfcb491,ACC8995970241,TRANSFER,178.76,INR,2026-09-19T05:07:45.398Z,ATM,FAILED,TRAVEL,Mumbai,DEV-59aae877,synthetic-generator,5,634.364,10,2,2,1,False,True,False,False,True,False,3,"TRANSACTION_BURST,NEW_DEVICE",False,2026-09-19T05:07:45.398Z
TXN-4ea0b5e3-af5d-45d9-a5ff-f0d9c8bb7ff5,ACC4332894265,BILL_PAYMENT,1105.27,INR,2026-09-19T05:07:45.398Z,ATM,SUCCESS,ECOMMERCE,Hyderabad,DEV-70525b5f,synthetic-generator,5,1390.5892307692307,13,0,1,1,False,True,False,False,False,False,2,TRANSACTION_BURST,False,2026-09-19T05:07:45.398Z
TXN-221da964-cdbc-4f37-bc53-20146c027bc3,ACC4460967357,REFUND,493.68,INR,2026-09-19T05:07:45.398Z,POS,SUCCESS,GROCERY,Mumbai,DEV-d3bce23d,synthetic-generator,5,941.7589473684211,19,12,3,1,False,True,False,False,True,False,3,"TRANSACTION_BURST,NEW_DEVICE",False,2026-09-19T05:07:45.398Z
TXN-1eb241ae-80b4-4c31-95e1-9c650891e430,ACC8429141456,TRANSFER,330.26,INR,2026-09-19T05:07:45.398Z,BRANCH,SUCCESS,ENTERTAINMENT,Jaipur,DEV-babb5efb,synthetic-generator,5,1572.8690000000001,10,5,2,1,False,True,False,False,True,False,3,"TRANSACTION_BURST,NEW_DEVICE",False,2026-09-19T05:07:45.398Z
TXN-47fe62c3-b4a1-43ce-8e28-3356ed6e0143,ACC9957813353,REFUND,485.93,INR,2026-09-19T05:07:45.398Z,BRANCH,FAILED,EDUCATION,Kolkata,DEV-d446b394,synthetic-generator,5,1681.8311111111113,9,1,1,1,False,True,False,False,False,False,2,TRANSACTION_BURST,False,2026-09-19T05:07:45.398Z
TXN-a416c8b2-bfa4-4505-a7cf-325f509545b0,ACC4332894265,UPI_PAYMENT,690.72,INR,2026-09-19T05:07:45.398Z,POS,SUCCESS,OTHER,Hyderabad,DEV-70525b5f,synthetic-generator,5,1390.5892307692307,13,0,1,1,False,True,False,False,False,False,2,TRANSACTION_BURST,False,2026-09-19T05:07:45.398Z
TXN-a3f46b8a-ae24-4151-99e7-d8665c89e90d,ACC7805745017,ATM_WITHDRAWAL,393.52,INR,2026-09-19T05:07:45.398Z,POS,SUCCESS,GROCERY,Chennai,DEV-472a88df,synthetic-generator,5,806.7152173913043,23,1,2,1,False,True,False,False,True,False,3,"TRANSACTION_BURST,NEW_DEVICE",False,2026-09-19T05:07:45.398Z
TXN-7f82f5fc-6f24-4b1e-b19a-ec031e801cc3,ACC2566942273,REFUND,399.13,INR,2026-09-19T05:07:45.398Z,POS,SUCCESS,GROCERY,Kolkata,DEV-18e6ece8,synthetic-generator,5,250.60399999999998,10,0,1,5,False,True,False,True,False,False,4,"TRANSACTION_BURST,LOCATION_JUMP",False,2026-09-19T05:07:45.398Z
TXN-fc6a586b-d430-47a2-acbc-a414de8ae09a,ACC3361388464,ATM_WITHDRAWAL,1189.38,INR,2026-09-19T05:07:45.399Z,WEB,SUCCESS,HEALTHCARE,Kolkata,DEV-05bc5ef2,synthetic-generator,5,1572.1863636363635,11,1,2,1,False,True,False,False,True,False,3,"TRANSACTION_BURST,NEW_DEVICE",False,2026-09-19T05:07:45.399Z
TXN-f0dbcea9-d5a2-47f1-b98e-d8d90a2b9ef0,ACC8664882079,BILL_PAYMENT,1465.65,INR,2026-09-19T05:07:45.399Z,POS,SUCCESS,TRAVEL,Ahmedabad,DEV-505e84a3,synthetic-generator,5,939.0833333333334,6,0,3,1,False,False,False,False,True,False,1,NEW_DEVICE,False,2026-09-19T05:07:45.399Z
TXN-4aae022f-7c68-4f20-a7de-f260a37baf7d,ACC4274958945,BILL_PAYMENT,3942.68,INR,2026-09-19T05:07:45.399Z,BRANCH,SUCCESS,EDUCATION,Delhi,DEV-08e91dd6,synthetic-generator,5,2052.52,7,0,3,1,False,False,False,False,True,False,1,NEW_DEVICE,False,2026-09-19T05:07:45.399Z
TXN-b596d88e-a030-4deb-902d-4ae4286f8acb,ACC6884882440,REFUND,679.22,INR,2026-09-19T05:07:45.399Z,WEB,SUCCESS,TRAVEL,Mumbai,DEV-d32dd4f1,synthetic-generator,5,543.7458823529412,34,7,3,1,False,True,False,False,True,False,3,"TRANSACTION_BURST,NEW_DEVICE",False,2026-09-19T05:07:45.399Z
TXN-489b6987-b34b-49fc-bc51-31fb4f058cb0,ACC4919706735,UPI_PAYMENT,988.53,INR,2026-09-19T05:07:45.399Z,WEB,SUCCESS,ENTERTAINMENT,Pune,DEV-d0c12ede,synthetic-generator,5,1111.4066666666668,9,0,2,1,False,True,False,False,True,False,3,"TRANSACTION_BURST,NEW_DEVICE",False,2026-09-19T05:07:45.399Z
TXN-a2ee6ce0-0d74-4234-9248-ab4862e36922,ACC1958682846,TRANSFER,1042.34,INR,2026-09-19T05:07:45.399Z,ATM,SUCCESS,TRAVEL,Hyderabad,DEV-fbcc1e1f,synthetic-generator,5,1994.2518181818182,11,0,1,1,False,True,False,False,False,False,2,TRANSACTION_BURST,False,2026-09-19T05:07:45.399Z
TXN-1de1ba41-15a1-433b-b094-9c6d5055a437,ACC8086172302,ATM_WITHDRAWAL,201.65,INR,2026-09-19T05:07:45.399Z,WEB,SUCCESS,HEALTHCARE,Mumbai,DEV-e112d1d0,synthetic-generator,5,3426.0128571428572,7,0,2,1,False,False,False,False,True,False,1,NEW_DEVICE,False,2026-09-19T05:07:45.399Z
TXN-1e2e180d-ddab-455b-9223-50fbf5a601ef,ACC2149938334,UPI_PAYMENT,1820.68,INR,2026-09-19T05:07:45.399Z,ATM,SUCCESS,ENTERTAINMENT,Mumbai,DEV-b05f46f5,synthetic-generator,5,1112.317,20,1,1,1,False,True,False,False,False,False,2,TRANSACTION_BURST,False,2026-09-19T05:07:45.399Z
TXN-dd709c3a-7e80-4c73-9470-f33c775360db,ACC7805745017,TRANSFER,195.07,INR,2026-09-19T05:07:45.399Z,MOBILE,SUCCESS,OTHER,Chennai,DEV-1d03c6d5,synthetic-generator,5,806.7152173913043,23,1,2,1,False,True,False,False,True,False,3,"TRANSACTION_BURST,NEW_DEVICE",False,2026-09-19T05:07:45.399Z
TXN-8d811eaa-aa80-4c0e-8023-984d8449070f,ACC3710566582,TRANSFER,1243.97,INR,2026-09-19T05:07:45.399Z,POS,SUCCESS,DINING,Ahmedabad,DEV-0b88904d,synthetic-generator,5,886.235,8,0,2,3,False,False,False,True,True,False,3,"LOCATION_JUMP,NEW_DEVICE",False,2026-09-19T05:07:45.399Z
TXN-58e2084f-19f1-4821-b86d-b21052f1d7c0,ACC8086172302,REFUND,123.72,INR,2026-09-19T05:07:45.399Z,ATM,SUCCESS,HEALTHCARE,Mumbai,DEV-e112d1d0,synthetic-generator,5,3426.0128571428572,7,0,2,1,False,False,False,False,True,False,1,NEW_DEVICE,False,2026-09-19T05:07:45.399Z
TXN-4408a5eb-31a5-44d6-b9a8-8af8bd41ca3f,ACC1248786714,CARD_PAYMENT,997.72,INR,2026-09-19T05:07:45.399Z,MOBILE,SUCCESS,ENTERTAINMENT,Chennai,DEV-97677b4d,synthetic-generator,5,392.5536363636364,11,0,2,2,False,True,False,True,True,False,5,"TRANSACTION_BURST,LOCATION_JUMP,NEW_DEVICE",True,2026-09-19T05:07:45.399Z
TXN-53142529-94e6-4562-ac0e-bb492000254b,ACC6687206971,REFUND,234.75,INR,2026-09-19T05:07:45.399Z,WEB,SUCCESS,GROCERY,Mumbai,DEV-a607110c,synthetic-generator,5,589.6045833333334,24,9,1,1,False,True,False,False,False,False,2,TRANSACTION_BURST,False,2026-09-19T05:07:45.399Z
TXN-7863f3c6-f13d-4ddc-b01b-15caf4ee8169,ACC1422701550,DEPOSIT,953.06,INR,2026-09-19T05:07:45.399Z,WEB,SUCCESS,FINANCIAL_SERVICES,Hyderabad,DEV-a8ac3a34,synthetic-generator,5,1569.0040000000001,10,0,2,1,False,True,False,False,True,False,3,"TRANSACTION_BURST,NEW_DEVICE",False,2026-09-19T05:07:45.399Z
TXN-002a0c29-8459-49fc-9e3b-7c1cfe8e3df3,ACC8047877267,TRANSFER,1555.04,INR,2026-09-19T05:07:45.399Z,UPI,FAILED,FINANCIAL_SERVICES,Jaipur,DEV-c12fe6a2,synthetic-generator,5,1046.5081818181818,22,2,2,3,False,True,False,True,True,False,5,"TRANSACTION_BURST,LOCATION_JUMP,NEW_DEVICE",True,2026-09-19T05:07:45.399Z
TXN-cd642208-2430-413c-8500-b1fe17c5618f,ACC8047877267,ATM_WITHDRAWAL,697.3,INR,2026-09-19T05:07:45.399Z,UPI,SUCCESS,EDUCATION,Jaipur,DEV-c12fe6a2,synthetic-generator,5,1046.5081818181818,22,2,2,3,False,True,False,True,True,False,5,"TRANSACTION_BURST,LOCATION_JUMP,NEW_DEVICE",True,2026-09-19T05:07:45.399Z
TXN-f6b64346-0f3f-4fc3-a724-671528789767,ACC7146318035,REFUND,1889.96,INR,2026-09-19T05:07:45.399Z,BRANCH,SUCCESS,FINANCIAL_SERVICES,Mumbai,DEV-84cbc591,synthetic-generator,5,1293.822,10,1,1,3,False,True,False,True,False,False,4,"TRANSACTION_BURST,LOCATION_JUMP",False,2026-09-19T05:07:45.399Z
TXN-e96f5fc0-09cd-4b71-b62f-94662e887c55,ACC5728765136,REFUND,1670.34,INR,2026-09-19T05:07:45.399Z,WEB,SUCCESS,OTHER,Pune,DEV-1a11df3d,synthetic-generator,5,4346.4825,8,0,3,1,False,False,False,False,True,False,1,NEW_DEVICE,False,2026-09-19T05:07:45.399Z
TXN-7f49d4a4-c66f-4c26-bff7-4abb748867c8,ACC9639245200,REFUND,659.41,INR,2026-09-19T05:07:45.399Z,ATM,FAILED,UTILITIES,Jaipur,DEV-852ea1b1,synthetic-generator,5,859.4911111111111,18,1,1,1,False,True,False,False,False,False,2,TRANSACTION_BURST,False,2026-09-19T05:07:45.399Z
TXN-75e9bdb9-7d27-4e1f-a0d6-e37f19d0409b,ACC3783290795,DEPOSIT,3523.89,INR,2026-09-19T05:07:45.399Z,ATM,SUCCESS,GROCERY,Delhi,DEV-7bdf94bd,synthetic-generator,5,2905.393846153846,13,1,3,1,False,True,False,False,True,False,3,"TRANSACTION_BURST,NEW_DEVICE",False,2026-09-19T05:07:45.399Z
TXN-f30f8e64-003e-4666-ad9b-ba5116527c33,ACC9573276057,UPI_PAYMENT,922.55,INR,2026-09-19T05:07:45.399Z,POS,SUCCESS,TRAVEL,Kolkata,DEV-24d0b21a,synthetic-generator,5,1893.443,10,0,3,1,False,True,False,False,True,False,3,"TRANSACTION_BURST,NEW_DEVICE",False,2026-09-19T05:07:45.399Z
TXN-d2fb030d-3337-4400-97cb-b389333b38bc,ACC8664882079,CARD_PAYMENT,1533.1,INR,2026-09-19T05:07:45.399Z,POS,SUCCESS,TRAVEL,Ahmedabad,DEV-07eebe1e,synthetic-generator,5,939.0833333333334,6,0,3,1,False,False,False,False,True,False,1,NEW_DEVICE,False,2026-09-19T05:07:45.399Z
TXN-46045d51-1ae4-4d90-b1e0-435f1deb50d7,ACC4289233844,BILL_PAYMENT,1388.06,INR,2026-09-19T05:07:45.399Z,ATM,FAILED,HEALTHCARE,Hyderabad,DEV-0d90d34d,synthetic-generator,5,1004.2819999999999,15,2,1,3,False,True,False,True,False,False,4,"TRANSACTION_BURST,LOCATION_JUMP",False,2026-09-19T05:07:45.399Z
TXN-36be3e0a-0165-45d2-9ebd-51c5d0f16f84,ACC4332894265,TRANSFER,669.18,INR,2026-09-19T05:07:45.399Z,POS,SUCCESS,GROCERY,Hyderabad,DEV-70525b5f,synthetic-generator,5,1390.5892307692307,13,0,1,1,False,True,False,False,False,False,2,TRANSACTION_BURST,False,2026-09-19T05:07:45.399Z
TXN-7c6f8fc6-8e67-4b63-be0a-4ac81991b348,ACC5728765136,TRANSFER,1926.04,INR,2026-09-19T05:07:45.399Z,MOBILE,SUCCESS,DINING,Pune,DEV-9313d231,synthetic-generator,5,4346.4825,8,0,3,1,False,False,False,False,True,False,1,NEW_DEVICE,False,2026-09-19T05:07:45.399Z
TXN-3e10d892-ccdd-437f-83a4-030f9bea8be1,ACC6241752544,REFUND,289.82,INR,2026-09-19T05:07:45.399Z,MOBILE,SUCCESS,GOVERNMENT,Delhi,DEV-835a70e1,synthetic-generator,5,818.9836363636364,11,0,2,1,False,True,False,False,True,False,3,"TRANSACTION_BURST,NEW_DEVICE",False,2026-09-19T05:07:45.399Z
TXN-e67eae0a-dff4-4e7b-9dab-dde9f293e561,ACC2867302554,REFUND,659.35,INR,2026-09-19T05:07:45.399Z,MOBILE,SUCCESS,ECOMMERCE,Chennai,DEV-3c987226,synthetic-generator,5,1157.8992857142857,14,5,1,1,False,True,False,False,False,False,2,TRANSACTION_BURST,False,2026-09-19T05:07:45.399Z
TXN-9dc2e489-21fb-4855-bd58-76fc43718ecd,ACC4466589567,TRANSFER,1668.73,INR,2026-09-19T05:07:45.399Z,WEB,SUCCESS,UTILITIES,Chennai,DEV-b8a39f4b,synthetic-generator,5,1452.88875,8,1,3,1,False,False,False,False,True,False,1,NEW_DEVICE,False,2026-09-19T05:07:45.399Z
TXN-b92b5cf5-4a20-452e-9186-b7021c5eb83a,ACC5710360983,DEPOSIT,263.18,INR,2026-09-19T05:07:45.399Z,BRANCH,SUCCESS,TRAVEL,Pune,DEV-a21a502a,synthetic-generator,5,1179.485,12,0,1,1,False,True,False,False,False,False,2,TRANSACTION_BURST,False,2026-09-19T05:07:45.399Z
TXN-87848d2f-6231-459f-8a89-335a946a392d,ACC6317189421,BILL_PAYMENT,2210.76,INR,2026-09-19T05:07:45.399Z,BRANCH,SUCCESS,TRAVEL,Hyderabad,DEV-6aa1bf53,synthetic-generator,5,2271.845,6,0,3,1,False,False,False,False,True,False,1,NEW_DEVICE,False,2026-09-19T05:07:45.399Z
TXN-01421e15-b762-4dc8-a74a-6d44d3c08ba7,ACC6756332150,REFUND,952.1,INR,2026-09-19T05:07:45.399Z,BRANCH,SUCCESS,DINING,Ahmedabad,DEV-a5c14ad5,synthetic-generator,5,1154.348,10,0,3,3,False,True,False,True,True,False,5,"TRANSACTION_BURST,LOCATION_JUMP,NEW_DEVICE",True,2026-09-19T05:07:45.399Z
TXN-4c86ae85-4ff4-45a6-b2a7-461e7e35464c,ACC6924716023,BILL_PAYMENT,347.6,INR,2026-09-19T05:07:45.399Z,ATM,SUCCESS,TRAVEL,Delhi,DEV-cda11eca,synthetic-generator,5,1296.8735897435897,39,12,2,2,False,True,False,True,True,False,5,"TRANSACTION_BURST,LOCATION_JUMP,NEW_DEVICE",True,2026-09-19T05:07:45.399Z
TXN-f44af5de-29ae-4396-a99e-247cc345d345,ACC1248786714,ATM_WITHDRAWAL,628.92,INR,2026-09-19T05:07:45.399Z,WEB,SUCCESS,FUEL,Chennai,DEV-97677b4d,synthetic-generator,5,392.5536363636364,11,0,2,2,False,True,False,True,True,False,5,"TRANSACTION_BURST,LOCATION_JUMP,NEW_DEVICE",True,2026-09-19T05:07:45.399Z
TXN-aebad0e1-5f91-40b6-a8cf-bd14f94a434a,ACC9963334018,ATM_WITHDRAWAL,125.5,INR,2026-09-19T05:07:45.399Z,WEB,PENDING,HEALTHCARE,Delhi,DEV-64631af6,synthetic-generator,5,536.0754545454546,33,6,1,1,False,True,False,False,False,False,2,TRANSACTION_BURST,False,2026-09-19T05:07:45.399Z
TXN-d1c45ed2-b350-4aee-8cd8-aa44a951c9d7,ACC2351531223,UPI_PAYMENT,116.26,INR,2026-09-19T05:07:45.399Z,ATM,SUCCESS,TRAVEL,Hyderabad,DEV-201dde4d,synthetic-generator,5,331.96,6,0,3,1,False,False,False,False,True,False,1,NEW_DEVICE,False,2026-09-19T05:07:45.399Z
TXN-2b268533-98d8-4af5-82fc-229452b23a66,ACC6687206971,UPI_PAYMENT,379.37,INR,2026-09-19T05:07:45.399Z,MOBILE,FAILED,ENTERTAINMENT,Mumbai,DEV-a607110c,synthetic-generator,5,589.6045833333334,24,9,1,1,False,True,True,False,False,False,4,"TRANSACTION_BURST,REPEATED_FAILURES",False,2026-09-19T05:07:45.399Z
TXN-768393de-fddd-4457-8bae-8c8c9533a181,ACC5567816720,UPI_PAYMENT,566.74,INR,2026-09-19T05:07:45.399Z,UPI,SUCCESS,HEALTHCARE,Pune,DEV-121f8f93,synthetic-generator,5,365.1275,8,0,2,1,False,False,False,False,True,False,1,NEW_DEVICE,False,2026-09-19T05:07:45.399Z
TXN-19e9c700-2a5a-476d-baec-3e82b3dee8bf,ACC9894847574,UPI_PAYMENT,503.34,INR,2026-09-19T05:07:45.399Z,BRANCH,SUCCESS,HEALTHCARE,Kolkata,DEV-eed3b63b,synthetic-generator,5,1558.878,15,2,2,5,False,True,False,True,True,False,5,"TRANSACTION_BURST,LOCATION_JUMP,NEW_DEVICE",True,2026-09-19T05:07:45.399Z
TXN-008c9852-8288-4e13-8c48-bc1a8856d8fe,ACC9894264595,DEPOSIT,201.33,INR,2026-09-19T05:07:45.399Z,BRANCH,SUCCESS,GROCERY,Delhi,DEV-b1e5726c,synthetic-generator,5,1252.0023076923076,13,0,1,1,False,True,False,False,False,False,2,TRANSACTION_BURST,False,2026-09-19T05:07:45.399Z
TXN-d82b6f7d-39cb-4a22-b605-f09512ce5d7e,ACC2137651678,DEPOSIT,377.35,INR,2026-09-19T05:07:45.399Z,ATM,SUCCESS,TRAVEL,Jaipur,DEV-3571438e,synthetic-generator,5,1534.6319047619047,21,1,2,1,False,True,False,False,True,False,3,"TRANSACTION_BURST,NEW_DEVICE",False,2026-09-19T05:07:45.399Z
TXN-773d5459-525f-4ee2-8e9b-e892875aa51a,ACC1939042955,BILL_PAYMENT,155.28,INR,2026-09-19T05:07:45.399Z,ATM,SUCCESS,GOVERNMENT,Delhi,DEV-9a48534f,synthetic-generator,5,437.26181818181817,22,4,2,1,False,True,False,False,True,False,3,"TRANSACTION_BURST,NEW_DEVICE",False,2026-09-19T05:07:45.399Z
TXN-95835a1d-9bb9-4af8-a790-1ac78960f17c,ACC3615507143,DEPOSIT,769.41,INR,2026-09-19T05:07:45.399Z,UPI,SUCCESS,FINANCIAL_SERVICES,Bengaluru,DEV-5e101f0d,synthetic-generator,5,1016.8924999999999,8,0,1,2,False,False,False,True,False,False,2,LOCATION_JUMP,False,2026-09-19T05:07:45.399Z
TXN-f7f5c382-dbb5-4e65-b516-cf746ca78c54,ACC2149938334,UPI_PAYMENT,703.41,INR,2026-09-19T05:07:45.399Z,UPI,SUCCESS,FINANCIAL_SERVICES,Mumbai,DEV-b05f46f5,synthetic-generator,5,1112.317,20,1,1,1,False,True,False,False,False,False,2,TRANSACTION_BURST,False,2026-09-19T05:07:45.399Z
TXN-a00c6d21-2df3-488f-9bbd-5a9cd02fb8de,ACC9697354961,BILL_PAYMENT,411.82,INR,2026-09-19T05:07:45.399Z,ATM,SUCCESS,OTHER,Lucknow,DEV-3dc84d75,synthetic-generator,5,2085.41,10,0,1,1,False,True,False,False,False,False,2,TRANSACTION_BURST,False,2026-09-19T05:07:45.399Z
TXN-52a98af3-2524-42ec-ba40-a5ab20de6ef0,ACC2566942273,BILL_PAYMENT,319.21,INR,2026-09-19T05:07:45.399Z,BRANCH,SUCCESS,TRAVEL,Hyderabad,DEV-18e6ece8,synthetic-generator,5,250.60399999999998,10,0,1,5,False,True,False,True,False,False,4,"TRANSACTION_BURST,LOCATION_JUMP",False,2026-09-19T05:07:45.399Z
TXN-d29bf05a-0ed5-431b-abe6-1207d6b5b326,ACC8110054933,UPI_PAYMENT,1386.34,INR,2026-09-19T05:07:45.399Z,POS,SUCCESS,GOVERNMENT,Pune,DEV-3ded8d40,synthetic-generator,5,1515.8945454545456,11,4,2,1,False,True,False,False,True,False,3,"TRANSACTION_BURST,NEW_DEVICE",False,2026-09-19T05:07:45.399Z
TXN-c0cd8021-f341-40b9-9f0b-42a96068ce57,ACC8995970241,UPI_PAYMENT,1356.42,INR,2026-09-19T05:07:45.399Z,BRANCH,SUCCESS,GROCERY,Mumbai,DEV-c976717d,synthetic-generator,5,634.364,10,2,2,1,False,True,False,False,True,False,3,"TRANSACTION_BURST,NEW_DEVICE",False,2026-09-19T05:07:45.399Z
TXN-4a21a71b-ce9a-426f-b242-335cfdcac845,ACC2948728483,BILL_PAYMENT,211.5,INR,2026-09-19T05:07:45.399Z,POS,SUCCESS,HEALTHCARE,Chennai,DEV-6ef89518,synthetic-generator,5,1269.472380952381,42,12,3,3,False,True,False,True,True,False,5,"TRANSACTION_BURST,LOCATION_JUMP,NEW_DEVICE",True,2026-09-19T05:07:45.399Z
TXN-3479a5fc-4a0c-4908-8685-709c89dd9e55,ACC8429141456,DEPOSIT,1369.92,INR,2026-09-19T05:07:45.399Z,POS,SUCCESS,HEALTHCARE,Jaipur,DEV-babb5efb,synthetic-generator,5,1572.8690000000001,10,5,2,1,False,True,False,False,True,False,3,"TRANSACTION_BURST,NEW_DEVICE",False,2026-09-19T05:07:45.399Z
TXN-583aa2ef-a0f5-4dc3-b08d-c13553b4db14,ACC4332894265,CARD_PAYMENT,300.93,INR,2026-09-19T05:07:45.399Z,POS,SUCCESS,GOVERNMENT,Hyderabad,DEV-70525b5f,synthetic-generator,5,1390.5892307692307,13,0,1,1,False,True,False,False,False,False,2,TRANSACTION_BURST,False,2026-09-19T05:07:45.399Z
TXN-be16904a-ce81-41e8-8eea-765a6be5ccfc,ACC4888749350,BILL_PAYMENT,369.81,INR,2026-09-19T05:07:45.399Z,UPI,SUCCESS,GROCERY,Hyderabad,DEV-d79b40eb,synthetic-generator,5,1120.5018181818182,11,0,1,1,False,True,False,False,False,False,2,TRANSACTION_BURST,False,2026-09-19T05:07:45.399Z
TXN-bd140c93-ce51-45ac-903a-d2832439b611,ACC2948728483,BILL_PAYMENT,521.13,INR,2026-09-19T05:07:45.399Z,ATM,SUCCESS,OTHER,Chennai,DEV-6ef89518,synthetic-generator,5,1269.472380952381,42,12,3,3,False,True,False,True,True,False,5,"TRANSACTION_BURST,LOCATION_JUMP,NEW_DEVICE",True,2026-09-19T05:07:45.399Z
TXN-2e272451-12ac-48e7-860f-82584b5799b9,ACC4460967357,BILL_PAYMENT,8814.15,INR,2026-09-19T05:07:45.399Z,MOBILE,SUCCESS,GOVERNMENT,Mumbai,DEV-d3bce23d,synthetic-generator,5,941.7589473684211,19,12,3,1,True,True,False,False,True,False,5,"HIGH_AMOUNT,TRANSACTION_BURST,NEW_DEVICE",True,2026-09-19T05:07:45.399Z
TXN-110be46e-1ee6-4852-9c2b-89b861812e4c,ACC9573276057,UPI_PAYMENT,3182.99,INR,2026-09-19T05:07:45.399Z,UPI,SUCCESS,FINANCIAL_SERVICES,Kolkata,DEV-6130a5b0,synthetic-generator,5,1893.443,10,0,3,1,False,True,False,False,True,False,3,"TRANSACTION_BURST,NEW_DEVICE",False,2026-09-19T05:07:45.399Z
TXN-670629f5-cf89-4c03-8194-03f88a6ae7c3,ACC2970753705,DEPOSIT,213.3,INR,2026-09-19T05:07:45.399Z,UPI,SUCCESS,ECOMMERCE,Pune,DEV-bfb2307b,synthetic-generator,5,1108.8274999999999,8,0,1,1,False,False,False,False,False,False,0,,False,2026-09-19T05:07:45.399Z
TXN-f2327919-c82e-4426-821d-9e711eb25680,ACC9573276057,ATM_WITHDRAWAL,1556.88,INR,2026-09-19T05:07:45.399Z,UPI,SUCCESS,FUEL,Kolkata,DEV-24d0b21a,synthetic-generator,5,1893.443,10,0,3,1,False,True,False,False,True,False,3,"TRANSACTION_BURST,NEW_DEVICE",False,2026-09-19T05:07:45.399Z
TXN-6ba4053b-c365-4718-b0c8-6f0c4b41ab7e,ACC1965067727,DEPOSIT,4265.75,INR,2026-09-19T05:07:45.399Z,BRANCH,SUCCESS,FUEL,Jaipur,DEV-d341c380,synthetic-generator,5,3115.4136363636367,11,2,1,1,False,True,False,False,False,False,2,TRANSACTION_BURST,False,2026-09-19T05:07:45.399Z
TXN-20b66c20-fda2-455e-bdc1-bb8faf5d7dba,ACC4095476665,DEPOSIT,938.17,INR,2026-09-19T05:07:45.399Z,BRANCH,SUCCESS,TRAVEL,Kolkata,DEV-e1134412,synthetic-generator,5,495.94666666666666,15,3,2,1,False,True,False,False,True,False,3,"TRANSACTION_BURST,NEW_DEVICE",False,2026-09-19T05:07:45.399Z
TXN-41704f02-8ba3-4e21-a19f-e73797843a03,ACC9639245200,REFUND,658.62,INR,2026-09-19T05:07:45.400Z,MOBILE,SUCCESS,ECOMMERCE,Jaipur,DEV-852ea1b1,synthetic-generator,5,859.4911111111111,18,1,1,1,False,True,False,False,False,False,2,TRANSACTION_BURST,False,2026-09-19T05:07:45.400Z
TXN-6ee5f6d7-4cd1-4b2e-a375-983fe56cb20f,ACC5774080233,REFUND,307.7,INR,2026-09-19T05:07:45.400Z,POS,SUCCESS,ECOMMERCE,Chennai,DEV-e6832786,synthetic-generator,5,369.478,15,1,3,3,False,True,False,True,True,False,5,"TRANSACTION_BURST,LOCATION_JUMP,NEW_DEVICE",True,2026-09-19T05:07:45.400Z
TXN-803e5a5b-09f9-48f4-b61f-229ce62f9325,ACC8987073217,ATM_WITHDRAWAL,1556.55,INR,2026-09-19T05:07:45.400Z,POS,SUCCESS,GOVERNMENT,Ahmedabad,DEV-11745ca7,synthetic-generator,5,806.3833333333333,12,1,3,1,False,True,False,False,True,False,3,"TRANSACTION_BURST,NEW_DEVICE",False,2026-09-19T05:07:45.400Z
TXN-eb9d9c6f-0121-4f3c-b882-3c968be2fe3f,ACC9786748825,REFUND,3166.19,INR,2026-09-19T05:07:45.400Z,ATM,SUCCESS,OTHER,Hyderabad,DEV-e8cd1fd2,synthetic-generator,5,1400.3655555555556,18,5,1,3,False,True,False,True,False,False,4,"TRANSACTION_BURST,LOCATION_JUMP",False,2026-09-19T05:07:45.400Z
TXN-53e1a439-6587-44d4-8555-6e90a0c8c673,ACC7114223633,DEPOSIT,2655.31,INR,2026-09-19T05:07:45.400Z,POS,SUCCESS,TRAVEL,Lucknow,DEV-55bbaf7f,synthetic-generator,5,5201.48875,16,0,3,4,False,True,False,True,True,False,5,"TRANSACTION_BURST,LOCATION_JUMP,NEW_DEVICE",True,2026-09-19T05:07:45.400Z
TXN-be05b699-68c8-4d5d-910d-22492a34854f,ACC2320763135,UPI_PAYMENT,504.03,INR,2026-09-19T05:07:45.400Z,ATM,SUCCESS,ECOMMERCE,Bengaluru,DEV-79a4d70b,synthetic-generator,5,1352.778,5,0,1,1,False,False,False,False,False,False,0,,False,2026-09-19T05:07:45.400Z
TXN-613cffc4-f2a0-4ab1-9cdf-003b21a5f76d,ACC2948728483,REFUND,713.66,INR,2026-09-19T05:07:45.400Z,POS,SUCCESS,GROCERY,Chennai,DEV-9556f5f5,synthetic-generator,5,1269.472380952381,42,12,3,3,False,True,False,True,True,False,5,"TRANSACTION_BURST,LOCATION_JUMP,NEW_DEVICE",True,2026-09-19T05:07:45.400Z
TXN-88ed7ef2-afaf-435f-945d-3720039c93f5,ACC1470939445,DEPOSIT,705.09,INR,2026-09-19T05:07:45.400Z,UPI,SUCCESS,ENTERTAINMENT,Lucknow,DEV-ca5e9548,synthetic-generator,5,630.3511111111111,18,6,3,1,False,True,False,False,True,False,3,"TRANSACTION_BURST,NEW_DEVICE",False,2026-09-19T05:07:45.400Z
TXN-563be488-dffb-4155-97f0-1ea7910cdf7b,ACC3030106617,UPI_PAYMENT,1739.31,INR,2026-09-19T05:07:45.400Z,MOBILE,SUCCESS,FINANCIAL_SERVICES,Pune,DEV-4c67ed1b,synthetic-generator,5,1945.6331578947368,19,1,2,3,False,True,False,True,True,False,5,"TRANSACTION_BURST,LOCATION_JUMP,NEW_DEVICE",True,2026-09-19T05:07:45.400Z
TXN-8fab2841-c42d-43c0-bc50-f6c8de447b04,ACC9786748825,UPI_PAYMENT,798.22,INR,2026-09-19T05:07:45.400Z,BRANCH,SUCCESS,GOVERNMENT,Hyderabad,DEV-e8cd1fd2,synthetic-generator,5,1400.3655555555556,18,5,1,3,False,True,False,True,False,False,4,"TRANSACTION_BURST,LOCATION_JUMP",False,2026-09-19T05:07:45.400Z
TXN-e95b4fac-7545-4ca7-ba3c-71ea11265016,ACC7635473142,TRANSFER,573.12,INR,2026-09-19T05:07:45.400Z,MOBILE,SUCCESS,TRAVEL,Kolkata,DEV-c2b628ea,synthetic-generator,5,1023.3171428571429,14,5,2,1,False,True,False,False,True,False,3,"TRANSACTION_BURST,NEW_DEVICE",False,2026-09-19T05:07:45.400Z
TXN-195738c9-96f1-43e8-9d49-a1aa1a37c565,ACC3303082117,TRANSFER,1377.6,INR,2026-09-19T05:07:45.400Z,UPI,SUCCESS,ECOMMERCE,Jaipur,DEV-71b2600d,synthetic-generator,5,971.1644444444444,9,0,3,1,False,True,False,False,True,False,3,"TRANSACTION_BURST,NEW_DEVICE",False,2026-09-19T05:07:45.400Z
TXN-ad48124d-f8e7-47f3-9c01-edfdbb48db48,ACC4274958945,TRANSFER,3161.26,INR,2026-09-19T05:07:45.400Z,BRANCH,SUCCESS,HEALTHCARE,Delhi,DEV-08e91dd6,synthetic-generator,5,2052.52,7,0,3,1,False,False,False,False,True,False,1,NEW_DEVICE,False,2026-09-19T05:07:45.400Z
TXN-78c8d046-60e8-43ac-9adf-bdf9bbb38051,ACC9697354961,REFUND,6813.47,INR,2026-09-19T05:07:45.400Z,POS,SUCCESS,FINANCIAL_SERVICES,Lucknow,DEV-3dc84d75,synthetic-generator,5,2085.41,10,0,1,1,True,True,False,False,False,False,4,"HIGH_AMOUNT,TRANSACTION_BURST",False,2026-09-19T05:07:45.400Z
TXN-826547cb-58ad-40b9-a77e-613912ec7394,ACC2320763135,ATM_WITHDRAWAL,439.58,INR,2026-09-19T05:07:45.400Z,POS,SUCCESS,TRAVEL,Bengaluru,DEV-79a4d70b,synthetic-generator,5,1352.778,5,0,1,1,False,False,False,False,False,False,0,,False,2026-09-19T05:07:45.400Z
TXN-e641f15f-0fc2-4502-bf9a-142272810582,ACC3783290795,REFUND,6906.37,INR,2026-09-19T05:07:45.400Z,POS,SUCCESS,DINING,Delhi,DEV-981c2c70,synthetic-generator,5,2905.393846153846,13,1,3,1,False,True,False,False,True,False,3,"TRANSACTION_BURST,NEW_DEVICE",False,2026-09-19T05:07:45.400Z
TXN-e373533d-1636-4915-bc8f-205b5ab16bdf,ACC9894264595,ATM_WITHDRAWAL,170.18,INR,2026-09-19T05:07:45.400Z,POS,SUCCESS,ENTERTAINMENT,Delhi,DEV-b1e5726c,synthetic-generator,5,1252.0023076923076,13,0,1,1,False,True,False,False,False,False,2,TRANSACTION_BURST,False,2026-09-19T05:07:45.400Z
TXN-45e15994-423f-4921-b598-be5c3c4ffa5c,ACC3361388464,DEPOSIT,5976.72,INR,2026-09-19T05:07:45.400Z,WEB,SUCCESS,FINANCIAL_SERVICES,Kolkata,DEV-05bc5ef2,synthetic-generator,5,1572.1863636363635,11,1,2,1,True,True,False,False,True,False,5,"HIGH_AMOUNT,TRANSACTION_BURST,NEW_DEVICE",True,2026-09-19T05:07:45.400Z
TXN-247f2b0b-2f72-40a6-9cd7-fbc24a9ebeac,ACC3783290795,BILL_PAYMENT,522.75,INR,2026-09-19T05:07:45.400Z,BRANCH,FAILED,FUEL,Delhi,DEV-981c2c70,synthetic-generator,5,2905.393846153846,13,1,3,1,False,True,False,False,True,False,3,"TRANSACTION_BURST,NEW_DEVICE",False,2026-09-19T05:07:45.400Z
TXN-c93fbb16-af56-47a2-a7ff-06913c340d71,ACC6756332150,DEPOSIT,178.34,INR,2026-09-19T05:07:45.400Z,WEB,SUCCESS,FUEL,Ahmedabad,DEV-a5c14ad5,synthetic-generator,5,1154.348,10,0,3,3,False,True,False,True,True,False,5,"TRANSACTION_BURST,LOCATION_JUMP,NEW_DEVICE",True,2026-09-19T05:07:45.400Z
TXN-0b4b4809-ca1e-4b01-8839-2724a1e19c48,ACC3303082117,REFUND,265.49,INR,2026-09-19T05:07:45.400Z,ATM,SUCCESS,FINANCIAL_SERVICES,Jaipur,DEV-e1d174e4,synthetic-generator,5,971.1644444444444,9,0,3,1,False,True,False,False,True,False,3,"TRANSACTION_BURST,NEW_DEVICE",False,2026-09-19T05:07:45.400Z
TXN-6ee31d00-99ca-46c8-921f-2addb835fbbb,ACC6756332150,DEPOSIT,561.95,INR,2026-09-19T05:07:45.400Z,MOBILE,SUCCESS,GROCERY,Ahmedabad,DEV-888fd2ed,synthetic-generator,5,1154.348,10,0,3,3,False,True,False,True,True,False,5,"TRANSACTION_BURST,LOCATION_JUMP,NEW_DEVICE",True,2026-09-19T05:07:45.400Z
TXN-71a46e4b-8507-414d-b17d-0d87e3a82fab,ACC2452066459,REFUND,1079.03,INR,2026-09-19T05:07:45.400Z,WEB,SUCCESS,FINANCIAL_SERVICES,Pune,DEV-8be628a6,synthetic-generator,5,605.7847222222222,36,10,3,5,False,True,False,True,True,False,5,"TRANSACTION_BURST,LOCATION_JUMP,NEW_DEVICE",True,2026-09-19T05:07:45.400Z
TXN-12f20862-2f77-46d8-b212-d6a8ddfbb0b2,ACC1817804383,ATM_WITHDRAWAL,510.07,INR,2026-09-19T05:07:45.400Z,BRANCH,SUCCESS,TRAVEL,Delhi,DEV-648b28d5,synthetic-generator,5,605.3580000000001,30,5,3,3,False,True,False,True,True,False,5,"TRANSACTION_BURST,LOCATION_JUMP,NEW_DEVICE",True,2026-09-19T05:07:45.400Z
TXN-a12ab988-7d31-44da-ada9-55853056a35f,ACC8168204967,BILL_PAYMENT,152.83,INR,2026-09-19T05:07:45.400Z,UPI,SUCCESS,TRAVEL,Mumbai,DEV-334d6216,synthetic-generator,5,4539.6975,8,0,1,1,False,False,False,False,False,False,0,,False,2026-09-19T05:07:45.400Z
TXN-892e8d86-2171-4740-84ab-92db8380e8ff,ACC6488854841,CARD_PAYMENT,646.8,INR,2026-09-19T05:07:45.400Z,ATM,SUCCESS,UTILITIES,Jaipur,DEV-17594c88,synthetic-generator,5,1021.0524999999999,12,0,3,1,False,True,False,False,True,False,3,"TRANSACTION_BURST,NEW_DEVICE",False,2026-09-19T05:07:45.400Z
TXN-19089adb-ad63-40a2-8c6f-d95910ef2f33,ACC2137651678,TRANSFER,168.97,INR,2026-09-19T05:07:45.400Z,POS,SUCCESS,UTILITIES,Jaipur,DEV-3571438e,synthetic-generator,5,1534.6319047619047,21,1,2,1,False,True,False,False,True,False,3,"TRANSACTION_BURST,NEW_DEVICE",False,2026-09-19T05:07:45.400Z
TXN-7e57c462-7d27-4d9b-b2a5-7e737ce4dd55,ACC5774080233,REFUND,319.51,INR,2026-09-19T05:07:45.400Z,WEB,SUCCESS,EDUCATION,Chennai,DEV-a9310803,synthetic-generator,5,369.478,15,1,3,3,False,True,False,True,True,False,5,"TRANSACTION_BURST,LOCATION_JUMP,NEW_DEVICE",True,2026-09-19T05:07:45.400Z
TXN-192ae17d-0437-40ba-a59b-b0ef167775e9,ACC3392080953,UPI_PAYMENT,609.93,INR,2026-09-19T05:07:45.400Z,UPI,FAILED,OTHER,Ahmedabad,DEV-ca9a8ac4,synthetic-generator,5,1303.0548387096774,31,7,2,1,False,True,True,False,True,False,5,"TRANSACTION_BURST,REPEATED_FAILURES,NEW_DEVICE",True,2026-09-19T05:07:45.400Z
TXN-a7285709-16c2-4ce5-906e-3facd114fae2,ACC5728765136,CARD_PAYMENT,1835.51,INR,2026-09-19T05:07:45.400Z,WEB,SUCCESS,GROCERY,Pune,DEV-9313d231,synthetic-generator,5,4346.4825,8,0,3,1,False,False,False,False,True,False,1,NEW_DEVICE,False,2026-09-19T05:07:45.400Z
TXN-3f8dfe79-fc12-4f89-b55b-973c651f0e84,ACC8987073217,UPI_PAYMENT,215.57,INR,2026-09-19T05:07:45.400Z,UPI,SUCCESS,GOVERNMENT,Ahmedabad,DEV-11745ca7,synthetic-generator,5,806.3833333333333,12,1,3,1,False,True,False,False,True,False,3,"TRANSACTION_BURST,NEW_DEVICE",False,2026-09-19T05:07:45.400Z
TXN-03289a97-cbe6-468e-aceb-f4581045da0c,ACC7483366056,DEPOSIT,475.84,INR,2026-09-19T05:07:45.400Z,MOBILE,SUCCESS,DINING,Hyderabad,DEV-051404c6,synthetic-generator,5,735.3166666666666,9,1,1,3,False,True,False,True,False,False,4,"TRANSACTION_BURST,LOCATION_JUMP",False,2026-09-19T05:07:45.400Z
TXN-3d9d4a5f-b5ed-4d6b-a1a0-046d55a2fd39,ACC3479708607,DEPOSIT,1346.99,INR,2026-09-19T05:07:45.400Z,POS,SUCCESS,FUEL,Ahmedabad,DEV-316a8ea5,synthetic-generator,5,2299.897619047619,21,1,3,1,False,True,False,False,True,False,3,"TRANSACTION_BURST,NEW_DEVICE",False,2026-09-19T05:07:45.400Z
TXN-6e31ee6b-3380-43ce-9f8f-6f871c2d2452,ACC5996775663,REFUND,7209.78,INR,2026-09-19T05:07:45.400Z,POS,SUCCESS,DINING,Hyderabad,DEV-bd453a08,synthetic-generator,5,3597.0620000000004,20,1,1,1,False,True,False,False,False,False,2,TRANSACTION_BURST,False,2026-09-19T05:07:45.400Z
TXN-10cae327-e04c-4d8d-b55e-38ae945acf41,ACC6241752544,DEPOSIT,1249.48,INR,2026-09-19T05:07:45.400Z,WEB,SUCCESS,TRAVEL,Delhi,DEV-7e938ba4,synthetic-generator,5,818.9836363636364,11,0,2,1,False,True,False,False,True,False,3,"TRANSACTION_BURST,NEW_DEVICE",False,2026-09-19T05:07:45.400Z
TXN-ff01c82b-812d-462d-b85d-b4b4eaf9fd0b,ACC2181241943,TRANSFER,716.8,INR,2026-09-19T05:07:45.400Z,ATM,REVERSED,UTILITIES,Hyderabad,DEV-f6824ffe,synthetic-generator,5,2125.5550000000003,8,0,1,1,False,False,False,False,False,False,0,,False,2026-09-19T05:07:45.400Z
TXN-c2d23546-7b38-4c7f-930e-228255413edf,ACC9285415473,REFUND,1255.59,INR,2026-09-19T05:07:45.400Z,MOBILE,SUCCESS,UTILITIES,Hyderabad,DEV-285b4bc2,synthetic-generator,5,2868.202307692308,26,9,2,1,False,True,False,False,True,False,3,"TRANSACTION_BURST,NEW_DEVICE",False,2026-09-19T05:07:45.400Z
TXN-af375518-1c0c-4213-9d5b-327323d416dd,ACC9592390865,TRANSFER,156.41,INR,2026-09-19T05:07:45.400Z,POS,SUCCESS,ENTERTAINMENT,Kolkata,DEV-3f530bed,synthetic-generator,5,1498.7482608695652,23,6,3,1,False,True,False,False,True,False,3,"TRANSACTION_BURST,NEW_DEVICE",False,2026-09-19T05:07:45.400Z
TXN-c23280b0-e628-4e54-9581-9e5aba00a7cb,ACC2351531223,DEPOSIT,674.88,INR,2026-09-19T05:07:45.400Z,ATM,SUCCESS,FINANCIAL_SERVICES,Hyderabad,DEV-52c20f4c,synthetic-generator,5,331.96,6,0,3,1,False,False,False,False,True,False,1,NEW_DEVICE,False,2026-09-19T05:07:45.400Z
TXN-30755db6-42aa-456b-a7fb-248c6a013d04,ACC5567816720,UPI_PAYMENT,256.16,INR,2026-09-19T05:07:45.400Z,POS,SUCCESS,ECOMMERCE,Pune,DEV-08a902d9,synthetic-generator,5,365.1275,8,0,2,1,False,False,False,False,True,False,1,NEW_DEVICE,False,2026-09-19T05:07:45.400Z
TXN-2923a6a3-d4ac-44a3-a687-938c09e5f859,ACC1817804383,ATM_WITHDRAWAL,275.74,INR,2026-09-19T05:07:45.400Z,UPI,SUCCESS,OTHER,Jaipur,DEV-3f786cfc,synthetic-generator,5,605.3580000000001,30,5,3,3,False,True,False,True,True,False,5,"TRANSACTION_BURST,LOCATION_JUMP,NEW_DEVICE",True,2026-09-19T05:07:45.400Z
TXN-c0139c39-2279-404e-a32e-fac3c2a13fae,ACC9285415473,TRANSFER,857.85,INR,2026-09-19T05:07:45.400Z,WEB,SUCCESS,EDUCATION,Hyderabad,DEV-24122226,synthetic-generator,5,2868.202307692308,26,9,2,1,False,True,False,False,True,False,3,"TRANSACTION_BURST,NEW_DEVICE",False,2026-09-19T05:07:45.400Z
TXN-54eb3c57-00c7-4829-9e0c-711673198e04,ACC6649827836,UPI_PAYMENT,413.83,INR,2026-09-19T05:07:45.400Z,WEB,SUCCESS,DINING,Chennai,DEV-b8dbc058,synthetic-generator,5,1194.808,20,0,1,3,False,True,False,True,False,False,4,"TRANSACTION_BURST,LOCATION_JUMP",False,2026-09-19T05:07:45.400Z
TXN-f9cc7c59-37b1-449a-89f1-5ef347a87a80,ACC8110054933,CARD_PAYMENT,4966.22,INR,2026-09-19T05:07:45.400Z,BRANCH,SUCCESS,UTILITIES,Pune,DEV-3ded8d40,synthetic-generator,5,1515.8945454545456,11,4,2,1,True,True,False,False,True,False,5,"HIGH_AMOUNT,TRANSACTION_BURST,NEW_DEVICE",True,2026-09-19T05:07:45.400Z
TXN-9b3cdafe-b3d2-461d-8be5-79642fe6ba5c,ACC4095476665,CARD_PAYMENT,547.13,INR,2026-09-19T05:07:45.400Z,WEB,FAILED,FINANCIAL_SERVICES,Kolkata,DEV-e1134412,synthetic-generator,5,495.94666666666666,15,3,2,1,False,True,False,False,True,False,3,"TRANSACTION_BURST,NEW_DEVICE",False,2026-09-19T05:07:45.400Z
TXN-0909e845-eaa3-427c-8eb8-697a2dc8f3f7,ACC6884882440,UPI_PAYMENT,158.01,INR,2026-09-19T05:07:45.400Z,MOBILE,SUCCESS,DINING,Mumbai,DEV-ea1f6ed8,synthetic-generator,5,543.7458823529412,34,7,3,1,False,True,False,False,True,False,3,"TRANSACTION_BURST,NEW_DEVICE",False,2026-09-19T05:07:45.400Z
TXN-e5135f13-496d-444d-8d8a-bf9924082258,ACC3392080953,UPI_PAYMENT,1519.81,INR,2026-09-19T05:07:45.400Z,MOBILE,SUCCESS,FUEL,Ahmedabad,DEV-ca9a8ac4,synthetic-generator,5,1303.0548387096774,31,7,2,1,False,True,False,False,True,False,3,"TRANSACTION_BURST,NEW_DEVICE",False,2026-09-19T05:07:45.400Z
TXN-9d4f991f-7c77-4849-b59f-e4343ce72e40,ACC4026113008,CARD_PAYMENT,5778.05,INR,2026-09-19T05:07:45.400Z,WEB,SUCCESS,GROCERY,Ahmedabad,DEV-3c647c55,synthetic-generator,5,3347.5088888888886,18,7,3,3,False,True,False,True,True,False,5,"TRANSACTION_BURST,LOCATION_JUMP,NEW_DEVICE",True,2026-09-19T05:07:45.400Z
TXN-8df7e77c-1589-40e5-8593-2e4fa7be4f11,ACC9957813353,REFUND,270.09,INR,2026-09-19T05:07:45.400Z,BRANCH,SUCCESS,GROCERY,Kolkata,DEV-d446b394,synthetic-generator,5,1681.8311111111113,9,1,1,1,False,True,False,False,False,False,2,TRANSACTION_BURST,False,2026-09-19T05:07:45.400Z
TXN-3cafe1b2-3baa-4cd3-a970-e22bd4c478b9,ACC9894847574,DEPOSIT,1302.58,INR,2026-09-19T05:07:45.400Z,BRANCH,SUCCESS,UTILITIES,Kolkata,DEV-43f91aad,synthetic-generator,5,1558.878,15,2,2,5,False,True,False,True,True,False,5,"TRANSACTION_BURST,LOCATION_JUMP,NEW_DEVICE",True,2026-09-19T05:07:45.400Z
TXN-2af79af7-7442-46af-b422-db56fbfaae5b,ACC2867302554,UPI_PAYMENT,1143.76,INR,2026-09-19T05:07:45.401Z,ATM,FAILED,ENTERTAINMENT,Chennai,DEV-3c987226,synthetic-generator,5,1157.8992857142857,14,5,1,1,False,True,True,False,False,False,4,"TRANSACTION_BURST,REPEATED_FAILURES",False,2026-09-19T05:07:45.401Z
TXN-9c3bfc48-dd47-4fed-848c-1473c77ef084,ACC7114223633,REFUND,2194.58,INR,2026-09-19T05:07:45.401Z,ATM,SUCCESS,OTHER,Lucknow,DEV-efee7601,synthetic-generator,5,5201.48875,16,0,3,4,False,True,False,True,True,False,5,"TRANSACTION_BURST,LOCATION_JUMP,NEW_DEVICE",True,2026-09-19T05:07:45.401Z
TXN-6a7acca6-f16c-4576-9514-eaef60b20671,ACC4289233844,TRANSFER,738.11,INR,2026-09-19T05:07:45.401Z,POS,SUCCESS,FINANCIAL_SERVICES,Hyderabad,DEV-0d90d34d,synthetic-generator,5,1004.2819999999999,15,2,1,3,False,True,False,True,False,False,4,"TRANSACTION_BURST,LOCATION_JUMP",False,2026-09-19T05:07:45.401Z
TXN-337d56e1-a4f8-4c9e-9256-0086afe480d1,ACC3030106617,CARD_PAYMENT,2757.21,INR,2026-09-19T05:07:45.401Z,POS,SUCCESS,DINING,Pune,DEV-4c67ed1b,synthetic-generator,5,1945.6331578947368,19,1,2,3,False,True,False,True,True,False,5,"TRANSACTION_BURST,LOCATION_JUMP,NEW_DEVICE",True,2026-09-19T05:07:45.401Z
TXN-64d0fc58-5499-439f-98fd-3680fe06413c,ACC7483366056,BILL_PAYMENT,800.45,INR,2026-09-19T05:07:45.401Z,POS,FAILED,UTILITIES,Chennai,DEV-051404c6,synthetic-generator,5,735.3166666666666,9,1,1,3,False,True,False,True,False,False,4,"TRANSACTION_BURST,LOCATION_JUMP",False,2026-09-19T05:07:45.401Z
TXN-0f3ebf0b-efe5-449b-9c0f-af54b73aee0e,ACC2948728483,UPI_PAYMENT,1107.5,INR,2026-09-19T05:07:45.401Z,POS,SUCCESS,GROCERY,Chennai,DEV-59dbd815,synthetic-generator,5,1269.472380952381,42,12,3,3,False,True,False,True,True,False,5,"TRANSACTION_BURST,LOCATION_JUMP,NEW_DEVICE",True,2026-09-19T05:07:45.401Z
TXN-9f713739-13c6-4d4b-9ef8-ae64082a38b9,ACC1939042955,UPI_PAYMENT,72.2,INR,2026-09-19T05:07:45.401Z,BRANCH,FAILED,FINANCIAL_SERVICES,Delhi,DEV-85c9008b,synthetic-generator,5,437.26181818181817,22,4,2,1,False,True,True,False,True,False,5,"TRANSACTION_BURST,REPEATED_FAILURES,NEW_DEVICE",True,2026-09-19T05:07:45.401Z
TXN-b58fbd79-7b24-4fc3-a30a-82105db75716,ACC8763140509,BILL_PAYMENT,320.62,INR,2026-09-19T05:07:45.401Z,ATM,SUCCESS,OTHER,Pune,DEV-1d690eae,synthetic-generator,5,275.375,4,0,1,1,False,False,False,False,False,False,0,,False,2026-09-19T05:07:45.401Z
TXN-218decc8-d712-4269-8509-c7629d55ed45,ACC8995970241,BILL_PAYMENT,961.93,INR,2026-09-19T05:07:45.401Z,ATM,SUCCESS,EDUCATION,Mumbai,DEV-59aae877,synthetic-generator,5,634.364,10,2,2,1,False,True,False,False,True,False,3,"TRANSACTION_BURST,NEW_DEVICE",False,2026-09-19T05:07:45.401Z
TXN-f0d07f69-960e-466c-aed3-3c65d765b355,ACC3303082117,DEPOSIT,2213.86,INR,2026-09-19T05:07:45.401Z,BRANCH,SUCCESS,HEALTHCARE,Jaipur,DEV-71b2600d,synthetic-generator,5,971.1644444444444,9,0,3,1,False,True,False,False,True,False,3,"TRANSACTION_BURST,NEW_DEVICE",False,2026-09-19T05:07:45.401Z
TXN-94c02e44-15d3-4347-b52c-fdceb552dff1,ACC8429141456,REFUND,586.52,INR,2026-09-19T05:07:45.401Z,WEB,SUCCESS,UTILITIES,Jaipur,DEV-75b31ad3,synthetic-generator,5,1572.8690000000001,10,5,2,1,False,True,False,False,True,False,3,"TRANSACTION_BURST,NEW_DEVICE",False,2026-09-19T05:07:45.401Z
TXN-56230f68-a367-4135-8b07-f32bce193425,ACC8987073217,TRANSFER,660.14,INR,2026-09-19T05:07:45.401Z,BRANCH,SUCCESS,HEALTHCARE,Ahmedabad,DEV-810fcee6,synthetic-generator,5,806.3833333333333,12,1,3,1,False,True,False,False,True,False,3,"TRANSACTION_BURST,NEW_DEVICE",False,2026-09-19T05:07:45.401Z
TXN-1687082f-af9a-4429-9ca7-40f1ba305213,ACC7114223633,REFUND,1579.51,INR,2026-09-19T05:07:45.401Z,ATM,SUCCESS,HEALTHCARE,Lucknow,DEV-efee7601,synthetic-generator,5,5201.48875,16,0,3,4,False,True,False,True,True,False,5,"TRANSACTION_BURST,LOCATION_JUMP,NEW_DEVICE",True,2026-09-19T05:07:45.401Z
TXN-3af43a36-4f16-45f8-a2c4-f7902173b005,ACC9703905715,DEPOSIT,1304.0,INR,2026-09-19T05:07:45.401Z,BRANCH,SUCCESS,DINING,Hyderabad,DEV-6387f5a3,synthetic-generator,5,1864.245263157895,19,1,1,1,False,True,False,False,False,False,2,TRANSACTION_BURST,False,2026-09-19T05:07:45.401Z
TXN-23a84f45-51c2-4866-b813-6d44df1194c5,ACC5067116918,TRANSFER,2971.08,INR,2026-09-19T05:07:45.401Z,POS,SUCCESS,DINING,Mumbai,DEV-9f2754c0,synthetic-generator,5,2291.2725,8,1,3,1,False,False,False,False,True,False,1,NEW_DEVICE,False,2026-09-19T05:07:45.401Z
TXN-e2b8bafb-ec4f-4fea-b7a5-33bc2e1062bc,ACC7635473142,REFUND,181.59,INR,2026-09-19T05:07:45.401Z,UPI,REVERSED,ENTERTAINMENT,Kolkata,DEV-c2b628ea,synthetic-generator,5,1023.3171428571429,14,5,2,1,False,True,False,False,True,False,3,"TRANSACTION_BURST,NEW_DEVICE",False,2026-09-19T05:07:45.401Z
TXN-698c0717-5a95-4b43-980f-1b893933471b,ACC1519709079,UPI_PAYMENT,392.75,INR,2026-09-19T05:07:45.401Z,BRANCH,SUCCESS,FINANCIAL_SERVICES,Lucknow,DEV-7b3b6710,synthetic-generator,5,374.24260869565217,23,2,3,1,False,True,False,False,True,False,3,"TRANSACTION_BURST,NEW_DEVICE",False,2026-09-19T05:07:45.401Z
TXN-d493a9ac-71f2-4c28-8d35-fdbc95c4b558,ACC2812140441,UPI_PAYMENT,762.26,INR,2026-09-19T05:07:45.401Z,BRANCH,SUCCESS,GOVERNMENT,Lucknow,DEV-aed50fce,synthetic-generator,5,587.2391176470588,34,5,1,3,False,True,False,True,False,False,4,"TRANSACTION_BURST,LOCATION_JUMP",False,2026-09-19T05:07:45.401Z
TXN-dd3174fc-8a40-4a14-b5d2-875fc9f93e01,ACC5710360983,DEPOSIT,672.48,INR,2026-09-19T05:07:45.401Z,UPI,SUCCESS,UTILITIES,Pune,DEV-a21a502a,synthetic-generator,5,1179.485,12,0,1,1,False,True,False,False,False,False,2,TRANSACTION_BURST,False,2026-09-19T05:07:45.401Z
TXN-02ff3d77-4195-452a-a2b6-8d4ce919408b,ACC4274958945,CARD_PAYMENT,983.14,INR,2026-09-19T05:07:45.401Z,BRANCH,SUCCESS,TRAVEL,Delhi,DEV-a038d4f1,synthetic-generator,5,2052.52,7,0,3,1,False,False,False,False,True,False,1,NEW_DEVICE,False,2026-09-19T05:07:45.401Z
TXN-c6a46447-539e-47fa-ad73-98725c4752dd,ACC1422701550,DEPOSIT,909.1,INR,2026-09-19T05:07:45.401Z,MOBILE,SUCCESS,EDUCATION,Hyderabad,DEV-fd172124,synthetic-generator,5,1569.0040000000001,10,0,2,1,False,True,False,False,True,False,3,"TRANSACTION_BURST,NEW_DEVICE",False,2026-09-19T05:07:45.401Z
TXN-0770bfda-3039-40d2-84c4-fd6e9b830fe6,ACC3479708607,REFUND,574.93,INR,2026-09-19T05:07:45.401Z,ATM,SUCCESS,TRAVEL,Ahmedabad,DEV-27fbcc6a,synthetic-generator,5,2299.897619047619,21,1,3,1,False,True,False,False,True,False,3,"TRANSACTION_BURST,NEW_DEVICE",False,2026-09-19T05:07:45.401Z
TXN-8ae48530-f802-4df3-a8b8-7bbc158e2d89,ACC5710360983,BILL_PAYMENT,186.75,INR,2026-09-19T05:07:45.401Z,ATM,SUCCESS,DINING,Pune,DEV-a21a502a,synthetic-generator,5,1179.485,12,0,1,1,False,True,False,False,False,False,2,TRANSACTION_BURST,False,2026-09-19T05:07:45.401Z
TXN-59be54a0-e2ce-43d2-b13a-a45d27543617,ACC7517938612,DEPOSIT,2464.63,INR,2026-09-19T05:07:45.401Z,BRANCH,SUCCESS,EDUCATION,Jaipur,DEV-3a54fd68,synthetic-generator,5,1835.2130769230769,13,0,2,4,False,True,False,True,True,False,5,"TRANSACTION_BURST,LOCATION_JUMP,NEW_DEVICE",True,2026-09-19T05:07:45.401Z
TXN-4f750b46-8ffe-4204-8a30-a6cc578d46fa,ACC3361388464,DEPOSIT,525.83,INR,2026-09-19T05:07:45.401Z,BRANCH,SUCCESS,DINING,Kolkata,DEV-05bc5ef2,synthetic-generator,5,1572.1863636363635,11,1,2,1,False,True,False,False,True,False,3,"TRANSACTION_BURST,NEW_DEVICE",False,2026-09-19T05:07:45.401Z
TXN-b2173acb-1c9e-4bb1-82b0-b8df95c2154b,ACC3694860228,UPI_PAYMENT,220.26,INR,2026-09-19T05:07:45.401Z,ATM,SUCCESS,DINING,Hyderabad,DEV-a7884c93,synthetic-generator,5,997.366857142857,35,3,3,3,False,True,False,True,True,False,5,"TRANSACTION_BURST,LOCATION_JUMP,NEW_DEVICE",True,2026-09-19T05:07:45.401Z
TXN-e2156f02-d5d2-4c3c-844f-509fe4f81551,ACC1248786714,BILL_PAYMENT,446.39,INR,2026-09-19T05:07:45.401Z,BRANCH,SUCCESS,ENTERTAINMENT,Chennai,DEV-82491810,synthetic-generator,5,392.5536363636364,11,0,2,2,False,True,False,True,True,False,5,"TRANSACTION_BURST,LOCATION_JUMP,NEW_DEVICE",True,2026-09-19T05:07:45.401Z
TXN-f1e48cda-126f-4b19-873e-ef401d3e93e5,ACC7114223633,BILL_PAYMENT,1331.17,INR,2026-09-19T05:07:45.401Z,BRANCH,SUCCESS,OTHER,Hyderabad,DEV-efee7601,synthetic-generator,5,5201.48875,16,0,3,4,False,True,False,True,True,False,5,"TRANSACTION_BURST,LOCATION_JUMP,NEW_DEVICE",True,2026-09-19T05:07:45.401Z
TXN-6da584ea-218b-458f-88de-59b3a43360d6,ACC2320763135,ATM_WITHDRAWAL,595.08,INR,2026-09-19T05:07:45.401Z,UPI,PENDING,HEALTHCARE,Bengaluru,DEV-79a4d70b,synthetic-generator,5,1352.778,5,0,1,1,False,False,False,False,False,False,0,,False,2026-09-19T05:07:45.401Z
TXN-25671050-78c4-424c-959a-d6a6ca885cf4,ACC6756332150,TRANSFER,289.69,INR,2026-09-19T05:07:45.401Z,UPI,SUCCESS,ENTERTAINMENT,Ahmedabad,DEV-553536a6,synthetic-generator,5,1154.348,10,0,3,3,False,True,False,True,True,False,5,"TRANSACTION_BURST,LOCATION_JUMP,NEW_DEVICE",True,2026-09-19T05:07:45.401Z
TXN-44bef65d-d02a-403d-a30e-0b9cfc62092a,ACC5728765136,BILL_PAYMENT,2768.7,INR,2026-09-19T05:07:45.401Z,BRANCH,SUCCESS,GROCERY,Pune,DEV-0f259406,synthetic-generator,5,4346.4825,8,0,3,1,False,False,False,False,True,False,1,NEW_DEVICE,False,2026-09-19T05:07:45.401Z
TXN-51d5332d-8b51-459a-99b8-fddbac5ff2c9,ACC4888749350,ATM_WITHDRAWAL,396.79,INR,2026-09-19T05:07:45.401Z,ATM,SUCCESS,ENTERTAINMENT,Hyderabad,DEV-d79b40eb,synthetic-generator,5,1120.5018181818182,11,0,1,1,False,True,False,False,False,False,2,TRANSACTION_BURST,False,2026-09-19T05:07:45.401Z
TXN-e2abc9ec-8a72-4639-a06f-16cef5f2ebfd,ACC3361388464,CARD_PAYMENT,770.81,INR,2026-09-19T05:07:45.401Z,UPI,SUCCESS,GROCERY,Kolkata,DEV-05bc5ef2,synthetic-generator,5,1572.1863636363635,11,1,2,1,False,True,False,False,True,False,3,"TRANSACTION_BURST,NEW_DEVICE",False,2026-09-19T05:07:45.401Z
TXN-edd16270-e841-462b-8043-eefcbe7daa74,ACC9592390865,REFUND,5020.04,INR,2026-09-19T05:07:45.401Z,WEB,SUCCESS,GOVERNMENT,Kolkata,DEV-da5c5bec,synthetic-generator,5,1498.7482608695652,23,6,3,1,True,True,False,False,True,False,5,"HIGH_AMOUNT,TRANSACTION_BURST,NEW_DEVICE",True,2026-09-19T05:07:45.401Z
TXN-0f8bea76-3487-4cc8-8fbd-1f56f3e00f5f,ACC7825844140,ATM_WITHDRAWAL,570.08,INR,2026-09-19T05:07:45.401Z,WEB,SUCCESS,TRAVEL,Ahmedabad,DEV-6cfc07d0,synthetic-generator,5,520.06,11,1,1,1,False,True,False,False,False,False,2,TRANSACTION_BURST,False,2026-09-19T05:07:45.401Z
TXN-788d1569-895a-4220-aa85-0e3a7d8a3106,ACC7146318035,BILL_PAYMENT,946.34,INR,2026-09-19T05:07:45.401Z,POS,SUCCESS,HEALTHCARE,Ahmedabad,DEV-84cbc591,synthetic-generator,5,1293.822,10,1,1,3,False,True,False,True,False,False,4,"TRANSACTION_BURST,LOCATION_JUMP",False,2026-09-19T05:07:45.401Z
TXN-73f25067-935e-4d4d-9acb-00f1e3bde38a,ACC2948728483,REFUND,222.24,INR,2026-09-19T05:07:45.401Z,UPI,SUCCESS,UTILITIES,Chennai,DEV-6ef89518,synthetic-generator,5,1269.472380952381,42,12,3,3,False,True,False,True,True,False,5,"TRANSACTION_BURST,LOCATION_JUMP,NEW_DEVICE",True,2026-09-19T05:07:45.401Z
TXN-3c10fa5e-0bf3-4844-b554-bc37eedee66f,ACC4460967357,DEPOSIT,159.01,INR,2026-09-19T05:07:45.401Z,UPI,SUCCESS,GOVERNMENT,Mumbai,DEV-77b070dc,synthetic-generator,5,941.7589473684211,19,12,3,1,False,True,False,False,True,False,3,"TRANSACTION_BURST,NEW_DEVICE",False,2026-09-19T05:07:45.401Z
TXN-99727d1e-a1b2-467f-b77f-5a0db4bafc5c,ACC9697354961,BILL_PAYMENT,941.64,INR,2026-09-19T05:07:45.401Z,UPI,SUCCESS,GROCERY,Lucknow,DEV-3dc84d75,synthetic-generator,5,2085.41,10,0,1,1,False,True,False,False,False,False,2,TRANSACTION_BURST,False,2026-09-19T05:07:45.401Z
TXN-971682fd-144c-4068-8713-0e466808bc99,ACC5067116918,ATM_WITHDRAWAL,1837.67,INR,2026-09-19T05:07:45.401Z,ATM,SUCCESS,TRAVEL,Mumbai,DEV-480ee279,synthetic-generator,5,2291.2725,8,1,3,1,False,False,False,False,True,False,1,NEW_DEVICE,False,2026-09-19T05:07:45.401Z
TXN-0cf1cdcd-87e1-45bb-bc96-867654334be1,ACC4131575764,BILL_PAYMENT,2826.15,INR,2026-09-19T05:07:45.401Z,MOBILE,SUCCESS,GOVERNMENT,Chennai,DEV-2d13eb19,synthetic-generator,5,1197.8876923076923,13,0,2,3,False,True,False,True,True,False,5,"TRANSACTION_BURST,LOCATION_JUMP,NEW_DEVICE",True,2026-09-19T05:07:45.401Z
TXN-498602b7-d508-49b4-96f9-b84e3b4eae46,ACC1965067727,REFUND,1371.04,INR,2026-09-19T05:07:45.401Z,POS,FAILED,OTHER,Jaipur,DEV-d341c380,synthetic-generator,5,3115.4136363636367,11,2,1,1,False,True,False,False,False,False,2,TRANSACTION_BURST,False,2026-09-19T05:07:45.401Z
TXN-3baeaa83-e31e-4a12-a528-28cea63b8256,ACC5774080233,BILL_PAYMENT,359.68,INR,2026-09-19T05:07:45.401Z,MOBILE,SUCCESS,DINING,Chennai,DEV-a9310803,synthetic-generator,5,369.478,15,1,3,3,False,True,False,True,True,False,5,"TRANSACTION_BURST,LOCATION_JUMP,NEW_DEVICE",True,2026-09-19T05:07:45.401Z
TXN-d2b7da9b-d0f0-43d0-9dd0-737905f9e591,ACC7567496105,ATM_WITHDRAWAL,7249.55,INR,2026-09-19T05:07:45.401Z,POS,SUCCESS,ECOMMERCE,Lucknow,DEV-2ebdd51d,synthetic-generator,5,4368.3976923076925,13,1,1,1,False,True,False,False,False,False,2,TRANSACTION_BURST,False,2026-09-19T05:07:45.401Z
TXN-86273adc-ea13-41c2-b6db-7435456f4b5c,ACC2149938334,TRANSFER,180.51,INR,2026-09-19T05:07:45.401Z,BRANCH,FAILED,FUEL,Mumbai,DEV-b05f46f5,synthetic-generator,5,1112.317,20,1,1,1,False,True,False,False,False,False,2,TRANSACTION_BURST,False,2026-09-19T05:07:45.401Z
TXN-676afbce-dee0-4e20-9a4c-5d30f57415b7,ACC8429141456,BILL_PAYMENT,116.45,INR,2026-09-19T05:07:45.401Z,ATM,REVERSED,ENTERTAINMENT,Jaipur,DEV-babb5efb,synthetic-generator,5,1572.8690000000001,10,5,2,1,False,True,False,False,True,False,3,"TRANSACTION_BURST,NEW_DEVICE",False,2026-09-19T05:07:45.401Z
TXN-d7124cef-d99c-41d6-9156-e959eaee770e,ACC2867302554,BILL_PAYMENT,1144.72,INR,2026-09-19T05:07:45.401Z,MOBILE,SUCCESS,TRAVEL,Chennai,DEV-3c987226,synthetic-generator,5,1157.8992857142857,14,5,1,1,False,True,False,False,False,False,2,TRANSACTION_BURST,False,2026-09-19T05:07:45.401Z
TXN-44636038-daf4-4a6d-8f20-5c20e14bf3af,ACC9639245200,BILL_PAYMENT,211.81,INR,2026-09-19T05:07:45.401Z,BRANCH,SUCCESS,ENTERTAINMENT,Jaipur,DEV-852ea1b1,synthetic-generator,5,859.4911111111111,18,1,1,1,False,True,False,False,False,False,2,TRANSACTION_BURST,False,2026-09-19T05:07:45.401Z
TXN-712aab03-53ca-4d8c-8399-efafcd8b092f,ACC8293453178,ATM_WITHDRAWAL,300.17,INR,2026-09-19T05:07:45.401Z,POS,SUCCESS,OTHER,Chennai,DEV-38c360f7,synthetic-generator,5,471.825,12,2,1,1,False,True,False,False,False,False,2,TRANSACTION_BURST,False,2026-09-19T05:07:45.401Z
TXN-35fc7707-985d-4948-9a2c-bf3b4a6f2969,ACC2867302554,CARD_PAYMENT,838.84,INR,2026-09-19T05:07:45.401Z,WEB,SUCCESS,ENTERTAINMENT,Chennai,DEV-3c987226,synthetic-generator,5,1157.8992857142857,14,5,1,1,False,True,False,False,False,False,2,TRANSACTION_BURST,False,2026-09-19T05:07:45.401Z
TXN-cc9d43cd-3c7a-41c3-bf78-af9831d70f3a,ACC4131575764,BILL_PAYMENT,788.24,INR,2026-09-19T05:07:45.401Z,BRANCH,SUCCESS,ENTERTAINMENT,Chennai,DEV-2d13eb19,synthetic-generator,5,1197.8876923076923,13,0,2,3,False,True,False,True,True,False,5,"TRANSACTION_BURST,LOCATION_JUMP,NEW_DEVICE",True,2026-09-19T05:07:45.401Z
TXN-e8d6ac5b-251c-4e36-9db6-046aa37f39d9,ACC1667779376,CARD_PAYMENT,77.39,INR,2026-09-19T05:07:45.401Z,BRANCH,SUCCESS,FINANCIAL_SERVICES,Chennai,DEV-0b12de18,synthetic-generator,5,548.3466666666667,15,5,3,1,False,True,False,False,True,False,3,"TRANSACTION_BURST,NEW_DEVICE",False,2026-09-19T05:07:45.401Z
TXN-35b7a24b-cf1d-4e7d-9995-870a7d4d3c81,ACC5996775663,ATM_WITHDRAWAL,1939.09,INR,2026-09-19T05:07:45.401Z,WEB,SUCCESS,OTHER,Hyderabad,DEV-bd453a08,synthetic-generator,5,3597.0620000000004,20,1,1,1,False,True,False,False,False,False,2,TRANSACTION_BURST,False,2026-09-19T05:07:45.401Z
TXN-d477fdad-8294-4ef6-8a2b-d50de21f3a60,ACC3303082117,REFUND,1138.53,INR,2026-09-19T05:07:45.401Z,MOBILE,SUCCESS,DINING,Jaipur,DEV-e1d174e4,synthetic-generator,5,971.1644444444444,9,0,3,1,False,True,False,False,True,False,3,"TRANSACTION_BURST,NEW_DEVICE",False,2026-09-19T05:07:45.401Z
TXN-d70d7220-5c4f-4079-a592-2c7cc2cee672,ACC5996775663,REFUND,1177.83,INR,2026-09-19T05:07:45.401Z,MOBILE,SUCCESS,TRAVEL,Hyderabad,DEV-bd453a08,synthetic-generator,5,3597.0620000000004,20,1,1,1,False,True,False,False,False,False,2,TRANSACTION_BURST,False,2026-09-19T05:07:45.401Z
TXN-be7f4633-3e48-4bed-9109-25d26442159d,ACC4026113008,CARD_PAYMENT,5527.12,INR,2026-09-19T05:07:45.401Z,ATM,SUCCESS,GOVERNMENT,Ahmedabad,DEV-c444571d,synthetic-generator,5,3347.5088888888886,18,7,3,3,False,True,False,True,True,False,5,"TRANSACTION_BURST,LOCATION_JUMP,NEW_DEVICE",True,2026-09-19T05:07:45.401Z
TXN-a9abb78d-b24c-4624-a52e-88dd2402533e,ACC2970753705,BILL_PAYMENT,681.73,INR,2026-09-19T05:07:45.401Z,WEB,SUCCESS,GROCERY,Pune,DEV-bfb2307b,synthetic-generator,5,1108.8274999999999,8,0,1,1,False,False,False,False,False,False,0,,False,2026-09-19T05:07:45.401Z
TXN-c765a4f9-b5a2-4c34-8503-8e8e2b652bbc,ACC9894264595,CARD_PAYMENT,154.76,INR,2026-09-19T05:07:45.401Z,MOBILE,SUCCESS,GOVERNMENT,Delhi,DEV-b1e5726c,synthetic-generator,5,1252.0023076923076,13,0,1,1,False,True,False,False,False,False,2,TRANSACTION_BURST,False,2026-09-19T05:07:45.401Z
TXN-1e7075bb-6776-4f6d-a7f8-0439ea72538d,ACC9697354961,REFUND,2843.41,INR,2026-09-19T05:07:45.401Z,POS,SUCCESS,UTILITIES,Lucknow,DEV-3dc84d75,synthetic-generator,5,2085.41,10,0,1,1,False,True,False,False,False,False,2,TRANSACTION_BURST,False,2026-09-19T05:07:45.401Z
TXN-e69a7321-711d-4dad-99e2-71269f928f48,ACC4466589567,BILL_PAYMENT,457.24,INR,2026-09-19T05:07:45.401Z,POS,FAILED,EDUCATION,Chennai,DEV-b8a39f4b,synthetic-generator,5,1452.88875,8,1,3,1,False,False,False,False,True,False,1,NEW_DEVICE,False,2026-09-19T05:07:45.401Z
TXN-dbbef125-77ae-4d98-ba19-f36dbc22a204,ACC6687206971,CARD_PAYMENT,1842.07,INR,2026-09-19T05:07:45.401Z,POS,SUCCESS,FUEL,Mumbai,DEV-a607110c,synthetic-generator,5,589.6045833333334,24,9,1,1,True,True,False,False,False,False,4,"HIGH_AMOUNT,TRANSACTION_BURST",False,2026-09-19T05:07:45.401Z
TXN-71122507-a4d1-42a9-a470-b43e9fc4ad66,ACC3783290795,ATM_WITHDRAWAL,814.2,INR,2026-09-19T05:07:45.401Z,WEB,SUCCESS,HEALTHCARE,Delhi,DEV-d6021645,synthetic-generator,5,2905.393846153846,13,1,3,1,False,True,False,False,True,False,3,"TRANSACTION_BURST,NEW_DEVICE",False,2026-09-19T05:07:45.401Z
TXN-2401a4c3-9f09-4b27-9a0e-8171002e9af1,ACC9963334018,ATM_WITHDRAWAL,449.19,INR,2026-09-19T05:07:45.401Z,WEB,SUCCESS,FUEL,Delhi,DEV-64631af6,synthetic-generator,5,536.0754545454546,33,6,1,1,False,True,False,False,False,False,2,TRANSACTION_BURST,False,2026-09-19T05:07:45.401Z
TXN-479dae38-06f3-471d-9f34-688cdd353105,ACC2812140441,UPI_PAYMENT,102.92,INR,2026-09-19T05:07:45.401Z,WEB,SUCCESS,UTILITIES,Lucknow,DEV-aed50fce,synthetic-generator,5,587.2391176470588,34,5,1,3,False,True,False,True,False,False,4,"TRANSACTION_BURST,LOCATION_JUMP",False,2026-09-19T05:07:45.401Z
TXN-bd891bf0-d9b4-489a-becf-8f682262e5b3,ACC9285415473,REFUND,1676.32,INR,2026-09-19T05:07:45.401Z,POS,SUCCESS,GOVERNMENT,Hyderabad,DEV-24122226,synthetic-generator,5,2868.202307692308,26,9,2,1,False,True,False,False,True,False,3,"TRANSACTION_BURST,NEW_DEVICE",False,2026-09-19T05:07:45.401Z
TXN-498f0dc2-983e-4104-af66-384133b2d1c4,ACC6317189421,DEPOSIT,490.04,INR,2026-09-19T05:07:45.401Z,UPI,SUCCESS,ENTERTAINMENT,Hyderabad,DEV-9729ba0b,synthetic-generator,5,2271.845,6,0,3,1,False,False,False,False,True,False,1,NEW_DEVICE,False,2026-09-19T05:07:45.401Z
TXN-ac329c87-3f6f-4ddc-a623-e6594578edc0,ACC6924716023,DEPOSIT,211.59,INR,2026-09-19T05:07:45.401Z,MOBILE,SUCCESS,GOVERNMENT,Delhi,DEV-cda11eca,synthetic-generator,5,1296.8735897435897,39,12,2,2,False,True,False,True,True,False,5,"TRANSACTION_BURST,LOCATION_JUMP,NEW_DEVICE",True,2026-09-19T05:07:45.401Z
TXN-55483789-199a-44ac-a9da-7a0726a6e211,ACC4466589567,BILL_PAYMENT,1114.84,INR,2026-09-19T05:07:45.402Z,POS,SUCCESS,TRAVEL,Chennai,DEV-754e6b9b,synthetic-generator,5,1452.88875,8,1,3,1,False,False,False,False,True,False,1,NEW_DEVICE,False,2026-09-19T05:07:45.402Z
TXN-e55eb987-31c1-4ac6-90eb-a39e8231ba9f,ACC9285415473,ATM_WITHDRAWAL,7040.06,INR,2026-09-19T05:07:45.402Z,WEB,SUCCESS,FINANCIAL_SERVICES,Hyderabad,DEV-24122226,synthetic-generator,5,2868.202307692308,26,9,2,1,False,True,False,False,True,False,3,"TRANSACTION_BURST,NEW_DEVICE",False,2026-09-19T05:07:45.402Z
TXN-54cbb057-353d-46ba-bad4-d24c987ff548,ACC4163119785,ATM_WITHDRAWAL,240.87,INR,2026-09-19T05:07:45.402Z,POS,SUCCESS,DINING,Pune,DEV-5e9107b0,synthetic-generator,5,353.8857142857143,7,0,2,1,False,False,False,False,True,False,1,NEW_DEVICE,False,2026-09-19T05:07:45.402Z
TXN-b8b9c0d2-51b2-4fde-9273-baa787ec94c3,ACC7635473142,REFUND,87.61,INR,2026-09-19T05:07:45.402Z,UPI,SUCCESS,FUEL,Kolkata,DEV-f334152f,synthetic-generator,5,1023.3171428571429,14,5,2,1,False,True,False,False,True,False,3,"TRANSACTION_BURST,NEW_DEVICE",False,2026-09-19T05:07:45.402Z
TXN-7223df3d-e384-40cf-a3c1-6389e9dc3765,ACC9894847574,UPI_PAYMENT,451.06,INR,2026-09-19T05:07:45.402Z,WEB,SUCCESS,UTILITIES,Kolkata,DEV-43f91aad,synthetic-generator,5,1558.878,15,2,2,5,False,True,False,True,True,False,5,"TRANSACTION_BURST,LOCATION_JUMP,NEW_DEVICE",True,2026-09-19T05:07:45.402Z
TXN-00e43853-2251-4f26-9d6b-681d775f47e5,ACC2566942273,REFUND,482.6,INR,2026-09-19T05:07:45.402Z,BRANCH,SUCCESS,GROCERY,Kolkata,DEV-18e6ece8,synthetic-generator,5,250.60399999999998,10,0,1,5,False,True,False,True,False,False,4,"TRANSACTION_BURST,LOCATION_JUMP",False,2026-09-19T05:07:45.402Z
TXN-44a0011e-1368-4a37-b6b9-b2ad95e86d31,ACC8995970241,CARD_PAYMENT,332.33,INR,2026-09-19T05:07:45.402Z,WEB,PENDING,DINING,Mumbai,DEV-c976717d,synthetic-generator,5,634.364,10,2,2,1,False,True,False,False,True,False,3,"TRANSACTION_BURST,NEW_DEVICE",False,2026-09-19T05:07:45.402Z
TXN-cb06b877-b291-4223-a0c1-930aa0e609a8,ACC1519709079,CARD_PAYMENT,346.03,INR,2026-09-19T05:07:45.402Z,BRANCH,SUCCESS,UTILITIES,Lucknow,DEV-7b3b6710,synthetic-generator,5,374.24260869565217,23,2,3,1,False,True,False,False,True,False,3,"TRANSACTION_BURST,NEW_DEVICE",False,2026-09-19T05:07:45.402Z
TXN-cb32b7e3-9d73-4a7b-88f4-4ffd9da4ec9c,ACC7665963761,UPI_PAYMENT,801.88,INR,2026-09-19T05:07:45.402Z,POS,SUCCESS,GROCERY,Ahmedabad,DEV-fab11dc3,synthetic-generator,5,407.376,5,0,3,1,False,False,False,False,True,False,1,NEW_DEVICE,False,2026-09-19T05:07:45.402Z
TXN-8894dbcc-0d64-40ed-8dd5-8ddc0c65217c,ACC7114223633,ATM_WITHDRAWAL,1372.88,INR,2026-09-19T05:07:45.402Z,POS,SUCCESS,ECOMMERCE,Lucknow,DEV-55bbaf7f,synthetic-generator,5,5201.48875,16,0,3,4,False,True,False,True,True,False,5,"TRANSACTION_BURST,LOCATION_JUMP,NEW_DEVICE",True,2026-09-19T05:07:45.402Z
TXN-2d9cd919-af5e-4b75-bffa-b63b29e85665,ACC7825844140,UPI_PAYMENT,179.88,INR,2026-09-19T05:07:45.402Z,BRANCH,SUCCESS,GOVERNMENT,Ahmedabad,DEV-6cfc07d0,synthetic-generator,5,520.06,11,1,1,1,False,True,False,False,False,False,2,TRANSACTION_BURST,False,2026-09-19T05:07:45.402Z
TXN-5f78b563-b548-4713-99ee-3d49ae0bb9b5,ACC8086172302,UPI_PAYMENT,423.38,INR,2026-09-19T05:07:45.402Z,BRANCH,SUCCESS,OTHER,Mumbai,DEV-c985195d,synthetic-generator,5,3426.0128571428572,7,0,2,1,False,False,False,False,True,False,1,NEW_DEVICE,False,2026-09-19T05:07:45.402Z
TXN-8b5504fc-7c70-4e9f-b5a7-b818ddc784a3,ACC1127978094,REFUND,168.47,INR,2026-09-19T05:07:45.402Z,BRANCH,FAILED,ENTERTAINMENT,Pune,DEV-9aedd924,synthetic-generator,5,374.10181818181815,11,7,1,1,False,True,True,False,False,False,4,"TRANSACTION_BURST,REPEATED_FAILURES",False,2026-09-19T05:07:45.402Z
TXN-c1a901c9-3ebc-4e3d-858d-e16b3e5dce60,ACC7517938612,UPI_PAYMENT,3899.72,INR,2026-09-19T05:07:45.402Z,UPI,SUCCESS,FUEL,Pune,DEV-3a54fd68,synthetic-generator,5,1835.2130769230769,13,0,2,4,False,True,False,True,True,False,5,"TRANSACTION_BURST,LOCATION_JUMP,NEW_DEVICE",True,2026-09-19T05:07:45.402Z
TXN-5cbd7f20-f75a-40ba-9e3a-6c18dc9b7453,ACC1248786714,ATM_WITHDRAWAL,162.83,INR,2026-09-19T05:07:45.402Z,BRANCH,SUCCESS,FUEL,Chennai,DEV-82491810,synthetic-generator,5,392.5536363636364,11,0,2,2,False,True,False,True,True,False,5,"TRANSACTION_BURST,LOCATION_JUMP,NEW_DEVICE",True,2026-09-19T05:07:45.402Z
TXN-eb482d10-347b-475d-a2c3-20fbceff5cea,ACC4289233844,TRANSFER,369.42,INR,2026-09-19T05:07:45.402Z,POS,SUCCESS,HEALTHCARE,Hyderabad,DEV-0d90d34d,synthetic-generator,5,1004.2819999999999,15,2,1,3,False,True,False,True,False,False,4,"TRANSACTION_BURST,LOCATION_JUMP",False,2026-09-19T05:07:45.402Z
TXN-cc7b8d6e-ce1f-452b-92a5-65b287926153,ACC8934927891,ATM_WITHDRAWAL,89.44,INR,2026-09-19T05:07:45.402Z,MOBILE,SUCCESS,UTILITIES,Jaipur,DEV-613ca578,synthetic-generator,5,280.422,5,1,2,1,False,False,False,False,True,False,1,NEW_DEVICE,False,2026-09-19T05:07:45.402Z
TXN-04e9086a-0e83-42a6-8628-f5c0d2506636,ACC9703905715,BILL_PAYMENT,682.18,INR,2026-09-19T05:07:45.402Z,POS,SUCCESS,UTILITIES,Hyderabad,DEV-6387f5a3,synthetic-generator,5,1864.245263157895,19,1,1,1,False,True,False,False,False,False,2,TRANSACTION_BURST,False,2026-09-19T05:07:45.402Z
TXN-6eb0e254-07a7-496f-ae71-f5ee552db0e3,ACC5710360983,ATM_WITHDRAWAL,713.21,INR,2026-09-19T05:07:45.402Z,POS,SUCCESS,GOVERNMENT,Pune,DEV-a21a502a,synthetic-generator,5,1179.485,12,0,1,1,False,True,False,False,False,False,2,TRANSACTION_BURST,False,2026-09-19T05:07:45.402Z
TXN-bc7ac53e-cca1-4a25-b52d-16263ae4a76f,ACC7483366056,UPI_PAYMENT,445.09,INR,2026-09-19T05:07:45.402Z,POS,SUCCESS,ENTERTAINMENT,Hyderabad,DEV-051404c6,synthetic-generator,5,735.3166666666666,9,1,1,3,False,True,False,True,False,False,4,"TRANSACTION_BURST,LOCATION_JUMP",False,2026-09-19T05:07:45.402Z
TXN-d2faf5bd-a6fe-4cd3-a761-159842aa0342,ACC1083651970,ATM_WITHDRAWAL,2148.81,INR,2026-09-19T05:07:45.402Z,ATM,SUCCESS,HEALTHCARE,Hyderabad,DEV-1b315130,synthetic-generator,5,2311.6264285714287,14,0,1,1,False,True,False,False,False,False,2,TRANSACTION_BURST,False,2026-09-19T05:07:45.402Z
TXN-e0b8e667-fbaf-47bc-b1d9-adce7c67606a,ACC8293453178,CARD_PAYMENT,364.88,INR,2026-09-19T05:07:45.402Z,WEB,SUCCESS,GROCERY,Chennai,DEV-38c360f7,synthetic-generator,5,471.825,12,2,1,1,False,True,False,False,False,False,2,TRANSACTION_BURST,False,2026-09-19T05:07:45.402Z
TXN-520afb5a-9bcf-4e40-86f1-84b01129298d,ACC5567816720,UPI_PAYMENT,234.27,INR,2026-09-19T05:07:45.402Z,UPI,SUCCESS,DINING,Pune,DEV-121f8f93,synthetic-generator,5,365.1275,8,0,2,1,False,False,False,False,True,False,1,NEW_DEVICE,False,2026-09-19T05:07:45.402Z
TXN-f2180c42-fcad-49ba-9720-c15fbe9eedf7,ACC2625792787,REFUND,2504.95,INR,2026-09-19T05:07:45.402Z,UPI,SUCCESS,UTILITIES,Jaipur,DEV-ace75fb8,synthetic-generator,5,4126.750769230769,13,0,1,1,False,True,False,False,False,False,2,TRANSACTION_BURST,False,2026-09-19T05:07:45.402Z
TXN-5f8ebfbd-7d23-49cd-baa2-1c05f8443433,ACC9894847574,UPI_PAYMENT,1361.91,INR,2026-09-19T05:07:45.402Z,UPI,SUCCESS,ENTERTAINMENT,Kolkata,DEV-eed3b63b,synthetic-generator,5,1558.878,15,2,2,5,False,True,False,True,True,False,5,"TRANSACTION_BURST,LOCATION_JUMP,NEW_DEVICE",True,2026-09-19T05:07:45.402Z
TXN-588cba28-2e9d-4718-b511-060d5f4214b2,ACC4289233844,UPI_PAYMENT,446.81,INR,2026-09-19T05:07:45.402Z,POS,SUCCESS,ENTERTAINMENT,Hyderabad,DEV-0d90d34d,synthetic-generator,5,1004.2819999999999,15,2,1,3,False,True,False,True,False,False,4,"TRANSACTION_BURST,LOCATION_JUMP",False,2026-09-19T05:07:45.402Z
TXN-028aede2-6994-48f1-97b8-89b416fcef4a,ACC1519709079,UPI_PAYMENT,812.19,INR,2026-09-19T05:07:45.402Z,ATM,PENDING,HEALTHCARE,Lucknow,DEV-f7a7d5f2,synthetic-generator,5,374.24260869565217,23,2,3,1,False,True,False,False,True,False,3,"TRANSACTION_BURST,NEW_DEVICE",False,2026-09-19T05:07:45.402Z
TXN-294410de-0f15-45b3-91c2-4bc4acc26d20,ACC2566942273,TRANSFER,302.69,INR,2026-09-19T05:07:45.402Z,MOBILE,SUCCESS,GOVERNMENT,Pune,DEV-18e6ece8,synthetic-generator,5,250.60399999999998,10,0,1,5,False,True,False,True,False,False,4,"TRANSACTION_BURST,LOCATION_JUMP",False,2026-09-19T05:07:45.402Z
TXN-555acd3d-2e25-4fec-b567-7b5dcad98e49,ACC4026113008,DEPOSIT,5646.37,INR,2026-09-19T05:07:45.402Z,POS,SUCCESS,TRAVEL,Ahmedabad,DEV-c444571d,synthetic-generator,5,3347.5088888888886,18,7,3,3,False,True,False,True,True,False,5,"TRANSACTION_BURST,LOCATION_JUMP,NEW_DEVICE",True,2026-09-19T05:07:45.402Z
TXN-f7a080c9-d5f3-4612-ac10-7cd9789d6fbe,ACC4888749350,DEPOSIT,392.39,INR,2026-09-19T05:07:45.402Z,BRANCH,SUCCESS,ENTERTAINMENT,Hyderabad,DEV-d79b40eb,synthetic-generator,5,1120.5018181818182,11,0,1,1,False,True,False,False,False,False,2,TRANSACTION_BURST,False,2026-09-19T05:07:45.402Z
TXN-5a61e02c-bdc4-4aed-b368-6518fdea6233,ACC9703905715,DEPOSIT,554.72,INR,2026-09-19T05:07:45.402Z,ATM,SUCCESS,FINANCIAL_SERVICES,Hyderabad,DEV-6387f5a3,synthetic-generator,5,1864.245263157895,19,1,1,1,False,True,False,False,False,False,2,TRANSACTION_BURST,False,2026-09-19T05:07:45.402Z
TXN-8be129b6-51fd-4866-8606-1ba992f6e281,ACC4095476665,TRANSFER,202.86,INR,2026-09-19T05:07:45.402Z,UPI,SUCCESS,TRAVEL,Kolkata,DEV-e1134412,synthetic-generator,5,495.94666666666666,15,3,2,1,False,True,False,False,True,False,3,"TRANSACTION_BURST,NEW_DEVICE",False,2026-09-19T05:07:45.402Z
TXN-46bc2d88-f536-4c8c-8b2f-98c3b4cee2aa,ACC9894264595,UPI_PAYMENT,314.2,INR,2026-09-19T05:07:45.402Z,BRANCH,SUCCESS,HEALTHCARE,Delhi,DEV-b1e5726c,synthetic-generator,5,1252.0023076923076,13,0,1,1,False,True,False,False,False,False,2,TRANSACTION_BURST,False,2026-09-19T05:07:45.402Z
TXN-2bb3d0e8-7c5a-44a4-814c-4cba3f590b73,ACC5774080233,BILL_PAYMENT,379.21,INR,2026-09-19T05:07:45.402Z,BRANCH,FAILED,ENTERTAINMENT,Chennai,DEV-a9310803,synthetic-generator,5,369.478,15,1,3,3,False,True,False,True,True,False,5,"TRANSACTION_BURST,LOCATION_JUMP,NEW_DEVICE",True,2026-09-19T05:07:45.402Z
TXN-42add4d0-934d-421f-b749-3264ad2fd977,ACC6317189421,BILL_PAYMENT,7195.74,INR,2026-09-19T05:07:45.402Z,ATM,SUCCESS,ECOMMERCE,Hyderabad,DEV-9729ba0b,synthetic-generator,5,2271.845,6,0,3,1,True,False,False,False,True,False,3,"HIGH_AMOUNT,NEW_DEVICE",False,2026-09-19T05:07:45.402Z
TXN-06cb07ae-ece0-4d71-b145-b0ae150ecd1c,ACC4131575764,DEPOSIT,1339.38,INR,2026-09-19T05:07:45.402Z,BRANCH,SUCCESS,GROCERY,Chennai,DEV-2d13eb19,synthetic-generator,5,1197.8876923076923,13,0,2,3,False,True,False,True,True,False,5,"TRANSACTION_BURST,LOCATION_JUMP,NEW_DEVICE",True,2026-09-19T05:07:45.402Z
TXN-35d45df7-1c3e-48d9-b04f-93d4310ef5bc,ACC4026113008,DEPOSIT,1804.63,INR,2026-09-19T05:07:45.402Z,BRANCH,FAILED,ENTERTAINMENT,Ahmedabad,DEV-c444571d,synthetic-generator,5,3347.5088888888886,18,7,3,3,False,True,True,True,True,False,7,"TRANSACTION_BURST,REPEATED_FAILURES,LOCATION_JUMP,NEW_DEVICE",True,2026-09-19T05:07:45.402Z
TXN-9dab4d97-89a6-46ec-b52f-6e218726fec8,ACC3479708607,REFUND,6607.16,INR,2026-09-19T05:07:45.402Z,MOBILE,SUCCESS,HEALTHCARE,Ahmedabad,DEV-316a8ea5,synthetic-generator,5,2299.897619047619,21,1,3,1,False,True,False,False,True,False,3,"TRANSACTION_BURST,NEW_DEVICE",False,2026-09-19T05:07:45.402Z
TXN-3b4c65b0-65fa-4a9d-8c88-eb79cc580892,ACC3746317213,DEPOSIT,327.5,INR,2026-09-19T05:07:45.402Z,UPI,SUCCESS,DINING,Chennai,DEV-a51fa206,synthetic-generator,5,468.23333333333335,6,1,3,3,False,False,False,True,True,False,3,"LOCATION_JUMP,NEW_DEVICE",False,2026-09-19T05:07:45.402Z
TXN-bbb3b2f1-f125-40a6-afd8-7519ca4c227b,ACC3361388464,REFUND,3138.44,INR,2026-09-19T05:07:45.402Z,POS,SUCCESS,FINANCIAL_SERVICES,Kolkata,DEV-e56d029c,synthetic-generator,5,1572.1863636363635,11,1,2,1,False,True,False,False,True,False,3,"TRANSACTION_BURST,NEW_DEVICE",False,2026-09-19T05:07:45.402Z
TXN-b5a42642-c211-418c-95fb-ca2c23e6b181,ACC2452066459,UPI_PAYMENT,59.35,INR,2026-09-19T05:07:45.402Z,ATM,PENDING,HEALTHCARE,Pune,DEV-8be628a6,synthetic-generator,5,605.7847222222222,36,10,3,5,False,True,False,True,True,False,5,"TRANSACTION_BURST,LOCATION_JUMP,NEW_DEVICE",True,2026-09-19T05:07:45.402Z
TXN-bc527d05-0612-4d71-8e23-1d9b2ea936a0,ACC9894264595,UPI_PAYMENT,232.33,INR,2026-09-19T05:07:45.402Z,BRANCH,SUCCESS,ENTERTAINMENT,Delhi,DEV-b1e5726c,synthetic-generator,5,1252.0023076923076,13,0,1,1,False,True,False,False,False,False,2,TRANSACTION_BURST,False,2026-09-19T05:07:45.402Z
TXN-a58dd8ec-89bc-4663-a124-22c3924b730d,ACC6924716023,REFUND,65.22,INR,2026-09-19T05:07:45.402Z,MOBILE,SUCCESS,OTHER,Delhi,DEV-9603ec5d,synthetic-generator,5,1296.8735897435897,39,12,2,2,False,True,False,True,True,False,5,"TRANSACTION_BURST,LOCATION_JUMP,NEW_DEVICE",True,2026-09-19T05:07:45.402Z
TXN-2f898d67-ee8d-4b3c-9a04-fb6962cc8dde,ACC8987073217,UPI_PAYMENT,1872.16,INR,2026-09-19T05:07:45.402Z,WEB,SUCCESS,HEALTHCARE,Ahmedabad,DEV-11745ca7,synthetic-generator,5,806.3833333333333,12,1,3,1,False,True,False,False,True,False,3,"TRANSACTION_BURST,NEW_DEVICE",False,2026-09-19T05:07:45.402Z
TXN-92ba477a-6176-44ef-a400-3a70677ca7b3,ACC8047877267,BILL_PAYMENT,418.75,INR,2026-09-19T05:07:45.402Z,UPI,FAILED,GROCERY,Jaipur,DEV-c12fe6a2,synthetic-generator,5,1046.5081818181818,22,2,2,3,False,True,False,True,True,False,5,"TRANSACTION_BURST,LOCATION_JUMP,NEW_DEVICE",True,2026-09-19T05:07:45.402Z
TXN-d499ee76-b877-448b-b714-2f6d07c5973a,ACC6756332150,DEPOSIT,1301.29,INR,2026-09-19T05:07:45.402Z,MOBILE,SUCCESS,ECOMMERCE,Ahmedabad,DEV-a5c14ad5,synthetic-generator,5,1154.348,10,0,3,3,False,True,False,True,True,False,5,"TRANSACTION_BURST,LOCATION_JUMP,NEW_DEVICE",True,2026-09-19T05:07:45.402Z
TXN-d6f2a3f7-c5cc-4c1b-909f-d05b58292423,ACC1470939445,REFUND,107.13,INR,2026-09-19T05:07:45.402Z,UPI,SUCCESS,OTHER,Lucknow,DEV-b80db0fd,synthetic-generator,5,630.3511111111111,18,6,3,1,False,True,False,False,True,False,3,"TRANSACTION_BURST,NEW_DEVICE",False,2026-09-19T05:07:45.402Z
TXN-ef5c9ad8-6481-42b0-8795-49cdec02e901,ACC7567496105,UPI_PAYMENT,6050.75,INR,2026-09-19T05:07:45.402Z,POS,SUCCESS,ECOMMERCE,Lucknow,DEV-2ebdd51d,synthetic-generator,5,4368.3976923076925,13,1,1,1,False,True,False,False,False,False,2,TRANSACTION_BURST,False,2026-09-19T05:07:45.402Z
TXN-a7d69165-0e64-407a-9365-1bd5c1eb1fe8,ACC4131575764,REFUND,348.78,INR,2026-09-19T05:07:45.402Z,WEB,PENDING,GOVERNMENT,Chennai,DEV-2d13eb19,synthetic-generator,5,1197.8876923076923,13,0,2,3,False,True,False,True,True,False,5,"TRANSACTION_BURST,LOCATION_JUMP,NEW_DEVICE",True,2026-09-19T05:07:45.402Z
TXN-ee76ee32-2558-4db2-877e-c51a76f66b13,ACC1248786714,DEPOSIT,131.94,INR,2026-09-19T05:07:45.402Z,ATM,SUCCESS,ECOMMERCE,Chennai,DEV-82491810,synthetic-generator,5,392.5536363636364,11,0,2,2,False,True,False,True,True,False,5,"TRANSACTION_BURST,LOCATION_JUMP,NEW_DEVICE",True,2026-09-19T05:07:45.402Z
TXN-3cfde98c-3b49-4f01-8f73-cf4cc46bb04d,ACC1817804383,CARD_PAYMENT,568.84,INR,2026-09-19T05:07:45.402Z,UPI,SUCCESS,GROCERY,Jaipur,DEV-648b28d5,synthetic-generator,5,605.3580000000001,30,5,3,3,False,True,False,True,True,False,5,"TRANSACTION_BURST,LOCATION_JUMP,NEW_DEVICE",True,2026-09-19T05:07:45.402Z
TXN-39509338-039f-40b6-ab7f-2f93cc7f4600,ACC3361388464,BILL_PAYMENT,2611.51,INR,2026-09-19T05:07:45.402Z,WEB,SUCCESS,TRAVEL,Kolkata,DEV-05bc5ef2,synthetic-generator,5,1572.1863636363635,11,1,2,1,False,True,False,False,True,False,3,"TRANSACTION_BURST,NEW_DEVICE",False,2026-09-19T05:07:45.402Z
TXN-925883ed-dc88-4fa8-a074-67fa4a730916,ACC7887950851,ATM_WITHDRAWAL,2304.29,INR,2026-09-19T05:07:45.402Z,WEB,SUCCESS,ENTERTAINMENT,Jaipur,DEV-df7720d4,synthetic-generator,5,1294.8766666666668,6,0,3,1,False,False,False,False,True,False,1,NEW_DEVICE,False,2026-09-19T05:07:45.402Z
TXN-5ffe657f-b168-4587-82b3-10a7f99b72b0,ACC1127978094,UPI_PAYMENT,235.15,INR,2026-09-19T05:07:45.402Z,ATM,FAILED,FINANCIAL_SERVICES,Pune,DEV-9aedd924,synthetic-generator,5,374.10181818181815,11,7,1,1,False,True,True,False,False,False,4,"TRANSACTION_BURST,REPEATED_FAILURES",False,2026-09-19T05:07:45.402Z
TXN-e6a97500-0b7d-4ad1-8d28-c73bf283f4b4,ACC9703905715,BILL_PAYMENT,1121.14,INR,2026-09-19T05:07:45.402Z,POS,SUCCESS,FUEL,Hyderabad,DEV-6387f5a3,synthetic-generator,5,1864.245263157895,19,1,1,1,False,True,False,False,False,False,2,TRANSACTION_BURST,False,2026-09-19T05:07:45.402Z
TXN-f04788d1-8805-4c8b-a33f-e8cab45e9ce8,ACC5693307665,CARD_PAYMENT,3372.7,INR,2026-09-19T05:07:45.402Z,POS,SUCCESS,ENTERTAINMENT,Hyderabad,DEV-f3eef1e4,synthetic-generator,5,1745.453,10,1,1,3,False,True,False,True,False,False,4,"TRANSACTION_BURST,LOCATION_JUMP",False,2026-09-19T05:07:45.402Z
TXN-e08944db-0780-4f5d-bb23-074ed520fdf5,ACC6884882440,BILL_PAYMENT,627.49,INR,2026-09-19T05:07:45.402Z,BRANCH,SUCCESS,EDUCATION,Mumbai,DEV-d32dd4f1,synthetic-generator,5,543.7458823529412,34,7,3,1,False,True,False,False,True,False,3,"TRANSACTION_BURST,NEW_DEVICE",False,2026-09-19T05:07:45.402Z
TXN-56be17ef-3a60-4689-b1c5-886e734cb597,ACC5996775663,DEPOSIT,2089.81,INR,2026-09-19T05:07:45.402Z,ATM,PENDING,ECOMMERCE,Hyderabad,DEV-bd453a08,synthetic-generator,5,3597.0620000000004,20,1,1,1,False,True,False,False,False,False,2,TRANSACTION_BURST,False,2026-09-19T05:07:45.402Z
TXN-c6132858-bbf5-4494-ae59-8c1701661fe4,ACC8987073217,REFUND,1506.64,INR,2026-09-19T05:07:45.402Z,MOBILE,SUCCESS,UTILITIES,Ahmedabad,DEV-80f1f0d4,synthetic-generator,5,806.3833333333333,12,1,3,1,False,True,False,False,True,False,3,"TRANSACTION_BURST,NEW_DEVICE",False,2026-09-19T05:07:45.402Z
TXN-989c048c-0019-4fc5-9959-d73fcbef904f,ACC4131575764,ATM_WITHDRAWAL,2013.52,INR,2026-09-19T05:07:45.402Z,BRANCH,SUCCESS,ENTERTAINMENT,Delhi,DEV-dcdaea1d,synthetic-generator,5,1197.8876923076923,13,0,2,3,False,True,False,True,True,False,5,"TRANSACTION_BURST,LOCATION_JUMP,NEW_DEVICE",True,2026-09-19T05:07:45.402Z
TXN-881aa99b-a344-4a32-8ee6-bf977f05d3d8,ACC3392080953,CARD_PAYMENT,3859.35,INR,2026-09-19T05:07:45.402Z,POS,SUCCESS,TRAVEL,Ahmedabad,DEV-16de0ab5,synthetic-generator,5,1303.0548387096774,31,7,2,1,False,True,False,False,True,False,3,"TRANSACTION_BURST,NEW_DEVICE",False,2026-09-19T05:07:45.402Z
TXN-b5f87ba9-0988-49fa-bd55-54bff3f35b27,ACC5567816720,UPI_PAYMENT,829.16,INR,2026-09-19T05:07:45.402Z,WEB,SUCCESS,ECOMMERCE,Pune,DEV-121f8f93,synthetic-generator,5,365.1275,8,0,2,1,False,False,False,False,True,False,1,NEW_DEVICE,False,2026-09-19T05:07:45.402Z
TXN-3199a196-6e17-4dda-b1a2-5982193798e7,ACC3361388464,BILL_PAYMENT,1136.3,INR,2026-09-19T05:07:45.403Z,BRANCH,FAILED,DINING,Kolkata,DEV-e56d029c,synthetic-generator,5,1572.1863636363635,11,1,2,1,False,True,False,False,True,False,3,"TRANSACTION_BURST,NEW_DEVICE",False,2026-09-19T05:07:45.403Z
TXN-01f8eb80-424e-430f-9079-6db24c951c16,ACC4163119785,ATM_WITHDRAWAL,194.49,INR,2026-09-19T05:07:45.403Z,BRANCH,SUCCESS,FUEL,Pune,DEV-964f27af,synthetic-generator,5,353.8857142857143,7,0,2,1,False,False,False,False,True,False,1,NEW_DEVICE,False,2026-09-19T05:07:45.403Z
TXN-89c220f1-73ed-4b22-9194-6bb7cd47f2a5,ACC9285415473,BILL_PAYMENT,1486.98,INR,2026-09-19T05:07:45.403Z,MOBILE,FAILED,ENTERTAINMENT,Hyderabad,DEV-24122226,synthetic-generator,5,2868.202307692308,26,9,2,1,False,True,True,False,True,False,5,"TRANSACTION_BURST,REPEATED_FAILURES,NEW_DEVICE",True,2026-09-19T05:07:45.403Z
TXN-5b6bf07c-2400-4cc5-9ab7-8b4df0fa7f6b,ACC7114223633,ATM_WITHDRAWAL,5195.46,INR,2026-09-19T05:07:45.403Z,WEB,SUCCESS,UTILITIES,Lucknow,DEV-efee7601,synthetic-generator,5,5201.48875,16,0,3,4,False,True,False,True,True,False,5,"TRANSACTION_BURST,LOCATION_JUMP,NEW_DEVICE",True,2026-09-19T05:07:45.403Z
TXN-a73adc6b-4190-414f-812c-5980ff934cd2,ACC7483366056,CARD_PAYMENT,831.31,INR,2026-09-19T05:07:45.403Z,WEB,SUCCESS,GROCERY,Hyderabad,DEV-051404c6,synthetic-generator,5,735.3166666666666,9,1,1,3,False,True,False,True,False,False,4,"TRANSACTION_BURST,LOCATION_JUMP",False,2026-09-19T05:07:45.403Z
TXN-d1dfa9b9-e62f-4c1a-8b5d-98264460b2bc,ACC9894847574,ATM_WITHDRAWAL,626.29,INR,2026-09-19T05:07:45.403Z,BRANCH,SUCCESS,GOVERNMENT,Mumbai,DEV-43f91aad,synthetic-generator,5,1558.878,15,2,2,5,False,True,False,True,True,False,5,"TRANSACTION_BURST,LOCATION_JUMP,NEW_DEVICE",True,2026-09-19T05:07:45.403Z
TXN-410d21d6-bfa0-4cbd-9115-c3ea805e0664,ACC4131575764,BILL_PAYMENT,965.09,INR,2026-09-19T05:07:45.403Z,MOBILE,SUCCESS,UTILITIES,Chennai,DEV-dcdaea1d,synthetic-generator,5,1197.8876923076923,13,0,2,3,False,True,False,True,True,False,5,"TRANSACTION_BURST,LOCATION_JUMP,NEW_DEVICE",True,2026-09-19T05:07:45.403Z
TXN-0bcff289-cb93-4a66-9365-9e9d56289374,ACC4919706735,UPI_PAYMENT,620.63,INR,2026-09-19T05:07:45.403Z,UPI,SUCCESS,GROCERY,Pune,DEV-4710e4f7,synthetic-generator,5,1111.4066666666668,9,0,2,1,False,True,False,False,True,False,3,"TRANSACTION_BURST,NEW_DEVICE",False,2026-09-19T05:07:45.403Z
TXN-77aca62d-57da-4151-9cd7-db4066682099,ACC8987073217,UPI_PAYMENT,802.72,INR,2026-09-19T05:07:45.403Z,ATM,SUCCESS,FINANCIAL_SERVICES,Ahmedabad,DEV-11745ca7,synthetic-generator,5,806.3833333333333,12,1,3,1,False,True,False,False,True,False,3,"TRANSACTION_BURST,NEW_DEVICE",False,2026-09-19T05:07:45.403Z
TXN-5e7aaa0e-a09d-4e45-b984-f40a077b3182,ACC1470939445,BILL_PAYMENT,420.44,INR,2026-09-19T05:07:45.403Z,POS,SUCCESS,OTHER,Lucknow,DEV-b80db0fd,synthetic-generator,5,630.3511111111111,18,6,3,1,False,True,False,False,True,False,3,"TRANSACTION_BURST,NEW_DEVICE",False,2026-09-19T05:07:45.403Z
TXN-51de7902-9950-49a8-aeea-4ce05e550b09,ACC7635473142,CARD_PAYMENT,429.09,INR,2026-09-19T05:07:45.403Z,WEB,REVERSED,HEALTHCARE,Kolkata,DEV-c2b628ea,synthetic-generator,5,1023.3171428571429,14,5,2,1,False,True,False,False,True,False,3,"TRANSACTION_BURST,NEW_DEVICE",False,2026-09-19T05:07:45.403Z
TXN-6f75737f-b12b-4ea1-8a7f-5ad5226a5e50,ACC8934927891,DEPOSIT,84.58,INR,2026-09-19T05:07:45.403Z,MOBILE,FAILED,ENTERTAINMENT,Jaipur,DEV-29c782ee,synthetic-generator,5,280.422,5,1,2,1,False,False,False,False,True,False,1,NEW_DEVICE,False,2026-09-19T05:07:45.403Z
TXN-9ce380f8-aa75-4a1c-b18c-dc1a16eb60fb,ACC4460967357,BILL_PAYMENT,372.97,INR,2026-09-19T05:07:45.403Z,ATM,SUCCESS,TRAVEL,Mumbai,DEV-77b070dc,synthetic-generator,5,941.7589473684211,19,12,3,1,False,True,False,False,True,False,3,"TRANSACTION_BURST,NEW_DEVICE",False,2026-09-19T05:07:45.403Z
TXN-ded7a44e-8bc5-42fb-a255-a6a1a9a7a097,ACC3710566582,UPI_PAYMENT,2126.65,INR,2026-09-19T05:07:45.403Z,BRANCH,SUCCESS,FUEL,Pune,DEV-21abe095,synthetic-generator,5,886.235,8,0,2,3,False,False,False,True,True,False,3,"LOCATION_JUMP,NEW_DEVICE",False,2026-09-19T05:07:45.403Z
TXN-ec860265-1fd9-4871-97b1-72f5963c8f18,ACC4332894265,ATM_WITHDRAWAL,845.91,INR,2026-09-19T05:07:45.403Z,POS,SUCCESS,ENTERTAINMENT,Hyderabad,DEV-70525b5f,synthetic-generator,5,1390.5892307692307,13,0,1,1,False,True,False,False,False,False,2,TRANSACTION_BURST,False,2026-09-19T05:07:45.403Z
TXN-5e6dc8cc-44d8-4369-bfe8-c42fb09b64e9,ACC6649827836,UPI_PAYMENT,722.25,INR,2026-09-19T05:07:45.403Z,BRANCH,SUCCESS,GOVERNMENT,Chennai,DEV-b8dbc058,synthetic-generator,5,1194.808,20,0,1,3,False,True,False,True,False,False,4,"TRANSACTION_BURST,LOCATION_JUMP",False,2026-09-19T05:07:45.403Z
TXN-bf61e13b-f43a-41c7-be5a-b6ea92fa7fac,ACC1470939445,BILL_PAYMENT,2280.18,INR,2026-09-19T05:07:45.403Z,POS,SUCCESS,TRAVEL,Lucknow,DEV-d002de78,synthetic-generator,5,630.3511111111111,18,6,3,1,True,True,False,False,True,False,5,"HIGH_AMOUNT,TRANSACTION_BURST,NEW_DEVICE",True,2026-09-19T05:07:45.403Z
TXN-e912fe1d-aac0-464c-a6b3-d8437cf1de32,ACC2351531223,DEPOSIT,334.84,INR,2026-09-19T05:07:45.403Z,UPI,SUCCESS,FINANCIAL_SERVICES,Hyderabad,DEV-3c339d76,synthetic-generator,5,331.96,6,0,3,1,False,False,False,False,True,False,1,NEW_DEVICE,False,2026-09-19T05:07:45.403Z
TXN-ecb01a39-a274-4fbb-a196-1e123152c409,ACC5774080233,ATM_WITHDRAWAL,316.79,INR,2026-09-19T05:07:45.403Z,WEB,SUCCESS,EDUCATION,Chennai,DEV-e6832786,synthetic-generator,5,369.478,15,1,3,3,False,True,False,True,True,False,5,"TRANSACTION_BURST,LOCATION_JUMP,NEW_DEVICE",True,2026-09-19T05:07:45.403Z
TXN-12ba6a67-6676-4859-ae9f-64efa32ea30d,ACC6241752544,UPI_PAYMENT,714.34,INR,2026-09-19T05:07:45.403Z,MOBILE,SUCCESS,UTILITIES,Delhi,DEV-835a70e1,synthetic-generator,5,818.9836363636364,11,0,2,1,False,True,False,False,True,False,3,"TRANSACTION_BURST,NEW_DEVICE",False,2026-09-19T05:07:45.403Z
TXN-0408fd57-2dff-411f-b61a-14636706d9c6,ACC2948728483,UPI_PAYMENT,464.93,INR,2026-09-19T05:07:45.403Z,POS,SUCCESS,GROCERY,Chennai,DEV-9556f5f5,synthetic-generator,5,1269.472380952381,42,12,3,3,False,True,False,True,True,False,5,"TRANSACTION_BURST,LOCATION_JUMP,NEW_DEVICE",True,2026-09-19T05:07:45.403Z
TXN-41711275-1cbb-443e-a616-33f786255d21,ACC4095476665,TRANSFER,251.72,INR,2026-09-19T05:07:45.403Z,BRANCH,SUCCESS,ECOMMERCE,Kolkata,DEV-e1134412,synthetic-generator,5,495.94666666666666,15,3,2,1,False,True,False,False,True,False,3,"TRANSACTION_BURST,NEW_DEVICE",False,2026-09-19T05:07:45.403Z
TXN-d1773073-1d99-4969-8c66-78b453f073f4,ACC6241752544,TRANSFER,496.69,INR,2026-09-19T05:07:45.403Z,BRANCH,SUCCESS,OTHER,Delhi,DEV-835a70e1,synthetic-generator,5,818.9836363636364,11,0,2,1,False,True,False,False,True,False,3,"TRANSACTION_BURST,NEW_DEVICE",False,2026-09-19T05:07:45.403Z
TXN-5353b227-3e1d-4bc5-98c0-e0bf3c0f2c2b,ACC8235363119,REFUND,221.75,INR,2026-09-19T05:07:45.403Z,BRANCH,SUCCESS,HEALTHCARE,Pune,DEV-818eb553,synthetic-generator,5,1597.1244444444446,18,1,1,1,False,True,False,False,False,False,2,TRANSACTION_BURST,False,2026-09-19T05:07:45.403Z
TXN-b4e61de7-4999-43cd-ba27-da1a6fb545fe,ACC6488854841,ATM_WITHDRAWAL,3970.82,INR,2026-09-19T05:07:45.403Z,WEB,SUCCESS,FINANCIAL_SERVICES,Jaipur,DEV-17594c88,synthetic-generator,5,1021.0524999999999,12,0,3,1,True,True,False,False,True,False,5,"HIGH_AMOUNT,TRANSACTION_BURST,NEW_DEVICE",True,2026-09-19T05:07:45.403Z
TXN-d0e6962a-bbe2-4b4b-ad0b-0aee0a34e121,ACC6884882440,UPI_PAYMENT,338.0,INR,2026-09-19T05:07:45.403Z,WEB,SUCCESS,ENTERTAINMENT,Mumbai,DEV-0183d84b,synthetic-generator,5,543.7458823529412,34,7,3,1,False,True,False,False,True,False,3,"TRANSACTION_BURST,NEW_DEVICE",False,2026-09-19T05:07:45.403Z
TXN-83aa03a4-8e2e-4f69-aeee-8e73f4e81e3f,ACC7665963761,DEPOSIT,299.5,INR,2026-09-19T05:07:45.403Z,BRANCH,SUCCESS,ECOMMERCE,Ahmedabad,DEV-a10677f8,synthetic-generator,5,407.376,5,0,3,1,False,False,False,False,True,False,1,NEW_DEVICE,False,2026-09-19T05:07:45.403Z
TXN-229d0ac5-f02b-46e7-a024-5af51d61f86f,ACC2812140441,REFUND,1095.17,INR,2026-09-19T05:07:45.403Z,ATM,SUCCESS,GROCERY,Lucknow,DEV-aed50fce,synthetic-generator,5,587.2391176470588,34,5,1,3,False,True,False,True,False,False,4,"TRANSACTION_BURST,LOCATION_JUMP",False,2026-09-19T05:07:45.403Z
TXN-6a8fb328-d48c-4cd5-a9b9-fac8ce11faae,ACC7114223633,REFUND,2360.36,INR,2026-09-19T05:07:45.403Z,BRANCH,SUCCESS,GROCERY,Lucknow,DEV-55bbaf7f,synthetic-generator,5,5201.48875,16,0,3,4,False,True,False,True,True,False,5,"TRANSACTION_BURST,LOCATION_JUMP,NEW_DEVICE",True,2026-09-19T05:07:45.403Z
TXN-7fd82924-b559-4a5b-9d99-86fd0055f012,ACC7567496105,CARD_PAYMENT,2252.14,INR,2026-09-19T05:07:45.403Z,BRANCH,SUCCESS,DINING,Lucknow,DEV-2ebdd51d,synthetic-generator,5,4368.3976923076925,13,1,1,1,False,True,False,False,False,False,2,TRANSACTION_BURST,False,2026-09-19T05:07:45.403Z
TXN-39787cbe-0fac-4a4d-a4a1-0d1beea6afe8,ACC1519709079,BILL_PAYMENT,544.73,INR,2026-09-19T05:07:45.403Z,UPI,SUCCESS,ENTERTAINMENT,Lucknow,DEV-7b3b6710,synthetic-generator,5,374.24260869565217,23,2,3,1,False,True,False,False,True,False,3,"TRANSACTION_BURST,NEW_DEVICE",False,2026-09-19T05:07:45.403Z
TXN-0ce0d960-fcc6-4aac-98ba-537fcce78601,ACC4919706735,UPI_PAYMENT,1089.18,INR,2026-09-19T05:07:45.403Z,POS,SUCCESS,FINANCIAL_SERVICES,Pune,DEV-4710e4f7,synthetic-generator,5,1111.4066666666668,9,0,2,1,False,True,False,False,True,False,3,"TRANSACTION_BURST,NEW_DEVICE",False,2026-09-19T05:07:45.403Z
TXN-4f93706b-229d-476e-8aa5-3a6cce0913d5,ACC7146318035,DEPOSIT,3205.32,INR,2026-09-19T05:07:45.403Z,UPI,SUCCESS,GROCERY,Ahmedabad,DEV-84cbc591,synthetic-generator,5,1293.822,10,1,1,3,False,True,False,True,False,False,4,"TRANSACTION_BURST,LOCATION_JUMP",False,2026-09-19T05:07:45.403Z
TXN-4e3bc07b-e1c9-4174-9d03-cec1f2c56888,ACC7517938612,REFUND,4456.8,INR,2026-09-19T05:07:45.403Z,POS,SUCCESS,FUEL,Pune,DEV-3a54fd68,synthetic-generator,5,1835.2130769230769,13,0,2,4,False,True,False,True,True,False,5,"TRANSACTION_BURST,LOCATION_JUMP,NEW_DEVICE",True,2026-09-19T05:07:45.403Z
TXN-72ad9292-9252-47a5-885a-43100d4a8417,ACC2970753705,DEPOSIT,464.84,INR,2026-09-19T05:07:45.403Z,BRANCH,SUCCESS,TRAVEL,Pune,DEV-bfb2307b,synthetic-generator,5,1108.8274999999999,8,0,1,1,False,False,False,False,False,False,0,,False,2026-09-19T05:07:45.403Z
TXN-f4811e41-75e5-498d-8580-72bbc43308e4,ACC1965067727,UPI_PAYMENT,11538.66,INR,2026-09-19T05:07:45.403Z,ATM,SUCCESS,UTILITIES,Jaipur,DEV-d341c380,synthetic-generator,5,3115.4136363636367,11,2,1,1,True,True,False,False,False,False,4,"HIGH_AMOUNT,TRANSACTION_BURST",False,2026-09-19T05:07:45.403Z
TXN-368891a4-6345-485c-8144-2e1f62857e59,ACC4274958945,ATM_WITHDRAWAL,999.0,INR,2026-09-19T05:07:45.403Z,UPI,SUCCESS,FUEL,Delhi,DEV-08e91dd6,synthetic-generator,5,2052.52,7,0,3,1,False,False,False,False,True,False,1,NEW_DEVICE,False,2026-09-19T05:07:45.403Z
TXN-6d07f959-741a-4abf-a206-0b7f3aabaaf6,ACC2812140441,BILL_PAYMENT,1131.7,INR,2026-09-19T05:07:45.403Z,WEB,SUCCESS,FINANCIAL_SERVICES,Lucknow,DEV-aed50fce,synthetic-generator,5,587.2391176470588,34,5,1,3,False,True,False,True,False,False,4,"TRANSACTION_BURST,LOCATION_JUMP",False,2026-09-19T05:07:45.403Z
TXN-b53d9a0c-0d8c-4a06-a68e-84d55ef98c90,ACC1470939445,UPI_PAYMENT,193.93,INR,2026-09-19T05:07:45.403Z,POS,SUCCESS,OTHER,Lucknow,DEV-d002de78,synthetic-generator,5,630.3511111111111,18,6,3,1,False,True,False,False,True,False,3,"TRANSACTION_BURST,NEW_DEVICE",False,2026-09-19T05:07:45.403Z
TXN-4615d7da-d601-43e9-9939-4913f3dc4083,ACC8047877267,UPI_PAYMENT,621.52,INR,2026-09-19T05:07:45.403Z,UPI,SUCCESS,HEALTHCARE,Ahmedabad,DEV-6864daf6,synthetic-generator,5,1046.5081818181818,22,2,2,3,False,True,False,True,True,False,5,"TRANSACTION_BURST,LOCATION_JUMP,NEW_DEVICE",True,2026-09-19T05:07:45.403Z
TXN-f78fbe72-fd1b-4e72-bb53-b29de1a7535c,ACC1083651970,CARD_PAYMENT,1082.05,INR,2026-09-19T05:07:45.403Z,MOBILE,SUCCESS,OTHER,Hyderabad,DEV-1b315130,synthetic-generator,5,2311.6264285714287,14,0,1,1,False,True,False,False,False,False,2,TRANSACTION_BURST,False,2026-09-19T05:07:45.403Z
TXN-9ab429aa-adfe-4c68-af90-ef3cd70e409d,ACC9894847574,CARD_PAYMENT,1178.57,INR,2026-09-19T05:07:45.403Z,POS,SUCCESS,GOVERNMENT,Lucknow,DEV-eed3b63b,synthetic-generator,5,1558.878,15,2,2,5,False,True,False,True,True,False,5,"TRANSACTION_BURST,LOCATION_JUMP,NEW_DEVICE",True,2026-09-19T05:07:45.403Z
TXN-51c50991-8772-4164-9389-29b06f91c439,ACC3746317213,CARD_PAYMENT,494.6,INR,2026-09-19T05:07:45.403Z,ATM,SUCCESS,FUEL,Hyderabad,DEV-ecb5a32f,synthetic-generator,5,468.23333333333335,6,1,3,3,False,False,False,True,True,False,3,"LOCATION_JUMP,NEW_DEVICE",False,2026-09-19T05:07:45.403Z
TXN-f743ffe6-d01e-4c40-ba0e-74773a4a54c6,ACC5951406973,TRANSFER,230.02,INR,2026-09-19T05:07:45.403Z,MOBILE,SUCCESS,FUEL,Jaipur,DEV-d5230d07,synthetic-generator,5,1265.3874999999998,4,0,2,1,False,False,False,False,True,False,1,NEW_DEVICE,False,2026-09-19T05:07:45.403Z
TXN-4e59adac-80be-4361-abe9-4204f14d6d6c,ACC7483366056,UPI_PAYMENT,1927.12,INR,2026-09-19T05:07:45.403Z,BRANCH,SUCCESS,FUEL,Hyderabad,DEV-051404c6,synthetic-generator,5,735.3166666666666,9,1,1,3,False,True,False,True,False,False,4,"TRANSACTION_BURST,LOCATION_JUMP",False,2026-09-19T05:07:45.403Z
TXN-8c5bf5b5-c090-48fb-bfc1-1d3df5a2504a,ACC8293453178,ATM_WITHDRAWAL,1196.36,INR,2026-09-19T05:07:45.403Z,BRANCH,SUCCESS,GOVERNMENT,Chennai,DEV-38c360f7,synthetic-generator,5,471.825,12,2,1,1,False,True,False,False,False,False,2,TRANSACTION_BURST,False,2026-09-19T05:07:45.403Z
TXN-466a3e8d-1d32-4621-990d-55e22e9cbf30,ACC4332894265,UPI_PAYMENT,1288.49,INR,2026-09-19T05:07:45.403Z,UPI,SUCCESS,FUEL,Hyderabad,DEV-70525b5f,synthetic-generator,5,1390.5892307692307,13,0,1,1,False,True,False,False,False,False,2,TRANSACTION_BURST,False,2026-09-19T05:07:45.403Z
TXN-3920c3f7-e5ce-4eb0-92b5-332d64e767bf,ACC3303082117,ATM_WITHDRAWAL,936.52,INR,2026-09-19T05:07:45.403Z,UPI,SUCCESS,FINANCIAL_SERVICES,Jaipur,DEV-71b2600d,synthetic-generator,5,971.1644444444444,9,0,3,1,False,True,False,False,True,False,3,"TRANSACTION_BURST,NEW_DEVICE",False,2026-09-19T05:07:45.403Z
TXN-1f81b784-1fae-4056-8000-c053fe13c5c7,ACC9573276057,DEPOSIT,996.43,INR,2026-09-19T05:07:45.403Z,ATM,SUCCESS,FUEL,Kolkata,DEV-24d0b21a,synthetic-generator,5,1893.443,10,0,3,1,False,True,False,False,True,False,3,"TRANSACTION_BURST,NEW_DEVICE",False,2026-09-19T05:07:45.403Z
TXN-2d5456dc-36ba-4792-9405-5e5110b63222,ACC6649827836,BILL_PAYMENT,145.65,INR,2026-09-19T05:07:45.403Z,MOBILE,SUCCESS,FUEL,Chennai,DEV-b8dbc058,synthetic-generator,5,1194.808,20,0,1,3,False,True,False,True,False,False,4,"TRANSACTION_BURST,LOCATION_JUMP",False,2026-09-19T05:07:45.403Z
TXN-33a50651-c9ad-4989-88a5-687a86bea9ac,ACC5067116918,ATM_WITHDRAWAL,362.67,INR,2026-09-19T05:07:45.403Z,BRANCH,SUCCESS,TRAVEL,Mumbai,DEV-480ee279,synthetic-generator,5,2291.2725,8,1,3,1,False,False,False,False,True,False,1,NEW_DEVICE,False,2026-09-19T05:07:45.403Z
TXN-6784b66b-eb7f-4ebd-ae40-33c06dfb1248,ACC4274958945,DEPOSIT,2706.9,INR,2026-09-19T05:07:45.403Z,WEB,SUCCESS,GOVERNMENT,Delhi,DEV-65bf7ddf,synthetic-generator,5,2052.52,7,0,3,1,False,False,False,False,True,False,1,NEW_DEVICE,False,2026-09-19T05:07:45.403Z
TXN-99881366-f3a1-4399-84d9-c4fa9ad9aba6,ACC5774080233,BILL_PAYMENT,615.18,INR,2026-09-19T05:07:45.403Z,BRANCH,SUCCESS,UTILITIES,Chennai,DEV-e6832786,synthetic-generator,5,369.478,15,1,3,3,False,True,False,True,True,False,5,"TRANSACTION_BURST,LOCATION_JUMP,NEW_DEVICE",True,2026-09-19T05:07:45.403Z
TXN-ce8f9aa9-0247-4cd1-b119-2dc380f40080,ACC4466589567,ATM_WITHDRAWAL,4193.05,INR,2026-09-19T05:07:45.403Z,POS,SUCCESS,DINING,Chennai,DEV-b8a39f4b,synthetic-generator,5,1452.88875,8,1,3,1,False,False,False,False,True,False,1,NEW_DEVICE,False,2026-09-19T05:07:45.403Z
TXN-c3701aa0-7d0e-4a3d-a055-e3bf4e71b788,ACC7146318035,DEPOSIT,1199.87,INR,2026-09-19T05:07:45.403Z,ATM,FAILED,ECOMMERCE,Ahmedabad,DEV-84cbc591,synthetic-generator,5,1293.822,10,1,1,3,False,True,False,True,False,False,4,"TRANSACTION_BURST,LOCATION_JUMP",False,2026-09-19T05:07:45.403Z
TXN-2eedf62a-531f-442b-a8b8-be3a225239c3,ACC7114223633,UPI_PAYMENT,1636.02,INR,2026-09-19T05:07:45.403Z,ATM,SUCCESS,GOVERNMENT,Lucknow,DEV-76e8259f,synthetic-generator,5,5201.48875,16,0,3,4,False,True,False,True,True,False,5,"TRANSACTION_BURST,LOCATION_JUMP,NEW_DEVICE",True,2026-09-19T05:07:45.403Z
TXN-47a2a44a-69cc-4e23-896e-7e90469863fb,ACC9963334018,TRANSFER,428.1,INR,2026-09-19T05:07:45.403Z,ATM,FAILED,HEALTHCARE,Delhi,DEV-64631af6,synthetic-generator,5,536.0754545454546,33,6,1,1,False,True,True,False,False,False,4,"TRANSACTION_BURST,REPEATED_FAILURES",False,2026-09-19T05:07:45.403Z
TXN-d0d49470-e833-4786-b30d-9e78ab95c7e6,ACC6884882440,TRANSFER,551.86,INR,2026-09-19T05:07:45.403Z,BRANCH,PENDING,OTHER,Mumbai,DEV-d32dd4f1,synthetic-generator,5,543.7458823529412,34,7,3,1,False,True,False,False,True,False,3,"TRANSACTION_BURST,NEW_DEVICE",False,2026-09-19T05:07:45.403Z
TXN-b6c3df1e-ef4d-4512-b4e2-cc0ed529fa21,ACC1983297492,TRANSFER,1731.84,INR,2026-09-19T05:07:45.403Z,UPI,SUCCESS,GOVERNMENT,Pune,DEV-0a2bbaa5,synthetic-generator,5,1565.950909090909,11,2,2,1,False,True,False,False,True,False,3,"TRANSACTION_BURST,NEW_DEVICE",False,2026-09-19T05:07:45.403Z
TXN-4fe3f861-2080-40fa-a570-a47e115a077f,ACC3615507143,CARD_PAYMENT,104.85,INR,2026-09-19T05:07:45.403Z,BRANCH,SUCCESS,TRAVEL,Bengaluru,DEV-5e101f0d,synthetic-generator,5,1016.8924999999999,8,0,1,2,False,False,False,True,False,False,2,LOCATION_JUMP,False,2026-09-19T05:07:45.403Z
TXN-1627ef8c-1593-4b43-8bbd-9b38dc25eb00,ACC1083651970,DEPOSIT,219.93,INR,2026-09-19T05:07:45.403Z,POS,SUCCESS,OTHER,Hyderabad,DEV-1b315130,synthetic-generator,5,2311.6264285714287,14,0,1,1,False,True,False,False,False,False,2,TRANSACTION_BURST,False,2026-09-19T05:07:45.403Z
TXN-cb0dbe0d-fe2b-4410-bc9c-e664005fb0ff,ACC4919706735,DEPOSIT,2872.37,INR,2026-09-19T05:07:45.403Z,BRANCH,SUCCESS,OTHER,Pune,DEV-4710e4f7,synthetic-generator,5,1111.4066666666668,9,0,2,1,False,True,False,False,True,False,3,"TRANSACTION_BURST,NEW_DEVICE",False,2026-09-19T05:07:45.403Z
TXN-cc9caeea-da4d-4c34-a14a-590e76faea91,ACC7567496105,ATM_WITHDRAWAL,1507.71,INR,2026-09-19T05:07:45.403Z,ATM,SUCCESS,FINANCIAL_SERVICES,Lucknow,DEV-2ebdd51d,synthetic-generator,5,4368.3976923076925,13,1,1,1,False,True,False,False,False,False,2,TRANSACTION_BURST,False,2026-09-19T05:07:45.403Z
TXN-635255d4-a8c2-4d9b-b34e-ad822a90ad0e,ACC7114223633,TRANSFER,1541.76,INR,2026-09-19T05:07:45.403Z,BRANCH,SUCCESS,ENTERTAINMENT,Lucknow,DEV-55bbaf7f,synthetic-generator,5,5201.48875,16,0,3,4,False,True,False,True,True,False,5,"TRANSACTION_BURST,LOCATION_JUMP,NEW_DEVICE",True,2026-09-19T05:07:45.403Z
TXN-3d70df8c-d7c7-4296-91ee-24059b1d4b2a,ACC2181241943,UPI_PAYMENT,891.16,INR,2026-09-19T05:07:45.403Z,UPI,SUCCESS,DINING,Hyderabad,DEV-f6824ffe,synthetic-generator,5,2125.5550000000003,8,0,1,1,False,False,False,False,False,False,0,,False,2026-09-19T05:07:45.403Z
TXN-6766292a-1615-4b42-8c12-9c8955668d8b,ACC4289233844,CARD_PAYMENT,798.74,INR,2026-09-19T05:07:45.403Z,BRANCH,SUCCESS,ENTERTAINMENT,Hyderabad,DEV-0d90d34d,synthetic-generator,5,1004.2819999999999,15,2,1,3,False,True,False,True,False,False,4,"TRANSACTION_BURST,LOCATION_JUMP",False,2026-09-19T05:07:45.403Z
TXN-8e31d4d5-b67d-4964-a153-b2a3ff0508b3,ACC5067116918,REFUND,421.46,INR,2026-09-19T05:07:45.403Z,MOBILE,SUCCESS,ENTERTAINMENT,Mumbai,DEV-fbedb3e5,synthetic-generator,5,2291.2725,8,1,3,1,False,False,False,False,True,False,1,NEW_DEVICE,False,2026-09-19T05:07:45.403Z
TXN-1e833e19-9694-4367-bdcd-7a4aee1be9d2,ACC1983297492,BILL_PAYMENT,5454.51,INR,2026-09-19T05:07:45.403Z,MOBILE,SUCCESS,ECOMMERCE,Pune,DEV-d596ca91,synthetic-generator,5,1565.950909090909,11,2,2,1,True,True,False,False,True,False,5,"HIGH_AMOUNT,TRANSACTION_BURST,NEW_DEVICE",True,2026-09-19T05:07:45.403Z
TXN-8562d731-03d9-4a8d-8744-232ca82ec870,ACC4026113008,CARD_PAYMENT,1305.52,INR,2026-09-19T05:07:45.403Z,BRANCH,REVERSED,TRAVEL,Ahmedabad,DEV-c444571d,synthetic-generator,5,3347.5088888888886,18,7,3,3,False,True,False,True,True,False,5,"TRANSACTION_BURST,LOCATION_JUMP,NEW_DEVICE",True,2026-09-19T05:07:45.403Z
TXN-07bd3cef-75aa-47f3-833a-9a398eb87f80,ACC6241752544,DEPOSIT,251.22,INR,2026-09-19T05:07:45.403Z,POS,SUCCESS,HEALTHCARE,Delhi,DEV-835a70e1,synthetic-generator,5,818.9836363636364,11,0,2,1,False,True,False,False,True,False,3,"TRANSACTION_BURST,NEW_DEVICE",False,2026-09-19T05:07:45.403Z
TXN-6f377e65-a8e8-4bbf-8bc0-2d0ea6dd1028,ACC1958682846,UPI_PAYMENT,735.44,INR,2026-09-19T05:07:45.403Z,ATM,SUCCESS,EDUCATION,Hyderabad,DEV-fbcc1e1f,synthetic-generator,5,1994.2518181818182,11,0,1,1,False,True,False,False,False,False,2,TRANSACTION_BURST,False,2026-09-19T05:07:45.403Z
TXN-4841d5c4-709c-449c-a3e8-a93c1dcea2ff,ACC6488854841,UPI_PAYMENT,129.7,INR,2026-09-19T05:07:45.403Z,WEB,SUCCESS,TRAVEL,Jaipur,DEV-a9b80334,synthetic-generator,5,1021.0524999999999,12,0,3,1,False,True,False,False,True,False,3,"TRANSACTION_BURST,NEW_DEVICE",False,2026-09-19T05:07:45.403Z
TXN-635e329c-1617-4b24-81e9-8d31f0faa739,ACC6633778586,TRANSFER,3121.0,INR,2026-09-19T05:07:45.403Z,POS,SUCCESS,DINING,Delhi,DEV-d0af68a5,synthetic-generator,5,1848.8355555555556,9,0,2,1,False,True,False,False,True,False,3,"TRANSACTION_BURST,NEW_DEVICE",False,2026-09-19T05:07:45.403Z
TXN-0ee46ca1-d51e-4247-84a9-839bec7b41e4,ACC4332894265,CARD_PAYMENT,696.33,INR,2026-09-19T05:07:45.403Z,ATM,SUCCESS,FUEL,Hyderabad,DEV-70525b5f,synthetic-generator,5,1390.5892307692307,13,0,1,1,False,True,False,False,False,False,2,TRANSACTION_BURST,False,2026-09-19T05:07:45.403Z
TXN-56e6f7cc-067d-492b-8a6b-5f7b28f6d05e,ACC8763140509,ATM_WITHDRAWAL,381.2,INR,2026-09-19T05:07:45.403Z,BRANCH,SUCCESS,DINING,Pune,DEV-1d690eae,synthetic-generator,5,275.375,4,0,1,1,False,False,False,False,False,False,0,,False,2026-09-19T05:07:45.403Z
TXN-a02ff75b-d598-46c6-aa71-8011ae1e4768,ACC9573276057,DEPOSIT,1689.46,INR,2026-09-19T05:07:45.403Z,WEB,SUCCESS,UTILITIES,Kolkata,DEV-54a2911e,synthetic-generator,5,1893.443,10,0,3,1,False,True,False,False,True,False,3,"TRANSACTION_BURST,NEW_DEVICE",False,2026-09-19T05:07:45.403Z
TXN-21c5bae3-55d1-4787-bd25-abe9d72b5547,ACC9285415473,TRANSFER,27703.24,INR,2026-09-19T05:07:45.403Z,WEB,SUCCESS,GOVERNMENT,Hyderabad,DEV-24122226,synthetic-generator,5,2868.202307692308,26,9,2,1,True,True,False,False,True,False,5,"HIGH_AMOUNT,TRANSACTION_BURST,NEW_DEVICE",True,2026-09-19T05:07:45.403Z
TXN-f6f129c3-ebb6-4a99-b714-8c2cfe7ae6a8,ACC9963334018,UPI_PAYMENT,1262.69,INR,2026-09-19T05:07:45.403Z,WEB,FAILED,ENTERTAINMENT,Delhi,DEV-64631af6,synthetic-generator,5,536.0754545454546,33,6,1,1,False,True,True,False,False,False,4,"TRANSACTION_BURST,REPEATED_FAILURES",False,2026-09-19T05:07:45.403Z
TXN-e528bfa4-2e9f-430b-9e6f-f4e3dfabb034,ACC1945826486,BILL_PAYMENT,899.65,INR,2026-09-19T05:07:45.403Z,ATM,SUCCESS,OTHER,Delhi,DEV-7c79de1a,synthetic-generator,5,1154.3345,20,0,3,3,False,True,False,True,True,False,5,"TRANSACTION_BURST,LOCATION_JUMP,NEW_DEVICE",True,2026-09-19T05:07:45.403Z
TXN-75fc4623-a668-47ab-bb5c-b5dcae90b4a3,ACC7567496105,UPI_PAYMENT,3217.2,INR,2026-09-19T05:07:45.403Z,BRANCH,SUCCESS,UTILITIES,Lucknow,DEV-2ebdd51d,synthetic-generator,5,4368.3976923076925,13,1,1,1,False,True,False,False,False,False,2,TRANSACTION_BURST,False,2026-09-19T05:07:45.403Z
TXN-d9e8fe9e-6ebe-4f29-97dc-5d721d23504b,ACC1667779376,REFUND,458.58,INR,2026-09-19T05:07:45.403Z,POS,SUCCESS,DINING,Chennai,DEV-0b12de18,synthetic-generator,5,548.3466666666667,15,5,3,1,False,True,False,False,True,False,3,"TRANSACTION_BURST,NEW_DEVICE",False,2026-09-19T05:07:45.403Z
TXN-c9e24b72-31de-4605-be44-a7f981626de5,ACC8429141456,ATM_WITHDRAWAL,1560.99,INR,2026-09-19T05:07:45.403Z,UPI,SUCCESS,GOVERNMENT,Jaipur,DEV-babb5efb,synthetic-generator,5,1572.8690000000001,10,5,2,1,False,True,False,False,True,False,3,"TRANSACTION_BURST,NEW_DEVICE",False,2026-09-19T05:07:45.403Z
TXN-af028d88-7839-4d05-ae26-d8bbe76886b3,ACC9957813353,UPI_PAYMENT,177.56,INR,2026-09-19T05:07:45.403Z,BRANCH,SUCCESS,FINANCIAL_SERVICES,Kolkata,DEV-d446b394,synthetic-generator,5,1681.8311111111113,9,1,1,1,False,True,False,False,False,False,2,TRANSACTION_BURST,False,2026-09-19T05:07:45.403Z
TXN-8a6d8e22-8634-4dcc-adb7-07a125f66bc2,ACC3783290795,TRANSFER,5039.95,INR,2026-09-19T05:07:45.404Z,ATM,SUCCESS,EDUCATION,Delhi,DEV-d6021645,synthetic-generator,5,2905.393846153846,13,1,3,1,False,True,False,False,True,False,3,"TRANSACTION_BURST,NEW_DEVICE",False,2026-09-19T05:07:45.404Z
TXN-94925be0-6344-4436-a2af-5cbc85027243,ACC1083651970,CARD_PAYMENT,1309.4,INR,2026-09-19T05:07:45.404Z,POS,SUCCESS,HEALTHCARE,Hyderabad,DEV-1b315130,synthetic-generator,5,2311.6264285714287,14,0,1,1,False,True,False,False,False,False,2,TRANSACTION_BURST,False,2026-09-19T05:07:45.404Z
TXN-a6e1c79f-c82c-4f72-a1dd-39da5b10999b,ACC9285415473,DEPOSIT,2202.28,INR,2026-09-19T05:07:45.404Z,WEB,SUCCESS,ENTERTAINMENT,Hyderabad,DEV-285b4bc2,synthetic-generator,5,2868.202307692308,26,9,2,1,False,True,False,False,True,False,3,"TRANSACTION_BURST,NEW_DEVICE",False,2026-09-19T05:07:45.404Z
TXN-62c8feab-787f-4ee8-b667-714eddfed8d4,ACC2351531223,BILL_PAYMENT,481.04,INR,2026-09-19T05:07:45.404Z,UPI,SUCCESS,TRAVEL,Hyderabad,DEV-201dde4d,synthetic-generator,5,331.96,6,0,3,1,False,False,False,False,True,False,1,NEW_DEVICE,False,2026-09-19T05:07:45.404Z
TXN-f5f6f495-1f59-4c70-bd7b-8d576ff68f78,ACC2867302554,ATM_WITHDRAWAL,5147.05,INR,2026-09-19T05:07:45.404Z,ATM,SUCCESS,FINANCIAL_SERVICES,Chennai,DEV-3c987226,synthetic-generator,5,1157.8992857142857,14,5,1,1,True,True,False,False,False,False,4,"HIGH_AMOUNT,TRANSACTION_BURST",False,2026-09-19T05:07:45.404Z
TXN-6d6d2dc9-f270-48fa-aed9-2f5ec9c8912f,ACC6756332150,UPI_PAYMENT,319.89,INR,2026-09-19T05:07:45.404Z,BRANCH,SUCCESS,FUEL,Ahmedabad,DEV-553536a6,synthetic-generator,5,1154.348,10,0,3,3,False,True,False,True,True,False,5,"TRANSACTION_BURST,LOCATION_JUMP,NEW_DEVICE",True,2026-09-19T05:07:45.404Z
TXN-b69cd135-9f77-4dc7-b347-00b993ac6a9c,ACC8047877267,BILL_PAYMENT,276.16,INR,2026-09-19T05:07:45.404Z,BRANCH,SUCCESS,ECOMMERCE,Jaipur,DEV-6864daf6,synthetic-generator,5,1046.5081818181818,22,2,2,3,False,True,False,True,True,False,5,"TRANSACTION_BURST,LOCATION_JUMP,NEW_DEVICE",True,2026-09-19T05:07:45.404Z
TXN-ede2a588-e2c8-45f4-aeeb-6f82af8d04e3,ACC8293453178,ATM_WITHDRAWAL,177.15,INR,2026-09-19T05:07:45.404Z,MOBILE,SUCCESS,ENTERTAINMENT,Chennai,DEV-38c360f7,synthetic-generator,5,471.825,12,2,1,1,False,True,False,False,False,False,2,TRANSACTION_BURST,False,2026-09-19T05:07:45.404Z
TXN-50158617-f18b-4a31-85b5-1c9224899def,ACC3479708607,ATM_WITHDRAWAL,6918.51,INR,2026-09-19T05:07:45.404Z,BRANCH,SUCCESS,GOVERNMENT,Ahmedabad,DEV-148b692d,synthetic-generator,5,2299.897619047619,21,1,3,1,True,True,False,False,True,False,5,"HIGH_AMOUNT,TRANSACTION_BURST,NEW_DEVICE",True,2026-09-19T05:07:45.404Z
TXN-2d8e89ce-40a8-41a0-88b1-f7f53f3c295f,ACC6241752544,ATM_WITHDRAWAL,1813.16,INR,2026-09-19T05:07:45.404Z,POS,SUCCESS,GROCERY,Delhi,DEV-835a70e1,synthetic-generator,5,818.9836363636364,11,0,2,1,False,True,False,False,True,False,3,"TRANSACTION_BURST,NEW_DEVICE",False,2026-09-19T05:07:45.404Z
TXN-abafb7b6-2580-4653-8dee-c36d7a1c60d2,ACC1470939445,ATM_WITHDRAWAL,142.61,INR,2026-09-19T05:07:45.404Z,BRANCH,SUCCESS,ECOMMERCE,Lucknow,DEV-ca5e9548,synthetic-generator,5,630.3511111111111,18,6,3,1,False,True,False,False,True,False,3,"TRANSACTION_BURST,NEW_DEVICE",False,2026-09-19T05:07:45.404Z
TXN-b0aa0354-94e2-4509-9458-de49bc157d20,ACC9285415473,UPI_PAYMENT,2696.46,INR,2026-09-19T05:07:45.404Z,MOBILE,SUCCESS,GROCERY,Hyderabad,DEV-285b4bc2,synthetic-generator,5,2868.202307692308,26,9,2,1,False,True,False,False,True,False,3,"TRANSACTION_BURST,NEW_DEVICE",False,2026-09-19T05:07:45.404Z
TXN-2ccb5033-df03-4b7d-b075-1a1387b300a3,ACC9697354961,REFUND,320.13,INR,2026-09-19T05:07:45.404Z,WEB,SUCCESS,GOVERNMENT,Lucknow,DEV-3dc84d75,synthetic-generator,5,2085.41,10,0,1,1,False,True,False,False,False,False,2,TRANSACTION_BURST,False,2026-09-19T05:07:45.404Z
TXN-ed59af6b-bd60-4e79-b840-ab915d278b96,ACC9285415473,REFUND,2424.82,INR,2026-09-19T05:07:45.404Z,WEB,REVERSED,FINANCIAL_SERVICES,Hyderabad,DEV-285b4bc2,synthetic-generator,5,2868.202307692308,26,9,2,1,False,True,False,False,True,False,3,"TRANSACTION_BURST,NEW_DEVICE",False,2026-09-19T05:07:45.404Z
TXN-76e2fbc1-efbd-4ead-b38a-93d8fbb4b732,ACC6687206971,UPI_PAYMENT,563.07,INR,2026-09-19T05:07:45.404Z,WEB,SUCCESS,DINING,Mumbai,DEV-a607110c,synthetic-generator,5,589.6045833333334,24,9,1,1,False,True,False,False,False,False,2,TRANSACTION_BURST,False,2026-09-19T05:07:45.404Z
TXN-da03a3fd-7936-4427-bf64-f03013da7f75,ACC9639245200,CARD_PAYMENT,941.86,INR,2026-09-19T05:07:45.404Z,MOBILE,SUCCESS,GOVERNMENT,Jaipur,DEV-852ea1b1,synthetic-generator,5,859.4911111111111,18,1,1,1,False,True,False,False,False,False,2,TRANSACTION_BURST,False,2026-09-19T05:07:45.404Z
TXN-df2ad722-b83f-4739-9c2e-8595dc91ac08,ACC4131575764,ATM_WITHDRAWAL,781.22,INR,2026-09-19T05:07:45.404Z,POS,SUCCESS,FINANCIAL_SERVICES,Chennai,DEV-dcdaea1d,synthetic-generator,5,1197.8876923076923,13,0,2,3,False,True,False,True,True,False,5,"TRANSACTION_BURST,LOCATION_JUMP,NEW_DEVICE",True,2026-09-19T05:07:45.404Z
TXN-10f753ba-d1f5-43dd-b6db-9d41f8645863,ACC7567496105,REFUND,2799.7,INR,2026-09-19T05:07:45.404Z,ATM,SUCCESS,EDUCATION,Lucknow,DEV-2ebdd51d,synthetic-generator,5,4368.3976923076925,13,1,1,1,False,True,False,False,False,False,2,TRANSACTION_BURST,False,2026-09-19T05:07:45.404Z
TXN-6fa34453-a4b2-4548-9e26-040079ce18ed,ACC2948728483,TRANSFER,3894.83,INR,2026-09-19T05:07:45.404Z,UPI,SUCCESS,OTHER,Chennai,DEV-59dbd815,synthetic-generator,5,1269.472380952381,42,12,3,3,True,True,False,True,True,False,7,"HIGH_AMOUNT,TRANSACTION_BURST,LOCATION_JUMP,NEW_DEVICE",True,2026-09-19T05:07:45.404Z
TXN-7eacffb7-5929-4153-8d61-84baa63bfc77,ACC6756332150,TRANSFER,260.72,INR,2026-09-19T05:07:45.404Z,ATM,SUCCESS,DINING,Ahmedabad,DEV-a5c14ad5,synthetic-generator,5,1154.348,10,0,3,3,False,True,False,True,True,False,5,"TRANSACTION_BURST,LOCATION_JUMP,NEW_DEVICE",True,2026-09-19T05:07:45.404Z
TXN-1a863dc9-e721-4e00-ad58-56bbba918c7a,ACC9957813353,BILL_PAYMENT,188.38,INR,2026-09-19T05:07:45.404Z,WEB,SUCCESS,ENTERTAINMENT,Kolkata,DEV-d446b394,synthetic-generator,5,1681.8311111111113,9,1,1,1,False,True,False,False,False,False,2,TRANSACTION_BURST,False,2026-09-19T05:07:45.404Z
TXN-2df6f18f-9718-46f9-9252-399adfd7a4d8,ACC1958682846,DEPOSIT,596.37,INR,2026-09-19T05:07:45.404Z,ATM,SUCCESS,EDUCATION,Hyderabad,DEV-fbcc1e1f,synthetic-generator,5,1994.2518181818182,11,0,1,1,False,True,False,False,False,False,2,TRANSACTION_BURST,False,2026-09-19T05:07:45.404Z
TXN-160cd5d4-1129-4612-8bd4-67307395e3e4,ACC2452066459,UPI_PAYMENT,101.01,INR,2026-09-19T05:07:45.404Z,MOBILE,SUCCESS,GROCERY,Pune,DEV-730a7e18,synthetic-generator,5,605.7847222222222,36,10,3,5,False,True,False,True,True,False,5,"TRANSACTION_BURST,LOCATION_JUMP,NEW_DEVICE",True,2026-09-19T05:07:45.404Z
TXN-d14ce7c4-4f41-4c3d-aee8-ec7ca3cf5957,ACC1519709079,REFUND,313.55,INR,2026-09-19T05:07:45.404Z,UPI,SUCCESS,FINANCIAL_SERVICES,Lucknow,DEV-5554824c,synthetic-generator,5,374.24260869565217,23,2,3,1,False,True,False,False,True,False,3,"TRANSACTION_BURST,NEW_DEVICE",False,2026-09-19T05:07:45.404Z
TXN-f811e890-6fea-4ac0-8d7b-143d1dc70b88,ACC9786748825,BILL_PAYMENT,3364.29,INR,2026-09-19T05:07:45.404Z,BRANCH,SUCCESS,GROCERY,Hyderabad,DEV-e8cd1fd2,synthetic-generator,5,1400.3655555555556,18,5,1,3,False,True,False,True,False,False,4,"TRANSACTION_BURST,LOCATION_JUMP",False,2026-09-19T05:07:45.404Z
TXN-05e3ab69-e58b-4593-a15a-c9c50b5476f0,ACC6317189421,UPI_PAYMENT,257.3,INR,2026-09-19T05:07:45.404Z,ATM,SUCCESS,ENTERTAINMENT,Hyderabad,DEV-6aa1bf53,synthetic-generator,5,2271.845,6,0,3,1,False,False,False,False,True,False,1,NEW_DEVICE,False,2026-09-19T05:07:45.404Z
TXN-245f38b8-9b77-40f6-acae-b420700f185d,ACC8934927891,CARD_PAYMENT,173.86,INR,2026-09-19T05:07:45.404Z,MOBILE,SUCCESS,FINANCIAL_SERVICES,Jaipur,DEV-613ca578,synthetic-generator,5,280.422,5,1,2,1,False,False,False,False,True,False,1,NEW_DEVICE,False,2026-09-19T05:07:45.404Z
TXN-adca87e3-e31f-4f2d-ae15-1dc207b074a4,ACC3392080953,BILL_PAYMENT,1720.66,INR,2026-09-19T05:07:45.404Z,ATM,SUCCESS,OTHER,Ahmedabad,DEV-ca9a8ac4,synthetic-generator,5,1303.0548387096774,31,7,2,1,False,True,False,False,True,False,3,"TRANSACTION_BURST,NEW_DEVICE",False,2026-09-19T05:07:45.404Z
TXN-5552eab9-7527-4e53-b671-606993b68c7c,ACC4289233844,TRANSFER,2433.71,INR,2026-09-19T05:07:45.404Z,ATM,SUCCESS,GOVERNMENT,Hyderabad,DEV-0d90d34d,synthetic-generator,5,1004.2819999999999,15,2,1,3,False,True,False,True,False,False,4,"TRANSACTION_BURST,LOCATION_JUMP",False,2026-09-19T05:07:45.404Z
TXN-84125236-ee08-4265-b6b4-2c116ce75913,ACC5710360983,REFUND,1593.07,INR,2026-09-19T05:07:45.404Z,MOBILE,SUCCESS,HEALTHCARE,Pune,DEV-a21a502a,synthetic-generator,5,1179.485,12,0,1,1,False,True,False,False,False,False,2,TRANSACTION_BURST,False,2026-09-19T05:07:45.404Z
TXN-e9aecece-fe8a-4d8f-bd56-3e3bb99e1796,ACC6633778586,REFUND,1879.55,INR,2026-09-19T05:07:45.404Z,POS,SUCCESS,FINANCIAL_SERVICES,Delhi,DEV-e1e0b7a0,synthetic-generator,5,1848.8355555555556,9,0,2,1,False,True,False,False,True,False,3,"TRANSACTION_BURST,NEW_DEVICE",False,2026-09-19T05:07:45.404Z
TXN-63c46256-dce9-4a05-a4a8-3dd2e3f05367,ACC4919706735,BILL_PAYMENT,271.07,INR,2026-09-19T05:07:45.404Z,UPI,SUCCESS,FUEL,Pune,DEV-4710e4f7,synthetic-generator,5,1111.4066666666668,9,0,2,1,False,True,False,False,True,False,3,"TRANSACTION_BURST,NEW_DEVICE",False,2026-09-19T05:07:45.404Z
TXN-9d34a669-ad56-4d12-97de-17a6873e0b7c,ACC8168204967,CARD_PAYMENT,612.48,INR,2026-09-19T05:07:45.404Z,UPI,SUCCESS,HEALTHCARE,Mumbai,DEV-334d6216,synthetic-generator,5,4539.6975,8,0,1,1,False,False,False,False,False,False,0,,False,2026-09-19T05:07:45.404Z
TXN-345caac5-ec99-4beb-98ef-1684213d5eec,ACC5996775663,TRANSFER,2172.53,INR,2026-09-19T05:07:45.404Z,MOBILE,SUCCESS,ENTERTAINMENT,Hyderabad,DEV-bd453a08,synthetic-generator,5,3597.0620000000004,20,1,1,1,False,True,False,False,False,False,2,TRANSACTION_BURST,False,2026-09-19T05:07:45.404Z
TXN-976c4ec2-8326-4234-9823-315fd3b18a05,ACC5067116918,BILL_PAYMENT,4399.29,INR,2026-09-19T05:07:45.404Z,ATM,SUCCESS,TRAVEL,Mumbai,DEV-9f2754c0,synthetic-generator,5,2291.2725,8,1,3,1,False,False,False,False,True,False,1,NEW_DEVICE,False,2026-09-19T05:07:45.404Z
TXN-5be2bf48-49c1-43a6-a167-042a65ccc3d5,ACC7010379415,CARD_PAYMENT,122.18,INR,2026-09-19T05:07:45.404Z,ATM,SUCCESS,GOVERNMENT,Mumbai,DEV-cfa5a47d,synthetic-generator,5,304.8645,20,1,1,1,False,True,False,False,False,False,2,TRANSACTION_BURST,False,2026-09-19T05:07:45.404Z
TXN-aa876be6-ed7c-4399-888e-d81ddc877b8a,ACC4026113008,REFUND,2383.7,INR,2026-09-19T05:07:45.404Z,BRANCH,SUCCESS,GROCERY,Ahmedabad,DEV-3c647c55,synthetic-generator,5,3347.5088888888886,18,7,3,3,False,True,False,True,True,False,5,"TRANSACTION_BURST,LOCATION_JUMP,NEW_DEVICE",True,2026-09-19T05:07:45.404Z
TXN-b828efee-cabf-4abc-86ba-eec63b88aa5a,ACC2867302554,TRANSFER,93.26,INR,2026-09-19T05:07:45.404Z,BRANCH,SUCCESS,HEALTHCARE,Chennai,DEV-3c987226,synthetic-generator,5,1157.8992857142857,14,5,1,1,False,True,False,False,False,False,2,TRANSACTION_BURST,False,2026-09-19T05:07:45.404Z
TXN-345821ad-fecc-4f9e-8cc2-be95753f86ed,ACC5774080233,ATM_WITHDRAWAL,316.55,INR,2026-09-19T05:07:45.404Z,ATM,SUCCESS,FUEL,Chennai,DEV-e6832786,synthetic-generator,5,369.478,15,1,3,3,False,True,False,True,True,False,5,"TRANSACTION_BURST,LOCATION_JUMP,NEW_DEVICE",True,2026-09-19T05:07:45.404Z
TXN-518de283-d4a7-49b4-9e85-1e3b879cbdc1,ACC5728765136,CARD_PAYMENT,2065.87,INR,2026-09-19T05:07:45.404Z,MOBILE,SUCCESS,EDUCATION,Pune,DEV-1a11df3d,synthetic-generator,5,4346.4825,8,0,3,1,False,False,False,False,True,False,1,NEW_DEVICE,False,2026-09-19T05:07:45.404Z
TXN-ec51b8c9-9543-4f03-adde-5484eabbd1ee,ACC9786748825,BILL_PAYMENT,2636.83,INR,2026-09-19T05:07:45.404Z,MOBILE,SUCCESS,UTILITIES,Lucknow,DEV-e8cd1fd2,synthetic-generator,5,1400.3655555555556,18,5,1,3,False,True,False,True,False,False,4,"TRANSACTION_BURST,LOCATION_JUMP",False,2026-09-19T05:07:45.404Z
TXN-066b1911-6568-4982-8cbe-b6a73b0702d3,ACC4095476665,BILL_PAYMENT,1447.54,INR,2026-09-19T05:07:45.404Z,UPI,SUCCESS,TRAVEL,Kolkata,DEV-e1134412,synthetic-generator,5,495.94666666666666,15,3,2,1,False,True,False,False,True,False,3,"TRANSACTION_BURST,NEW_DEVICE",False,2026-09-19T05:07:45.404Z
TXN-b009e2fd-c3a7-42eb-9628-7050de4d882d,ACC1422701550,TRANSFER,777.4,INR,2026-09-19T05:07:45.404Z,UPI,SUCCESS,UTILITIES,Hyderabad,DEV-fd172124,synthetic-generator,5,1569.0040000000001,10,0,2,1,False,True,False,False,True,False,3,"TRANSACTION_BURST,NEW_DEVICE",False,2026-09-19T05:07:45.404Z
TXN-b9680a35-a716-49ed-a158-a94862b6354a,ACC7010379415,TRANSFER,115.35,INR,2026-09-19T05:07:45.404Z,MOBILE,SUCCESS,UTILITIES,Mumbai,DEV-cfa5a47d,synthetic-generator,5,304.8645,20,1,1,1,False,True,False,False,False,False,2,TRANSACTION_BURST,False,2026-09-19T05:07:45.404Z
TXN-49926171-4d0c-4e91-b242-019078f4927d,ACC3303082117,DEPOSIT,1116.74,INR,2026-09-19T05:07:45.404Z,POS,SUCCESS,OTHER,Jaipur,DEV-1b816fc9,synthetic-generator,5,971.1644444444444,9,0,3,1,False,True,False,False,True,False,3,"TRANSACTION_BURST,NEW_DEVICE",False,2026-09-19T05:07:45.404Z
TXN-0a2465d9-0ee5-43ff-97d4-22b04e12c324,ACC3361388464,BILL_PAYMENT,669.36,INR,2026-09-19T05:07:45.404Z,WEB,SUCCESS,FINANCIAL_SERVICES,Kolkata,DEV-e56d029c,synthetic-generator,5,1572.1863636363635,11,1,2,1,False,True,False,False,True,False,3,"TRANSACTION_BURST,NEW_DEVICE",False,2026-09-19T05:07:45.404Z
TXN-a576e29c-3a55-4ba6-a8e9-5132290a2789,ACC5951406973,BILL_PAYMENT,1280.1,INR,2026-09-19T05:07:45.404Z,ATM,SUCCESS,HEALTHCARE,Jaipur,DEV-d5230d07,synthetic-generator,5,1265.3874999999998,4,0,2,1,False,False,False,False,True,False,1,NEW_DEVICE,False,2026-09-19T05:07:45.404Z
TXN-3db86a45-e519-4c14-a87d-8ff64a56d769,ACC1939042955,REFUND,452.94,INR,2026-09-19T05:07:45.404Z,UPI,SUCCESS,GOVERNMENT,Delhi,DEV-9a48534f,synthetic-generator,5,437.26181818181817,22,4,2,1,False,True,False,False,True,False,3,"TRANSACTION_BURST,NEW_DEVICE",False,2026-09-19T05:07:45.404Z
TXN-dd986a7b-1a40-4ab2-8ee3-c8625e847f2f,ACC5693307665,ATM_WITHDRAWAL,1538.53,INR,2026-09-19T05:07:45.404Z,UPI,SUCCESS,FINANCIAL_SERVICES,Delhi,DEV-f3eef1e4,synthetic-generator,5,1745.453,10,1,1,3,False,True,False,True,False,False,4,"TRANSACTION_BURST,LOCATION_JUMP",False,2026-09-19T05:07:45.404Z
TXN-cee7b071-4e04-457b-9b30-08f517887f3e,ACC1470939445,CARD_PAYMENT,636.99,INR,2026-09-19T05:07:45.404Z,ATM,SUCCESS,GROCERY,Lucknow,DEV-ca5e9548,synthetic-generator,5,630.3511111111111,18,6,3,1,False,True,False,False,True,False,3,"TRANSACTION_BURST,NEW_DEVICE",False,2026-09-19T05:07:45.404Z
TXN-1a1f3063-68fb-4e5b-b190-152399bd8c23,ACC9894264595,DEPOSIT,397.22,INR,2026-09-19T05:07:45.404Z,POS,SUCCESS,ENTERTAINMENT,Delhi,DEV-b1e5726c,synthetic-generator,5,1252.0023076923076,13,0,1,1,False,True,False,False,False,False,2,TRANSACTION_BURST,False,2026-09-19T05:07:45.404Z
TXN-623da8b9-4596-4ef4-9493-ddd22b9b027b,ACC4095476665,ATM_WITHDRAWAL,629.86,INR,2026-09-19T05:07:45.404Z,UPI,SUCCESS,EDUCATION,Kolkata,DEV-d33f4977,synthetic-generator,5,495.94666666666666,15,3,2,1,False,True,False,False,True,False,3,"TRANSACTION_BURST,NEW_DEVICE",False,2026-09-19T05:07:45.404Z
TXN-830166d4-5b34-463b-b537-2372fc148a1b,ACC5951406973,TRANSFER,3390.18,INR,2026-09-19T05:07:45.404Z,WEB,SUCCESS,GOVERNMENT,Jaipur,DEV-d5230d07,synthetic-generator,5,1265.3874999999998,4,0,2,1,False,False,False,False,True,False,1,NEW_DEVICE,False,2026-09-19T05:07:45.404Z
TXN-5b753681-83b5-45ed-8112-61c2f9a2fe8d,ACC7805745017,CARD_PAYMENT,1272.97,INR,2026-09-19T05:07:45.404Z,POS,SUCCESS,DINING,Chennai,DEV-1d03c6d5,synthetic-generator,5,806.7152173913043,23,1,2,1,False,True,False,False,True,False,3,"TRANSACTION_BURST,NEW_DEVICE",False,2026-09-19T05:07:45.404Z
TXN-0b33a297-ca2f-430c-986c-e3f0b53e37ec,ACC6924716023,REFUND,1383.12,INR,2026-09-19T05:07:45.404Z,UPI,SUCCESS,DINING,Delhi,DEV-cda11eca,synthetic-generator,5,1296.8735897435897,39,12,2,2,False,True,False,True,True,False,5,"TRANSACTION_BURST,LOCATION_JUMP,NEW_DEVICE",True,2026-09-19T05:07:45.404Z
TXN-d5ead9e0-e623-4d48-9b55-3c2c560f4377,ACC3030106617,ATM_WITHDRAWAL,2418.92,INR,2026-09-19T05:07:45.404Z,WEB,SUCCESS,ENTERTAINMENT,Pune,DEV-ae10375d,synthetic-generator,5,1945.6331578947368,19,1,2,3,False,True,False,True,True,False,5,"TRANSACTION_BURST,LOCATION_JUMP,NEW_DEVICE",True,2026-09-19T05:07:45.404Z
TXN-03cd5053-36be-457b-8ea2-aa84d5b91956,ACC4131575764,ATM_WITHDRAWAL,1498.79,INR,2026-09-19T05:07:45.404Z,UPI,SUCCESS,OTHER,Chennai,DEV-dcdaea1d,synthetic-generator,5,1197.8876923076923,13,0,2,3,False,True,False,True,True,False,5,"TRANSACTION_BURST,LOCATION_JUMP,NEW_DEVICE",True,2026-09-19T05:07:45.404Z
TXN-c8d73bb1-831e-46b9-9f5d-bfcbdecaae40,ACC3746317213,TRANSFER,504.99,INR,2026-09-19T05:07:45.404Z,POS,SUCCESS,DINING,Chennai,DEV-f6c87140,synthetic-generator,5,468.23333333333335,6,1,3,3,False,False,False,True,True,False,3,"LOCATION_JUMP,NEW_DEVICE",False,2026-09-19T05:07:45.404Z
TXN-381cb7c7-189c-4896-8279-6a3a74b1de56,ACC3303082117,DEPOSIT,203.37,INR,2026-09-19T05:07:45.404Z,POS,SUCCESS,GOVERNMENT,Jaipur,DEV-71b2600d,synthetic-generator,5,971.1644444444444,9,0,3,1,False,True,False,False,True,False,3,"TRANSACTION_BURST,NEW_DEVICE",False,2026-09-19T05:07:45.404Z
TXN-5bc5cb2b-e745-45b6-b824-9bc44c545cab,ACC6884882440,REFUND,411.66,INR,2026-09-19T05:07:45.404Z,ATM,SUCCESS,DINING,Mumbai,DEV-0183d84b,synthetic-generator,5,543.7458823529412,34,7,3,1,False,True,False,False,True,False,3,"TRANSACTION_BURST,NEW_DEVICE",False,2026-09-19T05:07:45.404Z
TXN-9cb9cd2a-30ca-45d6-a568-6c0347b84f68,ACC2149938334,UPI_PAYMENT,1226.53,INR,2026-09-19T05:07:45.404Z,WEB,SUCCESS,UTILITIES,Mumbai,DEV-b05f46f5,synthetic-generator,5,1112.317,20,1,1,1,False,True,False,False,False,False,2,TRANSACTION_BURST,False,2026-09-19T05:07:45.404Z
TXN-90a1b182-a100-4f1a-8ef6-3380c42b90db,ACC3694860228,TRANSFER,1282.29,INR,2026-09-19T05:07:45.404Z,POS,SUCCESS,FINANCIAL_SERVICES,Hyderabad,DEV-f6ee34d8,synthetic-generator,5,997.366857142857,35,3,3,3,False,True,False,True,True,False,5,"TRANSACTION_BURST,LOCATION_JUMP,NEW_DEVICE",True,2026-09-19T05:07:45.404Z
TXN-98c232f1-241b-48c2-b1f5-c6d32456953f,ACC6884882440,BILL_PAYMENT,5371.37,INR,2026-09-19T05:07:45.404Z,UPI,SUCCESS,GROCERY,Mumbai,DEV-d32dd4f1,synthetic-generator,5,543.7458823529412,34,7,3,1,True,True,False,False,True,False,5,"HIGH_AMOUNT,TRANSACTION_BURST,NEW_DEVICE",True,2026-09-19T05:07:45.404Z
TXN-66ddbd31-761c-4f67-8058-2954efb1f2b8,ACC3694860228,CARD_PAYMENT,402.15,INR,2026-09-19T05:07:45.404Z,POS,SUCCESS,OTHER,Hyderabad,DEV-f6ee34d8,synthetic-generator,5,997.366857142857,35,3,3,3,False,True,False,True,True,False,5,"TRANSACTION_BURST,LOCATION_JUMP,NEW_DEVICE",True,2026-09-19T05:07:45.404Z
TXN-b02e3289-3257-4e92-bf4b-23733864fcd5,ACC4131356954,DEPOSIT,2374.66,INR,2026-09-19T05:07:45.404Z,MOBILE,SUCCESS,FINANCIAL_SERVICES,Bengaluru,DEV-8079168f,synthetic-generator,5,1310.4152380952382,21,6,3,1,False,True,False,False,True,False,3,"TRANSACTION_BURST,NEW_DEVICE",False,2026-09-19T05:07:45.404Z
TXN-9638e3c1-2149-4b51-b219-4c98e0c7cc49,ACC2948728483,UPI_PAYMENT,549.29,INR,2026-09-19T05:07:45.404Z,WEB,SUCCESS,OTHER,Chennai,DEV-59dbd815,synthetic-generator,5,1269.472380952381,42,12,3,3,False,True,False,True,True,False,5,"TRANSACTION_BURST,LOCATION_JUMP,NEW_DEVICE",True,2026-09-19T05:07:45.404Z
TXN-616041e6-fcc8-42d3-8999-1aa353572c84,ACC3615507143,TRANSFER,628.6,INR,2026-09-19T05:07:45.404Z,BRANCH,SUCCESS,OTHER,Bengaluru,DEV-5e101f0d,synthetic-generator,5,1016.8924999999999,8,0,1,2,False,False,False,True,False,False,2,LOCATION_JUMP,False,2026-09-19T05:07:45.404Z
TXN-aa5935c7-0f2f-48c6-ac58-5be406c0de81,ACC9894847574,UPI_PAYMENT,460.24,INR,2026-09-19T05:07:45.404Z,MOBILE,PENDING,UTILITIES,Kolkata,DEV-43f91aad,synthetic-generator,5,1558.878,15,2,2,5,False,True,False,True,True,False,5,"TRANSACTION_BURST,LOCATION_JUMP,NEW_DEVICE",True,2026-09-19T05:07:45.404Z
TXN-631728a5-3e2f-4030-9c0b-0e4f0dc668d3,ACC9894264595,UPI_PAYMENT,6333.15,INR,2026-09-19T05:07:45.404Z,UPI,SUCCESS,OTHER,Delhi,DEV-b1e5726c,synthetic-generator,5,1252.0023076923076,13,0,1,1,True,True,False,False,False,False,4,"HIGH_AMOUNT,TRANSACTION_BURST",False,2026-09-19T05:07:45.404Z
TXN-3eed730b-964d-426f-a220-39d4f8498c5c,ACC1083651970,UPI_PAYMENT,3654.72,INR,2026-09-19T05:07:45.405Z,UPI,SUCCESS,EDUCATION,Hyderabad,DEV-1b315130,synthetic-generator,5,2311.6264285714287,14,0,1,1,False,True,False,False,False,False,2,TRANSACTION_BURST,False,2026-09-19T05:07:45.405Z
TXN-cca53df4-0945-477b-a777-89c74151fed5,ACC7635473142,TRANSFER,371.66,INR,2026-09-19T05:07:45.405Z,MOBILE,SUCCESS,EDUCATION,Kolkata,DEV-f334152f,synthetic-generator,5,1023.3171428571429,14,5,2,1,False,True,False,False,True,False,3,"TRANSACTION_BURST,NEW_DEVICE",False,2026-09-19T05:07:45.405Z
TXN-10ebaedb-a57c-43eb-b630-f3d8ab720345,ACC6649827836,TRANSFER,271.58,INR,2026-09-19T05:07:45.405Z,BRANCH,SUCCESS,OTHER,Chennai,DEV-b8dbc058,synthetic-generator,5,1194.808,20,0,1,3,False,True,False,True,False,False,4,"TRANSACTION_BURST,LOCATION_JUMP",False,2026-09-19T05:07:45.405Z
TXN-76a28c8d-151d-4900-8779-dfdf2c4e79a0,ACC1983297492,REFUND,1007.46,INR,2026-09-19T05:07:45.405Z,MOBILE,SUCCESS,ECOMMERCE,Pune,DEV-d596ca91,synthetic-generator,5,1565.950909090909,11,2,2,1,False,True,False,False,True,False,3,"TRANSACTION_BURST,NEW_DEVICE",False,2026-09-19T05:07:45.405Z
TXN-a79b6fab-16d5-46e8-a2a0-aac605901a9c,ACC6687206971,CARD_PAYMENT,576.5,INR,2026-09-19T05:07:45.405Z,WEB,SUCCESS,ECOMMERCE,Mumbai,DEV-a607110c,synthetic-generator,5,589.6045833333334,24,9,1,1,False,True,False,False,False,False,2,TRANSACTION_BURST,False,2026-09-19T05:07:45.405Z
TXN-44ac93e3-46c9-4a3e-afae-332acafd7ce6,ACC7805745017,CARD_PAYMENT,102.2,INR,2026-09-19T05:07:45.405Z,UPI,SUCCESS,FUEL,Chennai,DEV-472a88df,synthetic-generator,5,806.7152173913043,23,1,2,1,False,True,False,False,True,False,3,"TRANSACTION_BURST,NEW_DEVICE",False,2026-09-19T05:07:45.405Z
TXN-6e079f8b-1d7e-4be3-86a3-819cc73128da,ACC8235363119,ATM_WITHDRAWAL,585.31,INR,2026-09-19T05:07:45.405Z,WEB,PENDING,HEALTHCARE,Pune,DEV-818eb553,synthetic-generator,5,1597.1244444444446,18,1,1,1,False,True,False,False,False,False,2,TRANSACTION_BURST,False,2026-09-19T05:07:45.405Z
TXN-d2860509-5e2a-46bd-af6b-9bbc6db9d081,ACC1519709079,REFUND,339.9,INR,2026-09-19T05:07:45.405Z,BRANCH,SUCCESS,GROCERY,Lucknow,DEV-5554824c,synthetic-generator,5,374.24260869565217,23,2,3,1,False,True,False,False,True,False,3,"TRANSACTION_BURST,NEW_DEVICE",False,2026-09-19T05:07:45.405Z
TXN-ba4622e9-58b1-41d1-bf74-12b52cb78ee8,ACC8168204967,TRANSFER,80.26,INR,2026-09-19T05:07:45.405Z,ATM,SUCCESS,GOVERNMENT,Mumbai,DEV-334d6216,synthetic-generator,5,4539.6975,8,0,1,1,False,False,False,False,False,False,0,,False,2026-09-19T05:07:45.405Z
TXN-d570f2e2-ca94-495c-babb-5302a15cc6d6,ACC7114223633,BILL_PAYMENT,1668.98,INR,2026-09-19T05:07:45.405Z,POS,SUCCESS,GROCERY,Lucknow,DEV-76e8259f,synthetic-generator,5,5201.48875,16,0,3,4,False,True,False,True,True,False,5,"TRANSACTION_BURST,LOCATION_JUMP,NEW_DEVICE",True,2026-09-19T05:07:45.405Z
TXN-fa6c1de2-6108-4fb6-9761-9acfb23f10f8,ACC2948728483,CARD_PAYMENT,1077.19,INR,2026-09-19T05:07:45.405Z,WEB,FAILED,ENTERTAINMENT,Chennai,DEV-6ef89518,synthetic-generator,5,1269.472380952381,42,12,3,3,False,True,True,True,True,False,7,"TRANSACTION_BURST,REPEATED_FAILURES,LOCATION_JUMP,NEW_DEVICE",True,2026-09-19T05:07:45.405Z
TXN-7aa905ee-de16-4c85-b862-e5e97972e785,ACC4163119785,TRANSFER,236.8,INR,2026-09-19T05:07:45.405Z,POS,SUCCESS,HEALTHCARE,Pune,DEV-964f27af,synthetic-generator,5,353.8857142857143,7,0,2,1,False,False,False,False,True,False,1,NEW_DEVICE,False,2026-09-19T05:07:45.405Z
TXN-c08543f6-a584-43c8-a96b-530de2a8f596,ACC7517938612,REFUND,4510.66,INR,2026-09-19T05:07:45.405Z,UPI,SUCCESS,DINING,Pune,DEV-1c46c284,synthetic-generator,5,1835.2130769230769,13,0,2,4,False,True,False,True,True,False,5,"TRANSACTION_BURST,LOCATION_JUMP,NEW_DEVICE",True,2026-09-19T05:07:45.405Z
TXN-9ab458b2-12b9-4cdf-b1bc-9870691e9e20,ACC9786748825,UPI_PAYMENT,948.22,INR,2026-09-19T05:07:45.405Z,ATM,SUCCESS,HEALTHCARE,Hyderabad,DEV-e8cd1fd2,synthetic-generator,5,1400.3655555555556,18,5,1,3,False,True,False,True,False,False,4,"TRANSACTION_BURST,LOCATION_JUMP",False,2026-09-19T05:07:45.405Z
TXN-2dba0275-a34f-4502-bb41-3d060f30863f,ACC1945826486,REFUND,192.02,INR,2026-09-19T05:07:45.405Z,MOBILE,SUCCESS,OTHER,Delhi,DEV-6de9cd15,synthetic-generator,5,1154.3345,20,0,3,3,False,True,False,True,True,False,5,"TRANSACTION_BURST,LOCATION_JUMP,NEW_DEVICE",True,2026-09-19T05:07:45.405Z
TXN-f28c72c4-ce20-4f59-9e02-4b5a7d4448cf,ACC4888749350,ATM_WITHDRAWAL,338.46,INR,2026-09-19T05:07:45.405Z,BRANCH,SUCCESS,GROCERY,Hyderabad,DEV-d79b40eb,synthetic-generator,5,1120.5018181818182,11,0,1,1,False,True,False,False,False,False,2,TRANSACTION_BURST,False,2026-09-19T05:07:45.405Z
TXN-ada57544-1a22-453b-be3d-a291a5d00c6b,ACC4026113008,CARD_PAYMENT,20304.42,INR,2026-09-19T05:07:45.405Z,BRANCH,SUCCESS,ENTERTAINMENT,Ahmedabad,DEV-c444571d,synthetic-generator,5,3347.5088888888886,18,7,3,3,True,True,False,True,True,False,7,"HIGH_AMOUNT,TRANSACTION_BURST,LOCATION_JUMP,NEW_DEVICE",True,2026-09-19T05:07:45.405Z
TXN-1db5afd1-7541-4837-b365-059c6826bc46,ACC1817804383,UPI_PAYMENT,505.29,INR,2026-09-19T05:07:45.405Z,WEB,SUCCESS,DINING,Jaipur,DEV-648b28d5,synthetic-generator,5,605.3580000000001,30,5,3,3,False,True,False,True,True,False,5,"TRANSACTION_BURST,LOCATION_JUMP,NEW_DEVICE",True,2026-09-19T05:07:45.405Z
TXN-37038fbe-b3c2-4025-a7f7-3f89023de420,ACC6241752544,ATM_WITHDRAWAL,337.28,INR,2026-09-19T05:07:45.405Z,WEB,SUCCESS,UTILITIES,Delhi,DEV-7e938ba4,synthetic-generator,5,818.9836363636364,11,0,2,1,False,True,False,False,True,False,3,"TRANSACTION_BURST,NEW_DEVICE",False,2026-09-19T05:07:45.405Z
TXN-f788a5be-40e6-4287-9991-fcba4bce8bdc,ACC9573276057,UPI_PAYMENT,2075.28,INR,2026-09-19T05:07:45.405Z,POS,SUCCESS,GROCERY,Kolkata,DEV-6130a5b0,synthetic-generator,5,1893.443,10,0,3,1,False,True,False,False,True,False,3,"TRANSACTION_BURST,NEW_DEVICE",False,2026-09-19T05:07:45.405Z
TXN-f387458d-721f-4962-8dbe-4c9be64409c9,ACC7825844140,BILL_PAYMENT,278.41,INR,2026-09-19T05:07:45.405Z,MOBILE,SUCCESS,OTHER,Ahmedabad,DEV-6cfc07d0,synthetic-generator,5,520.06,11,1,1,1,False,True,False,False,False,False,2,TRANSACTION_BURST,False,2026-09-19T05:07:45.405Z
TXN-1174c71c-04f9-4837-a11d-34429c82a322,ACC7114223633,DEPOSIT,52360.11,INR,2026-09-19T05:07:45.405Z,UPI,SUCCESS,FINANCIAL_SERVICES,Lucknow,DEV-55bbaf7f,synthetic-generator,5,5201.48875,16,0,3,4,True,True,False,True,True,False,7,"HIGH_AMOUNT,TRANSACTION_BURST,LOCATION_JUMP,NEW_DEVICE",True,2026-09-19T05:07:45.405Z
TXN-2d0242ec-5459-46c2-a802-885f40a61c4e,ACC1965067727,TRANSFER,3946.5,INR,2026-09-19T05:07:45.405Z,MOBILE,SUCCESS,ECOMMERCE,Jaipur,DEV-d341c380,synthetic-generator,5,3115.4136363636367,11,2,1,1,False,True,False,False,False,False,2,TRANSACTION_BURST,False,2026-09-19T05:07:45.405Z
TXN-c0f8e8ed-5ac2-46f3-9e90-fa1d8fce52a7,ACC6317189421,CARD_PAYMENT,2895.17,INR,2026-09-19T05:07:45.405Z,UPI,SUCCESS,FUEL,Hyderabad,DEV-9729ba0b,synthetic-generator,5,2271.845,6,0,3,1,False,False,False,False,True,False,1,NEW_DEVICE,False,2026-09-19T05:07:45.405Z
TXN-ea9b0cc5-2994-48f5-92c5-27eecb1e0345,ACC7825844140,TRANSFER,1390.37,INR,2026-09-19T05:07:45.405Z,MOBILE,SUCCESS,TRAVEL,Ahmedabad,DEV-6cfc07d0,synthetic-generator,5,520.06,11,1,1,1,False,True,False,False,False,False,2,TRANSACTION_BURST,False,2026-09-19T05:07:45.405Z
TXN-20b0fda9-0d75-43ab-8ab9-a1ae1fb667cc,ACC7567496105,CARD_PAYMENT,5116.24,INR,2026-09-19T05:07:45.405Z,UPI,PENDING,FINANCIAL_SERVICES,Lucknow,DEV-2ebdd51d,synthetic-generator,5,4368.3976923076925,13,1,1,1,False,True,False,False,False,False,2,TRANSACTION_BURST,False,2026-09-19T05:07:45.405Z
TXN-584c392c-9f59-484c-922d-c479487cc030,ACC7887950851,BILL_PAYMENT,902.22,INR,2026-09-19T05:07:45.405Z,UPI,SUCCESS,ENTERTAINMENT,Jaipur,DEV-1ea79939,synthetic-generator,5,1294.8766666666668,6,0,3,1,False,False,False,False,True,False,1,NEW_DEVICE,False,2026-09-19T05:07:45.405Z
TXN-6354b222-8597-4566-b9b7-e5b37741ccde,ACC8987073217,BILL_PAYMENT,65.8,INR,2026-09-19T05:07:45.405Z,WEB,SUCCESS,ECOMMERCE,Ahmedabad,DEV-810fcee6,synthetic-generator,5,806.3833333333333,12,1,3,1,False,True,False,False,True,False,3,"TRANSACTION_BURST,NEW_DEVICE",False,2026-09-19T05:07:45.405Z
TXN-d1f1bfd8-de5b-4d81-8f02-8c6f66846d80,ACC9963334018,BILL_PAYMENT,287.76,INR,2026-09-19T05:07:45.405Z,UPI,SUCCESS,UTILITIES,Delhi,DEV-64631af6,synthetic-generator,5,536.0754545454546,33,6,1,1,False,True,False,False,False,False,2,TRANSACTION_BURST,False,2026-09-19T05:07:45.405Z
TXN-8ce6fa22-5068-49a6-9ac2-4064ea3dd641,ACC4131575764,DEPOSIT,849.95,INR,2026-09-19T05:07:45.405Z,UPI,SUCCESS,DINING,Chennai,DEV-2d13eb19,synthetic-generator,5,1197.8876923076923,13,0,2,3,False,True,False,True,True,False,5,"TRANSACTION_BURST,LOCATION_JUMP,NEW_DEVICE",True,2026-09-19T05:07:45.405Z
TXN-abb2d8c4-5bf1-4649-bb52-c893822d1b85,ACC5284391408,ATM_WITHDRAWAL,113.64,INR,2026-09-19T05:07:45.405Z,ATM,SUCCESS,UTILITIES,Jaipur,DEV-ee74a571,synthetic-generator,5,337.99555555555554,9,0,2,5,False,True,False,True,True,False,5,"TRANSACTION_BURST,LOCATION_JUMP,NEW_DEVICE",True,2026-09-19T05:07:45.405Z
TXN-aba28472-a569-4443-a2f0-687bec9d2e99,ACC1939042955,TRANSFER,443.69,INR,2026-09-19T05:07:45.405Z,WEB,SUCCESS,GOVERNMENT,Delhi,DEV-85c9008b,synthetic-generator,5,437.26181818181817,22,4,2,1,False,True,False,False,True,False,3,"TRANSACTION_BURST,NEW_DEVICE",False,2026-09-19T05:07:45.405Z
TXN-6877466b-26e1-4a5c-b2c4-45e7ac9c2f73,ACC7517938612,CARD_PAYMENT,1263.82,INR,2026-09-19T05:07:45.405Z,ATM,SUCCESS,GOVERNMENT,Pune,DEV-3a54fd68,synthetic-generator,5,1835.2130769230769,13,0,2,4,False,True,False,True,True,False,5,"TRANSACTION_BURST,LOCATION_JUMP,NEW_DEVICE",True,2026-09-19T05:07:45.405Z
TXN-6f89b072-09e9-427d-9e3b-0d12fbf30f76,ACC8987073217,TRANSFER,1065.68,INR,2026-09-19T05:07:45.405Z,ATM,SUCCESS,TRAVEL,Ahmedabad,DEV-810fcee6,synthetic-generator,5,806.3833333333333,12,1,3,1,False,True,False,False,True,False,3,"TRANSACTION_BURST,NEW_DEVICE",False,2026-09-19T05:07:45.405Z
TXN-ab340fd2-51d6-484f-857d-34c13392d9f7,ACC1817804383,BILL_PAYMENT,221.37,INR,2026-09-19T05:07:45.405Z,ATM,SUCCESS,UTILITIES,Jaipur,DEV-3f786cfc,synthetic-generator,5,605.3580000000001,30,5,3,3,False,True,False,True,True,False,5,"TRANSACTION_BURST,LOCATION_JUMP,NEW_DEVICE",True,2026-09-19T05:07:45.405Z
TXN-1ee8c1ab-5e3d-4110-a0c1-4d42d15ea55b,ACC5774080233,UPI_PAYMENT,113.51,INR,2026-09-19T05:07:45.405Z,WEB,SUCCESS,ECOMMERCE,Kolkata,DEV-a9310803,synthetic-generator,5,369.478,15,1,3,3,False,True,False,True,True,False,5,"TRANSACTION_BURST,LOCATION_JUMP,NEW_DEVICE",True,2026-09-19T05:07:45.405Z
TXN-8b9f1c04-94d3-4969-8764-8beb295021a2,ACC6317189421,ATM_WITHDRAWAL,582.06,INR,2026-09-19T05:07:45.405Z,WEB,SUCCESS,TRAVEL,Hyderabad,DEV-8711ccad,synthetic-generator,5,2271.845,6,0,3,1,False,False,False,False,True,False,1,NEW_DEVICE,False,2026-09-19T05:07:45.405Z
TXN-c02e0c9d-0451-483d-8e9b-4092bf8e263b,ACC7805745017,CARD_PAYMENT,580.31,INR,2026-09-19T05:07:45.405Z,MOBILE,SUCCESS,ECOMMERCE,Chennai,DEV-1d03c6d5,synthetic-generator,5,806.7152173913043,23,1,2,1,False,True,False,False,True,False,3,"TRANSACTION_BURST,NEW_DEVICE",False,2026-09-19T05:07:45.405Z
TXN-8c1575e4-2c74-492a-b41f-365de5791b68,ACC7010379415,UPI_PAYMENT,1055.12,INR,2026-09-19T05:07:45.405Z,WEB,SUCCESS,UTILITIES,Mumbai,DEV-cfa5a47d,synthetic-generator,5,304.8645,20,1,1,1,True,True,False,False,False,False,4,"HIGH_AMOUNT,TRANSACTION_BURST",False,2026-09-19T05:07:45.405Z
TXN-891cbfa7-8a54-4883-9706-5330cc33b210,ACC9894847574,REFUND,289.39,INR,2026-09-19T05:07:45.405Z,POS,SUCCESS,EDUCATION,Kolkata,DEV-eed3b63b,synthetic-generator,5,1558.878,15,2,2,5,False,True,False,True,True,False,5,"TRANSACTION_BURST,LOCATION_JUMP,NEW_DEVICE",True,2026-09-19T05:07:45.405Z
TXN-d34bc8cf-42ae-40c5-ba2c-a13cf1c22735,ACC1945826486,TRANSFER,1294.59,INR,2026-09-19T05:07:45.405Z,ATM,SUCCESS,GROCERY,Delhi,DEV-d51b1938,synthetic-generator,5,1154.3345,20,0,3,3,False,True,False,True,True,False,5,"TRANSACTION_BURST,LOCATION_JUMP,NEW_DEVICE",True,2026-09-19T05:07:45.405Z
TXN-119a969b-ccae-480d-aca9-0c2ed8466a42,ACC5710360983,TRANSFER,296.29,INR,2026-09-19T05:07:45.405Z,BRANCH,SUCCESS,ECOMMERCE,Pune,DEV-a21a502a,synthetic-generator,5,1179.485,12,0,1,1,False,True,False,False,False,False,2,TRANSACTION_BURST,False,2026-09-19T05:07:45.405Z
TXN-2c680938-4c20-4fc5-bdad-1b7e1598752c,ACC4919706735,CARD_PAYMENT,669.57,INR,2026-09-19T05:07:45.405Z,UPI,SUCCESS,ENTERTAINMENT,Pune,DEV-4710e4f7,synthetic-generator,5,1111.4066666666668,9,0,2,1,False,True,False,False,True,False,3,"TRANSACTION_BURST,NEW_DEVICE",False,2026-09-19T05:07:45.405Z
TXN-a970c880-efdf-44f0-a94a-f5cf79020464,ACC4163119785,REFUND,253.2,INR,2026-09-19T05:07:45.405Z,BRANCH,SUCCESS,GROCERY,Pune,DEV-5e9107b0,synthetic-generator,5,353.8857142857143,7,0,2,1,False,False,False,False,True,False,1,NEW_DEVICE,False,2026-09-19T05:07:45.405Z
TXN-6b50a224-0fa2-4a6e-9bc8-14aaa33304ff,ACC1667779376,CARD_PAYMENT,506.35,INR,2026-09-19T05:07:45.405Z,BRANCH,FAILED,OTHER,Chennai,DEV-0b12de18,synthetic-generator,5,548.3466666666667,15,5,3,1,False,True,True,False,True,False,5,"TRANSACTION_BURST,REPEATED_FAILURES,NEW_DEVICE",True,2026-09-19T05:07:45.405Z
TXN-75620ba5-ae8f-4849-a7af-7a324e80517a,ACC3615507143,DEPOSIT,1050.47,INR,2026-09-19T05:07:45.405Z,MOBILE,SUCCESS,UTILITIES,Bengaluru,DEV-5e101f0d,synthetic-generator,5,1016.8924999999999,8,0,1,2,False,False,False,True,False,False,2,LOCATION_JUMP,False,2026-09-19T05:07:45.405Z
TXN-1229a105-499a-4fff-9200-2be6f10f3612,ACC4289233844,ATM_WITHDRAWAL,286.25,INR,2026-09-19T05:07:45.405Z,ATM,SUCCESS,FUEL,Hyderabad,DEV-0d90d34d,synthetic-generator,5,1004.2819999999999,15,2,1,3,False,True,False,True,False,False,4,"TRANSACTION_BURST,LOCATION_JUMP",False,2026-09-19T05:07:45.405Z
TXN-0e009c15-8f50-4e67-bc2b-2e1f64a3c7a2,ACC7825844140,TRANSFER,90.43,INR,2026-09-19T05:07:45.405Z,MOBILE,FAILED,EDUCATION,Ahmedabad,DEV-6cfc07d0,synthetic-generator,5,520.06,11,1,1,1,False,True,False,False,False,False,2,TRANSACTION_BURST,False,2026-09-19T05:07:45.405Z
TXN-0f3b2ac0-03ae-4f10-b57b-9dd8fc89db38,ACC8235363119,UPI_PAYMENT,727.29,INR,2026-09-19T05:07:45.405Z,UPI,SUCCESS,ENTERTAINMENT,Pune,DEV-818eb553,synthetic-generator,5,1597.1244444444446,18,1,1,1,False,True,False,False,False,False,2,TRANSACTION_BURST,False,2026-09-19T05:07:45.405Z
TXN-2e8da039-2928-4af7-a6e4-d85812c0032d,ACC5710360983,REFUND,3300.7,INR,2026-09-19T05:07:45.405Z,ATM,SUCCESS,EDUCATION,Pune,DEV-a21a502a,synthetic-generator,5,1179.485,12,0,1,1,False,True,False,False,False,False,2,TRANSACTION_BURST,False,2026-09-19T05:07:45.405Z
TXN-eca4c18a-7cea-4cd1-8078-c7269efc420d,ACC7825844140,UPI_PAYMENT,296.17,INR,2026-09-19T05:07:45.405Z,UPI,SUCCESS,EDUCATION,Ahmedabad,DEV-6cfc07d0,synthetic-generator,5,520.06,11,1,1,1,False,True,False,False,False,False,2,TRANSACTION_BURST,False,2026-09-19T05:07:45.405Z
TXN-a9fa3fc5-1d14-464c-a7b7-68e28629b96e,ACC9592390865,DEPOSIT,4473.78,INR,2026-09-19T05:07:45.405Z,UPI,SUCCESS,DINING,Kolkata,DEV-18be6101,synthetic-generator,5,1498.7482608695652,23,6,3,1,False,True,False,False,True,False,3,"TRANSACTION_BURST,NEW_DEVICE",False,2026-09-19T05:07:45.405Z
TXN-51dbea29-2a87-43fc-be5e-15ced57399aa,ACC4095476665,DEPOSIT,160.09,INR,2026-09-19T05:07:45.405Z,POS,SUCCESS,ENTERTAINMENT,Kolkata,DEV-d33f4977,synthetic-generator,5,495.94666666666666,15,3,2,1,False,True,False,False,True,False,3,"TRANSACTION_BURST,NEW_DEVICE",False,2026-09-19T05:07:45.405Z
TXN-3eb1499e-4cfc-47c1-aff6-6be1c6e1465c,ACC9697354961,ATM_WITHDRAWAL,269.24,INR,2026-09-19T05:07:45.405Z,MOBILE,SUCCESS,FINANCIAL_SERVICES,Lucknow,DEV-3dc84d75,synthetic-generator,5,2085.41,10,0,1,1,False,True,False,False,False,False,2,TRANSACTION_BURST,False,2026-09-19T05:07:45.405Z
TXN-15f8acc7-b05f-4150-9dee-5426a552cfc0,ACC3030106617,BILL_PAYMENT,2400.07,INR,2026-09-19T05:07:45.405Z,ATM,SUCCESS,HEALTHCARE,Kolkata,DEV-4c67ed1b,synthetic-generator,5,1945.6331578947368,19,1,2,3,False,True,False,True,True,False,5,"TRANSACTION_BURST,LOCATION_JUMP,NEW_DEVICE",True,2026-09-19T05:07:45.405Z
TXN-4c090b60-9e0d-49da-917d-a15ddb4a7149,ACC5693307665,TRANSFER,3378.11,INR,2026-09-19T05:07:45.405Z,WEB,SUCCESS,GROCERY,Delhi,DEV-f3eef1e4,synthetic-generator,5,1745.453,10,1,1,3,False,True,False,True,False,False,4,"TRANSACTION_BURST,LOCATION_JUMP",False,2026-09-19T05:07:45.405Z
TXN-243d761a-f77e-405b-aefe-139127a863dd,ACC1470939445,UPI_PAYMENT,274.92,INR,2026-09-19T05:07:45.405Z,UPI,FAILED,TRAVEL,Lucknow,DEV-b80db0fd,synthetic-generator,5,630.3511111111111,18,6,3,1,False,True,True,False,True,False,5,"TRANSACTION_BURST,REPEATED_FAILURES,NEW_DEVICE",True,2026-09-19T05:07:45.405Z
TXN-a615f80e-02c5-4641-87ac-061c6eccc502,ACC1945826486,DEPOSIT,783.45,INR,2026-09-19T05:07:45.405Z,BRANCH,SUCCESS,TRAVEL,Delhi,DEV-6de9cd15,synthetic-generator,5,1154.3345,20,0,3,3,False,True,False,True,True,False,5,"TRANSACTION_BURST,LOCATION_JUMP,NEW_DEVICE",True,2026-09-19T05:07:45.405Z
TXN-0d44ed2a-9b40-4ad8-b152-e0c25529be8b,ACC7567496105,ATM_WITHDRAWAL,1137.64,INR,2026-09-19T05:07:45.405Z,WEB,SUCCESS,DINING,Lucknow,DEV-2ebdd51d,synthetic-generator,5,4368.3976923076925,13,1,1,1,False,True,False,False,False,False,2,TRANSACTION_BURST,False,2026-09-19T05:07:45.405Z
TXN-f8a5b4bd-a41d-4806-93e4-371cc207a696,ACC9703905715,ATM_WITHDRAWAL,4477.8,INR,2026-09-19T05:07:45.405Z,BRANCH,SUCCESS,UTILITIES,Hyderabad,DEV-6387f5a3,synthetic-generator,5,1864.245263157895,19,1,1,1,False,True,False,False,False,False,2,TRANSACTION_BURST,False,2026-09-19T05:07:45.405Z
TXN-29974fc1-a8d4-41f6-9327-4a3763deed87,ACC5774080233,DEPOSIT,244.84,INR,2026-09-19T05:07:45.405Z,WEB,SUCCESS,GOVERNMENT,Chennai,DEV-a9310803,synthetic-generator,5,369.478,15,1,3,3,False,True,False,True,True,False,5,"TRANSACTION_BURST,LOCATION_JUMP,NEW_DEVICE",True,2026-09-19T05:07:45.405Z
TXN-d75a603e-9f56-485e-b389-9df0b1d1cd0f,ACC2566942273,CARD_PAYMENT,216.39,INR,2026-09-19T05:07:45.405Z,ATM,SUCCESS,TRAVEL,Kolkata,DEV-18e6ece8,synthetic-generator,5,250.60399999999998,10,0,1,5,False,True,False,True,False,False,4,"TRANSACTION_BURST,LOCATION_JUMP",False,2026-09-19T05:07:45.405Z
TXN-9cd6a4bf-12de-4462-8a47-bb57aadde19b,ACC2149938334,BILL_PAYMENT,408.35,INR,2026-09-19T05:07:45.405Z,MOBILE,SUCCESS,GOVERNMENT,Mumbai,DEV-b05f46f5,synthetic-generator,5,1112.317,20,1,1,1,False,True,False,False,False,False,2,TRANSACTION_BURST,False,2026-09-19T05:07:45.405Z
TXN-abe0290b-1fc7-40c1-8043-709343a01efe,ACC5567816720,ATM_WITHDRAWAL,134.35,INR,2026-09-19T05:07:45.406Z,UPI,SUCCESS,ECOMMERCE,Pune,DEV-08a902d9,synthetic-generator,5,365.1275,8,0,2,1,False,False,False,False,True,False,1,NEW_DEVICE,False,2026-09-19T05:07:45.406Z
TXN-0ab3e552-211c-4ab0-a348-8f59711a88ab,ACC8987073217,DEPOSIT,749.51,INR,2026-09-19T05:07:45.406Z,BRANCH,SUCCESS,GOVERNMENT,Ahmedabad,DEV-80f1f0d4,synthetic-generator,5,806.3833333333333,12,1,3,1,False,True,False,False,True,False,3,"TRANSACTION_BURST,NEW_DEVICE",False,2026-09-19T05:07:45.406Z
TXN-308c6d4d-cd98-4188-be12-afc6fdbe99db,ACC4131575764,DEPOSIT,1250.27,INR,2026-09-19T05:07:45.406Z,WEB,SUCCESS,DINING,Chennai,DEV-dcdaea1d,synthetic-generator,5,1197.8876923076923,13,0,2,3,False,True,False,True,True,False,5,"TRANSACTION_BURST,LOCATION_JUMP,NEW_DEVICE",True,2026-09-19T05:07:45.406Z
TXN-33406b7e-4e8b-47c9-a3e8-c3935545ab6f,ACC4095476665,UPI_PAYMENT,168.54,INR,2026-09-19T05:07:45.406Z,POS,SUCCESS,DINING,Kolkata,DEV-d33f4977,synthetic-generator,5,495.94666666666666,15,3,2,1,False,True,False,False,True,False,3,"TRANSACTION_BURST,NEW_DEVICE",False,2026-09-19T05:07:45.406Z
TXN-49f41fe7-56da-46fe-a8da-b89b99701112,ACC6488854841,ATM_WITHDRAWAL,463.54,INR,2026-09-19T05:07:45.406Z,BRANCH,SUCCESS,ECOMMERCE,Jaipur,DEV-17594c88,synthetic-generator,5,1021.0524999999999,12,0,3,1,False,True,False,False,True,False,3,"TRANSACTION_BURST,NEW_DEVICE",False,2026-09-19T05:07:45.406Z
TXN-b115b9c5-2305-468d-aa46-c3f663d087ca,ACC1965067727,REFUND,583.53,INR,2026-09-19T05:07:45.406Z,ATM,FAILED,GROCERY,Jaipur,DEV-d341c380,synthetic-generator,5,3115.4136363636367,11,2,1,1,False,True,False,False,False,False,2,TRANSACTION_BURST,False,2026-09-19T05:07:45.406Z
TXN-d32fd68f-8a45-4890-bf4e-c0d1b8e2c22e,ACC1983297492,ATM_WITHDRAWAL,705.57,INR,2026-09-19T05:07:45.406Z,UPI,SUCCESS,UTILITIES,Pune,DEV-0a2bbaa5,synthetic-generator,5,1565.950909090909,11,2,2,1,False,True,False,False,True,False,3,"TRANSACTION_BURST,NEW_DEVICE",False,2026-09-19T05:07:45.406Z
TXN-1116e702-1eea-4750-afee-761ef41e7361,ACC4289233844,CARD_PAYMENT,159.26,INR,2026-09-19T05:07:45.406Z,POS,SUCCESS,HEALTHCARE,Hyderabad,DEV-0d90d34d,synthetic-generator,5,1004.2819999999999,15,2,1,3,False,True,False,True,False,False,4,"TRANSACTION_BURST,LOCATION_JUMP",False,2026-09-19T05:07:45.406Z
TXN-b3f80350-5f97-451c-9f27-ef2b0a63dba7,ACC2351531223,ATM_WITHDRAWAL,118.89,INR,2026-09-19T05:07:45.406Z,ATM,SUCCESS,UTILITIES,Hyderabad,DEV-201dde4d,synthetic-generator,5,331.96,6,0,3,1,False,False,False,False,True,False,1,NEW_DEVICE,False,2026-09-19T05:07:45.406Z
TXN-9d54c01c-ceb9-448d-86a4-771128fd6bea,ACC7567496105,TRANSFER,3790.19,INR,2026-09-19T05:07:45.406Z,ATM,SUCCESS,FUEL,Lucknow,DEV-2ebdd51d,synthetic-generator,5,4368.3976923076925,13,1,1,1,False,True,False,False,False,False,2,TRANSACTION_BURST,False,2026-09-19T05:07:45.406Z
TXN-a518e551-3a9c-41fb-9a7c-c91102ea7d7c,ACC8934927891,TRANSFER,736.25,INR,2026-09-19T05:07:45.406Z,ATM,REVERSED,ENTERTAINMENT,Jaipur,DEV-29c782ee,synthetic-generator,5,280.422,5,1,2,1,False,False,False,False,True,False,1,NEW_DEVICE,False,2026-09-19T05:07:45.406Z
TXN-df109005-3564-4b11-ad67-ac2094796550,ACC1083651970,TRANSFER,1164.73,INR,2026-09-19T05:07:45.406Z,BRANCH,SUCCESS,ENTERTAINMENT,Hyderabad,DEV-1b315130,synthetic-generator,5,2311.6264285714287,14,0,1,1,False,True,False,False,False,False,2,TRANSACTION_BURST,False,2026-09-19T05:07:45.406Z
TXN-17538bb7-7e57-4a21-a957-0ce73468a10c,ACC6924716023,UPI_PAYMENT,1620.07,INR,2026-09-19T05:07:45.406Z,POS,FAILED,ENTERTAINMENT,Delhi,DEV-9603ec5d,synthetic-generator,5,1296.8735897435897,39,12,2,2,False,True,True,True,True,False,7,"TRANSACTION_BURST,REPEATED_FAILURES,LOCATION_JUMP,NEW_DEVICE",True,2026-09-19T05:07:45.406Z
TXN-bb0d5081-dee7-4cb3-b552-138682a9cad5,ACC6924716023,REFUND,4094.75,INR,2026-09-19T05:07:45.406Z,WEB,SUCCESS,FINANCIAL_SERVICES,Delhi,DEV-cda11eca,synthetic-generator,5,1296.8735897435897,39,12,2,2,True,True,False,True,True,False,7,"HIGH_AMOUNT,TRANSACTION_BURST,LOCATION_JUMP,NEW_DEVICE",True,2026-09-19T05:07:45.406Z
TXN-3543b5bf-5646-4455-90a8-d727072ccbde,ACC7010379415,BILL_PAYMENT,835.09,INR,2026-09-19T05:07:45.406Z,POS,SUCCESS,ENTERTAINMENT,Mumbai,DEV-cfa5a47d,synthetic-generator,5,304.8645,20,1,1,1,False,True,False,False,False,False,2,TRANSACTION_BURST,False,2026-09-19T05:07:45.406Z
TXN-3cd96979-3d2d-4fca-98c4-2b5fee5bcee1,ACC5067116918,BILL_PAYMENT,311.08,INR,2026-09-19T05:07:45.406Z,ATM,SUCCESS,FINANCIAL_SERVICES,Mumbai,DEV-9f2754c0,synthetic-generator,5,2291.2725,8,1,3,1,False,False,False,False,True,False,1,NEW_DEVICE,False,2026-09-19T05:07:45.406Z
TXN-13365d9d-5175-4e5b-a0fa-b9cb1d88850d,ACC4460967357,UPI_PAYMENT,374.53,INR,2026-09-19T05:07:45.406Z,ATM,FAILED,FUEL,Mumbai,DEV-c1b63ec1,synthetic-generator,5,941.7589473684211,19,12,3,1,False,True,True,False,True,False,5,"TRANSACTION_BURST,REPEATED_FAILURES,NEW_DEVICE",True,2026-09-19T05:07:45.406Z
TXN-6df8ab3e-5617-4526-88f6-0b8dba1a8db5,ACC9786748825,REFUND,1516.2,INR,2026-09-19T05:07:45.406Z,MOBILE,SUCCESS,TRAVEL,Hyderabad,DEV-e8cd1fd2,synthetic-generator,5,1400.3655555555556,18,5,1,3,False,True,False,True,False,False,4,"TRANSACTION_BURST,LOCATION_JUMP",False,2026-09-19T05:07:45.406Z
TXN-3bb94b2b-880b-49b6-8732-602a7cf0dfe0,ACC7805745017,BILL_PAYMENT,88.31,INR,2026-09-19T05:07:45.406Z,MOBILE,SUCCESS,DINING,Chennai,DEV-1d03c6d5,synthetic-generator,5,806.7152173913043,23,1,2,1,False,True,False,False,True,False,3,"TRANSACTION_BURST,NEW_DEVICE",False,2026-09-19T05:07:45.406Z
TXN-fd502235-8b88-459a-9b8c-bc85227ee60f,ACC5067116918,ATM_WITHDRAWAL,1548.32,INR,2026-09-19T05:07:45.406Z,POS,SUCCESS,ECOMMERCE,Mumbai,DEV-480ee279,synthetic-generator,5,2291.2725,8,1,3,1,False,False,False,False,True,False,1,NEW_DEVICE,False,2026-09-19T05:07:45.406Z
TXN-7687c026-217d-4d42-9384-bfd77422aa05,ACC8110054933,DEPOSIT,1848.47,INR,2026-09-19T05:07:45.406Z,POS,SUCCESS,FINANCIAL_SERVICES,Pune,DEV-94816e1c,synthetic-generator,5,1515.8945454545456,11,4,2,1,False,True,False,False,True,False,3,"TRANSACTION_BURST,NEW_DEVICE",False,2026-09-19T05:07:45.406Z
TXN-6f236ca2-af99-41c2-a997-17e3d3f76d7d,ACC5996775663,ATM_WITHDRAWAL,32183.18,INR,2026-09-19T05:07:45.406Z,POS,SUCCESS,OTHER,Hyderabad,DEV-bd453a08,synthetic-generator,5,3597.0620000000004,20,1,1,1,True,True,False,False,False,False,4,"HIGH_AMOUNT,TRANSACTION_BURST",False,2026-09-19T05:07:45.406Z
TXN-580b3526-192d-4d63-a53e-f0d417dbb981,ACC9894264595,UPI_PAYMENT,383.93,INR,2026-09-19T05:07:45.406Z,ATM,SUCCESS,FINANCIAL_SERVICES,Delhi,DEV-b1e5726c,synthetic-generator,5,1252.0023076923076,13,0,1,1,False,True,False,False,False,False,2,TRANSACTION_BURST,False,2026-09-19T05:07:45.406Z
TXN-e340ec5c-8da2-4cdb-85c8-e32675b01cb5,ACC5996775663,BILL_PAYMENT,1282.42,INR,2026-09-19T05:07:45.406Z,BRANCH,SUCCESS,UTILITIES,Hyderabad,DEV-bd453a08,synthetic-generator,5,3597.0620000000004,20,1,1,1,False,True,False,False,False,False,2,TRANSACTION_BURST,False,2026-09-19T05:07:45.406Z
TXN-a2c9431f-bcfc-4107-bda3-a696f40e671e,ACC2181241943,DEPOSIT,321.13,INR,2026-09-19T05:07:45.406Z,MOBILE,SUCCESS,DINING,Hyderabad,DEV-f6824ffe,synthetic-generator,5,2125.5550000000003,8,0,1,1,False,False,False,False,False,False,0,,False,2026-09-19T05:07:45.406Z
TXN-ae8e593f-8116-45a4-92a1-1102f138b6fd,ACC5284391408,BILL_PAYMENT,147.84,INR,2026-09-19T05:07:45.406Z,BRANCH,SUCCESS,HEALTHCARE,Jaipur,DEV-16fa3ada,synthetic-generator,5,337.99555555555554,9,0,2,5,False,True,False,True,True,False,5,"TRANSACTION_BURST,LOCATION_JUMP,NEW_DEVICE",True,2026-09-19T05:07:45.406Z
TXN-f08b3459-f9d7-424d-9fd7-86bb6fa2b023,ACC3783290795,UPI_PAYMENT,3799.28,INR,2026-09-19T05:07:45.406Z,MOBILE,SUCCESS,TRAVEL,Delhi,DEV-7bdf94bd,synthetic-generator,5,2905.393846153846,13,1,3,1,False,True,False,False,True,False,3,"TRANSACTION_BURST,NEW_DEVICE",False,2026-09-19T05:07:45.406Z
TXN-9041dcfd-5d99-4ed8-82b5-595321ff0886,ACC9697354961,BILL_PAYMENT,2181.19,INR,2026-09-19T05:07:45.406Z,WEB,SUCCESS,TRAVEL,Lucknow,DEV-3dc84d75,synthetic-generator,5,2085.41,10,0,1,1,False,True,False,False,False,False,2,TRANSACTION_BURST,False,2026-09-19T05:07:45.406Z
TXN-a863fa3c-12a2-478d-995b-54e4e77aa2bf,ACC1248786714,ATM_WITHDRAWAL,120.73,INR,2026-09-19T05:07:45.406Z,MOBILE,SUCCESS,HEALTHCARE,Chennai,DEV-97677b4d,synthetic-generator,5,392.5536363636364,11,0,2,2,False,True,False,True,True,False,5,"TRANSACTION_BURST,LOCATION_JUMP,NEW_DEVICE",True,2026-09-19T05:07:45.406Z
TXN-2ff67257-56fe-4a24-9d6d-e2d5641613d0,ACC2867302554,ATM_WITHDRAWAL,822.85,INR,2026-09-19T05:07:45.406Z,MOBILE,SUCCESS,OTHER,Chennai,DEV-3c987226,synthetic-generator,5,1157.8992857142857,14,5,1,1,False,True,False,False,False,False,2,TRANSACTION_BURST,False,2026-09-19T05:07:45.406Z
TXN-bae52579-cd28-47b6-aa48-740c8c93e685,ACC8047877267,BILL_PAYMENT,8534.89,INR,2026-09-19T05:07:45.406Z,BRANCH,SUCCESS,EDUCATION,Jaipur,DEV-6864daf6,synthetic-generator,5,1046.5081818181818,22,2,2,3,True,True,False,True,True,False,7,"HIGH_AMOUNT,TRANSACTION_BURST,LOCATION_JUMP,NEW_DEVICE",True,2026-09-19T05:07:45.406Z
TXN-98febffd-b779-4da3-812f-406b6b06daef,ACC4332894265,TRANSFER,1374.62,INR,2026-09-19T05:07:45.406Z,MOBILE,SUCCESS,GROCERY,Hyderabad,DEV-70525b5f,synthetic-generator,5,1390.5892307692307,13,0,1,1,False,True,False,False,False,False,2,TRANSACTION_BURST,False,2026-09-19T05:07:45.406Z
TXN-c69d9d4c-9aa3-4f3e-ad58-95d3be03ff29,ACC3710566582,UPI_PAYMENT,1119.97,INR,2026-09-19T05:07:45.406Z,WEB,SUCCESS,FUEL,Pune,DEV-0b88904d,synthetic-generator,5,886.235,8,0,2,3,False,False,False,True,True,False,3,"LOCATION_JUMP,NEW_DEVICE",False,2026-09-19T05:07:45.406Z
TXN-14579440-5dcd-4cd9-9d14-0c3a7fad706d,ACC9963334018,ATM_WITHDRAWAL,253.23,INR,2026-09-19T05:07:45.406Z,BRANCH,SUCCESS,HEALTHCARE,Delhi,DEV-64631af6,synthetic-generator,5,536.0754545454546,33,6,1,1,False,True,False,False,False,False,2,TRANSACTION_BURST,False,2026-09-19T05:07:45.406Z
TXN-fda27c51-605e-43c4-95e9-bf720772b7bf,ACC1422701550,UPI_PAYMENT,567.87,INR,2026-09-19T05:07:45.406Z,ATM,SUCCESS,OTHER,Hyderabad,DEV-a8ac3a34,synthetic-generator,5,1569.0040000000001,10,0,2,1,False,True,False,False,True,False,3,"TRANSACTION_BURST,NEW_DEVICE",False,2026-09-19T05:07:45.406Z
TXN-67230ea1-84ce-4c9c-8989-b09b414abd85,ACC1127978094,UPI_PAYMENT,96.81,INR,2026-09-19T05:07:45.406Z,BRANCH,SUCCESS,ECOMMERCE,Pune,DEV-9aedd924,synthetic-generator,5,374.10181818181815,11,7,1,1,False,True,False,False,False,False,2,TRANSACTION_BURST,False,2026-09-19T05:07:45.406Z
TXN-90a1d02b-9d97-4d91-9c63-0cc00045f7a3,ACC5996775663,ATM_WITHDRAWAL,659.51,INR,2026-09-19T05:07:45.406Z,MOBILE,SUCCESS,UTILITIES,Hyderabad,DEV-bd453a08,synthetic-generator,5,3597.0620000000004,20,1,1,1,False,True,False,False,False,False,2,TRANSACTION_BURST,False,2026-09-19T05:07:45.406Z
TXN-79c27c76-7f99-4e38-9273-2f8da9035be2,ACC8110054933,ATM_WITHDRAWAL,887.67,INR,2026-09-19T05:07:45.406Z,POS,SUCCESS,FINANCIAL_SERVICES,Pune,DEV-94816e1c,synthetic-generator,5,1515.8945454545456,11,4,2,1,False,True,False,False,True,False,3,"TRANSACTION_BURST,NEW_DEVICE",False,2026-09-19T05:07:45.406Z
TXN-3b4c24c3-4f2e-4ece-94af-fe16971f2a85,ACC2137651678,DEPOSIT,599.74,INR,2026-09-19T05:07:45.406Z,MOBILE,SUCCESS,GOVERNMENT,Jaipur,DEV-5060cefa,synthetic-generator,5,1534.6319047619047,21,1,2,1,False,True,False,False,True,False,3,"TRANSACTION_BURST,NEW_DEVICE",False,2026-09-19T05:07:45.406Z
TXN-471c28f4-3033-4f09-8d45-53f985c34fa8,ACC9573276057,REFUND,407.53,INR,2026-09-19T05:07:45.406Z,POS,SUCCESS,TRAVEL,Kolkata,DEV-24d0b21a,synthetic-generator,5,1893.443,10,0,3,1,False,True,False,False,True,False,3,"TRANSACTION_BURST,NEW_DEVICE",False,2026-09-19T05:07:45.406Z
TXN-4a8fba4d-feb9-4e3c-987b-aab28cbf0076,ACC5693307665,DEPOSIT,1475.96,INR,2026-09-19T05:07:45.406Z,MOBILE,SUCCESS,DINING,Delhi,DEV-f3eef1e4,synthetic-generator,5,1745.453,10,1,1,3,False,True,False,True,False,False,4,"TRANSACTION_BURST,LOCATION_JUMP",False,2026-09-19T05:07:45.406Z
TXN-4c74ea11-f5f6-4c44-8d1c-cb0e683ffb32,ACC5728765136,CARD_PAYMENT,18741.07,INR,2026-09-19T05:07:45.406Z,UPI,SUCCESS,EDUCATION,Pune,DEV-0f259406,synthetic-generator,5,4346.4825,8,0,3,1,True,False,False,False,True,False,3,"HIGH_AMOUNT,NEW_DEVICE",False,2026-09-19T05:07:45.406Z
TXN-1a66e203-337d-4e10-b060-dabdc9f7f1e3,ACC1470939445,ATM_WITHDRAWAL,404.59,INR,2026-09-19T05:07:45.406Z,ATM,SUCCESS,OTHER,Lucknow,DEV-b80db0fd,synthetic-generator,5,630.3511111111111,18,6,3,1,False,True,False,False,True,False,3,"TRANSACTION_BURST,NEW_DEVICE",False,2026-09-19T05:07:45.406Z
TXN-e784c973-42f1-40e7-9226-ba8476b268e1,ACC1248786714,ATM_WITHDRAWAL,182.0,INR,2026-09-19T05:07:45.406Z,WEB,SUCCESS,FINANCIAL_SERVICES,Chennai,DEV-97677b4d,synthetic-generator,5,392.5536363636364,11,0,2,2,False,True,False,True,True,False,5,"TRANSACTION_BURST,LOCATION_JUMP,NEW_DEVICE",True,2026-09-19T05:07:45.406Z
TXN-9d803cc1-2d7d-4273-85d2-8a3193a7e5bf,ACC4888749350,BILL_PAYMENT,475.01,INR,2026-09-19T05:07:45.406Z,WEB,SUCCESS,FINANCIAL_SERVICES,Hyderabad,DEV-d79b40eb,synthetic-generator,5,1120.5018181818182,11,0,1,1,False,True,False,False,False,False,2,TRANSACTION_BURST,False,2026-09-19T05:07:45.406Z
TXN-3c15874b-1ab0-4c58-a001-47a89c354806,ACC8429141456,UPI_PAYMENT,3842.3,INR,2026-09-19T05:07:45.406Z,MOBILE,FAILED,HEALTHCARE,Jaipur,DEV-babb5efb,synthetic-generator,5,1572.8690000000001,10,5,2,1,False,True,True,False,True,False,5,"TRANSACTION_BURST,REPEATED_FAILURES,NEW_DEVICE",True,2026-09-19T05:07:45.406Z
TXN-be36cf17-a2d2-4218-9374-b5b4a55c7da7,ACC7887950851,TRANSFER,170.03,INR,2026-09-19T05:07:45.406Z,MOBILE,SUCCESS,ECOMMERCE,Jaipur,DEV-1ea79939,synthetic-generator,5,1294.8766666666668,6,0,3,1,False,False,False,False,True,False,1,NEW_DEVICE,False,2026-09-19T05:07:45.406Z
TXN-b77e41fb-4b95-4db8-9d4e-d050eae4accd,ACC9697354961,UPI_PAYMENT,483.16,INR,2026-09-19T05:07:45.406Z,UPI,SUCCESS,EDUCATION,Lucknow,DEV-3dc84d75,synthetic-generator,5,2085.41,10,0,1,1,False,True,False,False,False,False,2,TRANSACTION_BURST,False,2026-09-19T05:07:45.406Z
TXN-bc51ae98-3089-473c-94fa-a95482cafa8e,ACC4466589567,CARD_PAYMENT,418.61,INR,2026-09-19T05:07:45.406Z,POS,SUCCESS,OTHER,Chennai,DEV-754e6b9b,synthetic-generator,5,1452.88875,8,1,3,1,False,False,False,False,True,False,1,NEW_DEVICE,False,2026-09-19T05:07:45.406Z
TXN-c3b6e113-6e06-4e23-a2e6-ce03a1f0ee97,ACC8086172302,REFUND,400.42,INR,2026-09-19T05:07:45.406Z,WEB,SUCCESS,FUEL,Mumbai,DEV-c985195d,synthetic-generator,5,3426.0128571428572,7,0,2,1,False,False,False,False,True,False,1,NEW_DEVICE,False,2026-09-19T05:07:45.406Z
TXN-c2035a67-9d7f-4c04-8885-3bf855383fa6,ACC7805745017,REFUND,811.33,INR,2026-09-19T05:07:45.406Z,WEB,SUCCESS,UTILITIES,Chennai,DEV-472a88df,synthetic-generator,5,806.7152173913043,23,1,2,1,False,True,False,False,True,False,3,"TRANSACTION_BURST,NEW_DEVICE",False,2026-09-19T05:07:45.406Z
TXN-22b30ea0-0a70-421f-99ac-933202aab6f0,ACC7517938612,UPI_PAYMENT,776.09,INR,2026-09-19T05:07:45.406Z,POS,SUCCESS,TRAVEL,Pune,DEV-1c46c284,synthetic-generator,5,1835.2130769230769,13,0,2,4,False,True,False,True,True,False,5,"TRANSACTION_BURST,LOCATION_JUMP,NEW_DEVICE",True,2026-09-19T05:07:45.406Z
TXN-51a6a8b1-dfd1-478e-a117-062f002e60ea,ACC4888749350,ATM_WITHDRAWAL,670.58,INR,2026-09-19T05:07:45.406Z,ATM,SUCCESS,EDUCATION,Hyderabad,DEV-d79b40eb,synthetic-generator,5,1120.5018181818182,11,0,1,1,False,True,False,False,False,False,2,TRANSACTION_BURST,False,2026-09-19T05:07:45.406Z
TXN-dc982b6c-113f-455f-9720-ab64bbb0f868,ACC9786748825,ATM_WITHDRAWAL,1230.48,INR,2026-09-19T05:07:45.406Z,UPI,SUCCESS,UTILITIES,Hyderabad,DEV-e8cd1fd2,synthetic-generator,5,1400.3655555555556,18,5,1,3,False,True,False,True,False,False,4,"TRANSACTION_BURST,LOCATION_JUMP",False,2026-09-19T05:07:45.406Z
TXN-1e671c10-61e4-432c-9c42-87fa9c4657ba,ACC4919706735,BILL_PAYMENT,1662.58,INR,2026-09-19T05:07:45.406Z,UPI,SUCCESS,OTHER,Pune,DEV-4710e4f7,synthetic-generator,5,1111.4066666666668,9,0,2,1,False,True,False,False,True,False,3,"TRANSACTION_BURST,NEW_DEVICE",False,2026-09-19T05:07:45.406Z
TXN-002a1c50-96be-4498-aa18-591f15e3af90,ACC9957813353,CARD_PAYMENT,11658.27,INR,2026-09-19T05:07:45.406Z,ATM,SUCCESS,DINING,Kolkata,DEV-d446b394,synthetic-generator,5,1681.8311111111113,9,1,1,1,True,True,False,False,False,False,4,"HIGH_AMOUNT,TRANSACTION_BURST",False,2026-09-19T05:07:45.406Z
TXN-d4a95650-53eb-47b8-b6d3-402ef5acd3a9,ACC5693307665,ATM_WITHDRAWAL,1937.19,INR,2026-09-19T05:07:45.406Z,BRANCH,FAILED,FINANCIAL_SERVICES,Delhi,DEV-f3eef1e4,synthetic-generator,5,1745.453,10,1,1,3,False,True,False,True,False,False,4,"TRANSACTION_BURST,LOCATION_JUMP",False,2026-09-19T05:07:45.406Z
TXN-53a4335d-f3ba-4c7b-831b-af2b848b5fea,ACC4026113008,REFUND,1760.17,INR,2026-09-19T05:07:45.406Z,ATM,SUCCESS,EDUCATION,Ahmedabad,DEV-c444571d,synthetic-generator,5,3347.5088888888886,18,7,3,3,False,True,False,True,True,False,5,"TRANSACTION_BURST,LOCATION_JUMP,NEW_DEVICE",True,2026-09-19T05:07:45.406Z
TXN-b9f2a373-22b5-4f67-9576-8d0dd79aa5dd,ACC8047877267,UPI_PAYMENT,1284.09,INR,2026-09-19T05:07:45.406Z,BRANCH,SUCCESS,DINING,Jaipur,DEV-6864daf6,synthetic-generator,5,1046.5081818181818,22,2,2,3,False,True,False,True,True,False,5,"TRANSACTION_BURST,LOCATION_JUMP,NEW_DEVICE",True,2026-09-19T05:07:45.406Z
TXN-43b91878-41b2-421e-a8c7-c9525406d8b9,ACC1965067727,REFUND,735.26,INR,2026-09-19T05:07:45.406Z,BRANCH,SUCCESS,FINANCIAL_SERVICES,Jaipur,DEV-d341c380,synthetic-generator,5,3115.4136363636367,11,2,1,1,False,True,False,False,False,False,2,TRANSACTION_BURST,False,2026-09-19T05:07:45.406Z
TXN-0cd20af6-fc9d-41de-84d1-afaf62ef5f9c,ACC6488854841,REFUND,1124.46,INR,2026-09-19T05:07:45.406Z,ATM,SUCCESS,ENTERTAINMENT,Jaipur,DEV-cfeb2596,synthetic-generator,5,1021.0524999999999,12,0,3,1,False,True,False,False,True,False,3,"TRANSACTION_BURST,NEW_DEVICE",False,2026-09-19T05:07:45.406Z
TXN-04e71ca9-e7dd-411d-8d3b-987fe941bf40,ACC4095476665,TRANSFER,277.8,INR,2026-09-19T05:07:45.406Z,UPI,SUCCESS,GROCERY,Kolkata,DEV-d33f4977,synthetic-generator,5,495.94666666666666,15,3,2,1,False,True,False,False,True,False,3,"TRANSACTION_BURST,NEW_DEVICE",False,2026-09-19T05:07:45.406Z
TXN-f4230321-58c9-4f4f-9abd-5b63d45fe227,ACC6488854841,UPI_PAYMENT,388.55,INR,2026-09-19T05:07:45.406Z,ATM,SUCCESS,GOVERNMENT,Jaipur,DEV-cfeb2596,synthetic-generator,5,1021.0524999999999,12,0,3,1,False,True,False,False,True,False,3,"TRANSACTION_BURST,NEW_DEVICE",False,2026-09-19T05:07:45.406Z
TXN-310cda84-386d-4679-8bd4-218b62813960,ACC7635473142,CARD_PAYMENT,264.72,INR,2026-09-19T05:07:45.406Z,POS,SUCCESS,EDUCATION,Kolkata,DEV-c2b628ea,synthetic-generator,5,1023.3171428571429,14,5,2,1,False,True,False,False,True,False,3,"TRANSACTION_BURST,NEW_DEVICE",False,2026-09-19T05:07:45.406Z
TXN-4a714e61-4903-4eb7-ba72-ae35a6003d76,ACC1817804383,DEPOSIT,159.58,INR,2026-09-19T05:07:45.406Z,WEB,SUCCESS,ENTERTAINMENT,Jaipur,DEV-3f786cfc,synthetic-generator,5,605.3580000000001,30,5,3,3,False,True,False,True,True,False,5,"TRANSACTION_BURST,LOCATION_JUMP,NEW_DEVICE",True,2026-09-19T05:07:45.406Z
TXN-b38eca99-837a-49ad-8407-d1e59da5568d,ACC4888749350,BILL_PAYMENT,7479.35,INR,2026-09-19T05:07:45.406Z,BRANCH,SUCCESS,HEALTHCARE,Hyderabad,DEV-d79b40eb,synthetic-generator,5,1120.5018181818182,11,0,1,1,True,True,False,False,False,False,4,"HIGH_AMOUNT,TRANSACTION_BURST",False,2026-09-19T05:07:45.406Z
TXN-e4870431-6c99-41ad-8ce1-2bae439be262,ACC3303082117,TRANSFER,823.36,INR,2026-09-19T05:07:45.407Z,POS,SUCCESS,HEALTHCARE,Jaipur,DEV-e1d174e4,synthetic-generator,5,971.1644444444444,9,0,3,1,False,True,False,False,True,False,3,"TRANSACTION_BURST,NEW_DEVICE",False,2026-09-19T05:07:45.407Z
TXN-01b84b2d-62c8-4d82-9cb9-930593bd6b25,ACC5996775663,BILL_PAYMENT,531.68,INR,2026-09-19T05:07:45.407Z,POS,SUCCESS,EDUCATION,Hyderabad,DEV-bd453a08,synthetic-generator,5,3597.0620000000004,20,1,1,1,False,True,False,False,False,False,2,TRANSACTION_BURST,False,2026-09-19T05:07:45.407Z
TXN-2f7fd55b-1738-4676-abaa-e16b66b86b8e,ACC4332894265,CARD_PAYMENT,977.38,INR,2026-09-19T05:07:45.407Z,MOBILE,SUCCESS,FUEL,Hyderabad,DEV-70525b5f,synthetic-generator,5,1390.5892307692307,13,0,1,1,False,True,False,False,False,False,2,TRANSACTION_BURST,False,2026-09-19T05:07:45.407Z
TXN-745e650f-22d3-4770-b9b2-281c7181f173,ACC1817804383,UPI_PAYMENT,2480.98,INR,2026-09-19T05:07:45.407Z,POS,SUCCESS,GOVERNMENT,Jaipur,DEV-648b28d5,synthetic-generator,5,605.3580000000001,30,5,3,3,True,True,False,True,True,False,7,"HIGH_AMOUNT,TRANSACTION_BURST,LOCATION_JUMP,NEW_DEVICE",True,2026-09-19T05:07:45.407Z
TXN-4495d334-98ee-4ee7-baf5-d38be5880f3d,ACC3694860228,TRANSFER,1088.61,INR,2026-09-19T05:07:45.407Z,UPI,FAILED,ECOMMERCE,Hyderabad,DEV-f6ee34d8,synthetic-generator,5,997.366857142857,35,3,3,3,False,True,False,True,True,False,5,"TRANSACTION_BURST,LOCATION_JUMP,NEW_DEVICE",True,2026-09-19T05:07:45.407Z
TXN-ae170632-d118-4a5f-9120-71d417e1419e,ACC4466589567,REFUND,1139.95,INR,2026-09-19T05:07:45.407Z,UPI,SUCCESS,UTILITIES,Chennai,DEV-117dbea7,synthetic-generator,5,1452.88875,8,1,3,1,False,False,False,False,True,False,1,NEW_DEVICE,False,2026-09-19T05:07:45.407Z
TXN-c13ba06b-78f5-45fa-b868-8df00ed9e561,ACC2625792787,DEPOSIT,16687.41,INR,2026-09-19T05:07:45.407Z,MOBILE,SUCCESS,GOVERNMENT,Jaipur,DEV-ace75fb8,synthetic-generator,5,4126.750769230769,13,0,1,1,True,True,False,False,False,False,4,"HIGH_AMOUNT,TRANSACTION_BURST",False,2026-09-19T05:07:45.407Z
TXN-fcdb8734-4971-4f21-9bed-65bd837ab877,ACC1667779376,DEPOSIT,600.98,INR,2026-09-19T05:07:45.407Z,WEB,SUCCESS,EDUCATION,Chennai,DEV-0b12de18,synthetic-generator,5,548.3466666666667,15,5,3,1,False,True,False,False,True,False,3,"TRANSACTION_BURST,NEW_DEVICE",False,2026-09-19T05:07:45.407Z
TXN-8f7d095e-e46b-415a-857c-44450eebd338,ACC1083651970,DEPOSIT,571.15,INR,2026-09-19T05:07:45.407Z,ATM,SUCCESS,UTILITIES,Hyderabad,DEV-1b315130,synthetic-generator,5,2311.6264285714287,14,0,1,1,False,True,False,False,False,False,2,TRANSACTION_BURST,False,2026-09-19T05:07:45.407Z
TXN-6c277fc7-e296-44cb-aba5-dab52f9360dd,ACC9592390865,UPI_PAYMENT,1566.21,INR,2026-09-19T05:07:45.407Z,WEB,FAILED,UTILITIES,Kolkata,DEV-3f530bed,synthetic-generator,5,1498.7482608695652,23,6,3,1,False,True,True,False,True,False,5,"TRANSACTION_BURST,REPEATED_FAILURES,NEW_DEVICE",True,2026-09-19T05:07:45.407Z
TXN-1f2bb6ad-d90c-4eea-8cfc-331090d304aa,ACC3615507143,REFUND,2058.56,INR,2026-09-19T05:07:45.407Z,MOBILE,SUCCESS,GOVERNMENT,Bengaluru,DEV-5e101f0d,synthetic-generator,5,1016.8924999999999,8,0,1,2,False,False,False,True,False,False,2,LOCATION_JUMP,False,2026-09-19T05:07:45.407Z
TXN-0e6e4760-a381-43c8-b444-ab47c7357cf2,ACC7887950851,CARD_PAYMENT,986.98,INR,2026-09-19T05:07:45.407Z,WEB,REVERSED,HEALTHCARE,Jaipur,DEV-04fc5a9a,synthetic-generator,5,1294.8766666666668,6,0,3,1,False,False,False,False,True,False,1,NEW_DEVICE,False,2026-09-19T05:07:45.407Z
TXN-7d0a0f74-4d85-4a5c-a36f-6970fa0ec9e4,ACC6488854841,DEPOSIT,389.93,INR,2026-09-19T05:07:45.407Z,UPI,SUCCESS,EDUCATION,Jaipur,DEV-cfeb2596,synthetic-generator,5,1021.0524999999999,12,0,3,1,False,True,False,False,True,False,3,"TRANSACTION_BURST,NEW_DEVICE",False,2026-09-19T05:07:45.407Z
TXN-80f34259-7bdf-4e12-84d0-71ec60d5c114,ACC2867302554,UPI_PAYMENT,772.98,INR,2026-09-19T05:07:45.407Z,WEB,PENDING,HEALTHCARE,Chennai,DEV-3c987226,synthetic-generator,5,1157.8992857142857,14,5,1,1,False,True,False,False,False,False,2,TRANSACTION_BURST,False,2026-09-19T05:07:45.407Z
TXN-067314ab-2d55-4870-8b2a-b8e04d07298b,ACC5996775663,BILL_PAYMENT,9423.42,INR,2026-09-19T05:07:45.407Z,UPI,SUCCESS,ECOMMERCE,Hyderabad,DEV-bd453a08,synthetic-generator,5,3597.0620000000004,20,1,1,1,False,True,False,False,False,False,2,TRANSACTION_BURST,False,2026-09-19T05:07:45.407Z
TXN-5e0550d3-aab3-4235-b3db-918d9bb703a4,ACC1817804383,REFUND,330.12,INR,2026-09-19T05:07:45.407Z,MOBILE,SUCCESS,OTHER,Jaipur,DEV-887d5b21,synthetic-generator,5,605.3580000000001,30,5,3,3,False,True,False,True,True,False,5,"TRANSACTION_BURST,LOCATION_JUMP,NEW_DEVICE",True,2026-09-19T05:07:45.407Z
TXN-f78aff49-2f29-4a2b-a483-b43487a85bed,ACC2149938334,UPI_PAYMENT,1520.95,INR,2026-09-19T05:07:45.407Z,BRANCH,SUCCESS,FUEL,Mumbai,DEV-b05f46f5,synthetic-generator,5,1112.317,20,1,1,1,False,True,False,False,False,False,2,TRANSACTION_BURST,False,2026-09-19T05:07:45.407Z
TXN-6243e971-ea84-41e4-bbb7-af902e7eff79,ACC8293453178,ATM_WITHDRAWAL,409.0,INR,2026-09-19T05:07:45.407Z,ATM,SUCCESS,FINANCIAL_SERVICES,Chennai,DEV-38c360f7,synthetic-generator,5,471.825,12,2,1,1,False,True,False,False,False,False,2,TRANSACTION_BURST,False,2026-09-19T05:07:45.407Z
TXN-caee4828-badd-46b3-b011-eba32e910718,ACC7517938612,REFUND,379.58,INR,2026-09-19T05:07:45.407Z,WEB,SUCCESS,EDUCATION,Pune,DEV-3a54fd68,synthetic-generator,5,1835.2130769230769,13,0,2,4,False,True,False,True,True,False,5,"TRANSACTION_BURST,LOCATION_JUMP,NEW_DEVICE",True,2026-09-19T05:07:45.407Z
TXN-d5bca8fd-1ede-47e9-884c-752bdf45f40a,ACC5284391408,CARD_PAYMENT,547.74,INR,2026-09-19T05:07:45.407Z,UPI,SUCCESS,FINANCIAL_SERVICES,Bengaluru,DEV-16fa3ada,synthetic-generator,5,337.99555555555554,9,0,2,5,False,True,False,True,True,False,5,"TRANSACTION_BURST,LOCATION_JUMP,NEW_DEVICE",True,2026-09-19T05:07:45.407Z
TXN-315c097d-8e14-4372-ba15-201b7faae481,ACC6241752544,REFUND,1865.62,INR,2026-09-19T05:07:45.407Z,POS,SUCCESS,GOVERNMENT,Delhi,DEV-835a70e1,synthetic-generator,5,818.9836363636364,11,0,2,1,False,True,False,False,True,False,3,"TRANSACTION_BURST,NEW_DEVICE",False,2026-09-19T05:07:45.407Z
TXN-28d32137-722a-49d5-beb6-13cb1239cf2b,ACC2970753705,REFUND,598.32,INR,2026-09-19T05:07:45.407Z,MOBILE,SUCCESS,DINING,Pune,DEV-bfb2307b,synthetic-generator,5,1108.8274999999999,8,0,1,1,False,False,False,False,False,False,0,,False,2026-09-19T05:07:45.407Z
TXN-5d0df924-fc35-4ee3-aeff-b77f28f3143e,ACC2320763135,DEPOSIT,4554.23,INR,2026-09-19T05:07:45.407Z,POS,SUCCESS,HEALTHCARE,Bengaluru,DEV-79a4d70b,synthetic-generator,5,1352.778,5,0,1,1,True,False,False,False,False,False,2,HIGH_AMOUNT,False,2026-09-19T05:07:45.407Z
TXN-12412290-7b21-4708-a4a8-1574a595b197,ACC5284391408,UPI_PAYMENT,316.74,INR,2026-09-19T05:07:45.407Z,BRANCH,PENDING,OTHER,Jaipur,DEV-ee74a571,synthetic-generator,5,337.99555555555554,9,0,2,5,False,True,False,True,True,False,5,"TRANSACTION_BURST,LOCATION_JUMP,NEW_DEVICE",True,2026-09-19T05:07:45.407Z
TXN-8b4c76df-78c3-4c28-a503-6d78f61ed44c,ACC6241752544,CARD_PAYMENT,909.78,INR,2026-09-19T05:07:45.407Z,WEB,SUCCESS,GROCERY,Delhi,DEV-7e938ba4,synthetic-generator,5,818.9836363636364,11,0,2,1,False,True,False,False,True,False,3,"TRANSACTION_BURST,NEW_DEVICE",False,2026-09-19T05:07:45.407Z
TXN-f6f36f02-9971-4279-ad72-d57762d71be3,ACC1983297492,TRANSFER,629.53,INR,2026-09-19T05:07:45.407Z,WEB,SUCCESS,OTHER,Pune,DEV-d596ca91,synthetic-generator,5,1565.950909090909,11,2,2,1,False,True,False,False,True,False,3,"TRANSACTION_BURST,NEW_DEVICE",False,2026-09-19T05:07:45.407Z
TXN-bb86ec58-64a8-4381-bf7b-ed3306700a28,ACC1983297492,REFUND,1392.84,INR,2026-09-19T05:07:45.407Z,UPI,FAILED,OTHER,Pune,DEV-0a2bbaa5,synthetic-generator,5,1565.950909090909,11,2,2,1,False,True,False,False,True,False,3,"TRANSACTION_BURST,NEW_DEVICE",False,2026-09-19T05:07:45.407Z
TXN-49bb56d3-4058-4add-8ce5-1669dacf84d6,ACC3479708607,BILL_PAYMENT,2293.01,INR,2026-09-19T05:07:45.407Z,UPI,SUCCESS,HEALTHCARE,Ahmedabad,DEV-27fbcc6a,synthetic-generator,5,2299.897619047619,21,1,3,1,False,True,False,False,True,False,3,"TRANSACTION_BURST,NEW_DEVICE",False,2026-09-19T05:07:45.407Z
TXN-d8902710-8b2d-4dbf-b9de-76115db4b53f,ACC7146318035,CARD_PAYMENT,512.29,INR,2026-09-19T05:07:45.407Z,WEB,SUCCESS,OTHER,Ahmedabad,DEV-84cbc591,synthetic-generator,5,1293.822,10,1,1,3,False,True,False,True,False,False,4,"TRANSACTION_BURST,LOCATION_JUMP",False,2026-09-19T05:07:45.407Z
TXN-717881ae-50e7-48f5-8ea2-f51fef3cf0df,ACC5693307665,REFUND,2458.81,INR,2026-09-19T05:07:45.407Z,UPI,SUCCESS,GROCERY,Delhi,DEV-f3eef1e4,synthetic-generator,5,1745.453,10,1,1,3,False,True,False,True,False,False,4,"TRANSACTION_BURST,LOCATION_JUMP",False,2026-09-19T05:07:45.407Z
TXN-51bff732-7916-4532-899a-07f43e6086e3,ACC9703905715,ATM_WITHDRAWAL,151.82,INR,2026-09-19T05:07:45.407Z,BRANCH,SUCCESS,ECOMMERCE,Hyderabad,DEV-6387f5a3,synthetic-generator,5,1864.245263157895,19,1,1,1,False,True,False,False,False,False,2,TRANSACTION_BURST,False,2026-09-19T05:07:45.407Z
TXN-91492dc9-0666-481a-9bc0-b3bf7b124ff4,ACC8047877267,REFUND,1550.49,INR,2026-09-19T05:07:45.407Z,MOBILE,SUCCESS,ENTERTAINMENT,Jaipur,DEV-6864daf6,synthetic-generator,5,1046.5081818181818,22,2,2,3,False,True,False,True,True,False,5,"TRANSACTION_BURST,LOCATION_JUMP,NEW_DEVICE",True,2026-09-19T05:07:45.407Z
TXN-435b0e33-f28b-4c45-897a-7270eaa75efb,ACC3030106617,REFUND,1626.59,INR,2026-09-19T05:07:45.407Z,WEB,SUCCESS,ENTERTAINMENT,Pune,DEV-ae10375d,synthetic-generator,5,1945.6331578947368,19,1,2,3,False,True,False,True,True,False,5,"TRANSACTION_BURST,LOCATION_JUMP,NEW_DEVICE",True,2026-09-19T05:07:45.407Z
TXN-16baa8c1-4ba8-415b-8b28-3b9ce948fa26,ACC1667779376,ATM_WITHDRAWAL,279.23,INR,2026-09-19T05:07:45.407Z,POS,SUCCESS,DINING,Chennai,DEV-e71e095a,synthetic-generator,5,548.3466666666667,15,5,3,1,False,True,False,False,True,False,3,"TRANSACTION_BURST,NEW_DEVICE",False,2026-09-19T05:07:45.407Z
TXN-70f48bee-f8bd-48d3-ae85-cde737ef7e1e,ACC2970753705,BILL_PAYMENT,247.72,INR,2026-09-19T05:07:45.407Z,POS,REVERSED,GROCERY,Pune,DEV-bfb2307b,synthetic-generator,5,1108.8274999999999,8,0,1,1,False,False,False,False,False,False,0,,False,2026-09-19T05:07:45.407Z
TXN-11c4447b-4ee8-4547-b396-b6eed5582b12,ACC8664882079,TRANSFER,829.79,INR,2026-09-19T05:07:45.407Z,WEB,SUCCESS,DINING,Ahmedabad,DEV-7e67a932,synthetic-generator,5,939.0833333333334,6,0,3,1,False,False,False,False,True,False,1,NEW_DEVICE,False,2026-09-19T05:07:45.407Z
TXN-22ad9346-1adf-43ef-8a04-c2eb040bc425,ACC9894847574,UPI_PAYMENT,449.99,INR,2026-09-19T05:07:45.407Z,WEB,SUCCESS,TRAVEL,Kolkata,DEV-43f91aad,synthetic-generator,5,1558.878,15,2,2,5,False,True,False,True,True,False,5,"TRANSACTION_BURST,LOCATION_JUMP,NEW_DEVICE",True,2026-09-19T05:07:45.407Z
TXN-56caf930-d44e-4d58-a144-54b21aa46cab,ACC4131356954,UPI_PAYMENT,1053.55,INR,2026-09-19T05:07:45.407Z,POS,FAILED,GROCERY,Bengaluru,DEV-b5ee4ce1,synthetic-generator,5,1310.4152380952382,21,6,3,1,False,True,True,False,True,False,5,"TRANSACTION_BURST,REPEATED_FAILURES,NEW_DEVICE",True,2026-09-19T05:07:45.407Z
TXN-18b138fd-3540-4ced-a8b8-6c7e463fbfc8,ACC3030106617,UPI_PAYMENT,5965.33,INR,2026-09-19T05:07:45.407Z,BRANCH,SUCCESS,GROCERY,Pune,DEV-4c67ed1b,synthetic-generator,5,1945.6331578947368,19,1,2,3,True,True,False,True,True,False,7,"HIGH_AMOUNT,TRANSACTION_BURST,LOCATION_JUMP,NEW_DEVICE",True,2026-09-19T05:07:45.407Z
TXN-12264051-5856-4b97-b9d8-e3ca189c9586,ACC7146318035,TRANSFER,1022.27,INR,2026-09-19T05:07:45.407Z,BRANCH,REVERSED,FUEL,Ahmedabad,DEV-84cbc591,synthetic-generator,5,1293.822,10,1,1,3,False,True,False,True,False,False,4,"TRANSACTION_BURST,LOCATION_JUMP",False,2026-09-19T05:07:45.407Z
TXN-9faa12fb-9c35-453b-97a7-4a15e4adb120,ACC1983297492,ATM_WITHDRAWAL,869.9,INR,2026-09-19T05:07:45.407Z,WEB,FAILED,ENTERTAINMENT,Pune,DEV-0a2bbaa5,synthetic-generator,5,1565.950909090909,11,2,2,1,False,True,False,False,True,False,3,"TRANSACTION_BURST,NEW_DEVICE",False,2026-09-19T05:07:45.407Z
TXN-5479d7bf-7e09-4750-addc-a96ae191990e,ACC6488854841,DEPOSIT,1094.11,INR,2026-09-19T05:07:45.407Z,UPI,SUCCESS,UTILITIES,Jaipur,DEV-cfeb2596,synthetic-generator,5,1021.0524999999999,12,0,3,1,False,True,False,False,True,False,3,"TRANSACTION_BURST,NEW_DEVICE",False,2026-09-19T05:07:45.407Z
TXN-86397ef6-c7f5-402f-aaee-247da19f9b2a,ACC4888749350,BILL_PAYMENT,994.95,INR,2026-09-19T05:07:45.407Z,UPI,SUCCESS,DINING,Hyderabad,DEV-d79b40eb,synthetic-generator,5,1120.5018181818182,11,0,1,1,False,True,False,False,False,False,2,TRANSACTION_BURST,False,2026-09-19T05:07:45.407Z
TXN-767b7f63-a2ba-4ef2-93a8-7dbf701bd787,ACC6633778586,TRANSFER,972.45,INR,2026-09-19T05:07:45.407Z,BRANCH,SUCCESS,DINING,Delhi,DEV-e1e0b7a0,synthetic-generator,5,1848.8355555555556,9,0,2,1,False,True,False,False,True,False,3,"TRANSACTION_BURST,NEW_DEVICE",False,2026-09-19T05:07:45.407Z
TXN-14d8ae8d-5f81-4ab4-9325-ed229121a706,ACC4131575764,UPI_PAYMENT,340.24,INR,2026-09-19T05:07:45.407Z,ATM,SUCCESS,ENTERTAINMENT,Chennai,DEV-2d13eb19,synthetic-generator,5,1197.8876923076923,13,0,2,3,False,True,False,True,True,False,5,"TRANSACTION_BURST,LOCATION_JUMP,NEW_DEVICE",True,2026-09-19T05:07:45.407Z
TXN-d1c23f84-66a4-4470-a2d7-84094151f246,ACC1422701550,ATM_WITHDRAWAL,1918.51,INR,2026-09-19T05:07:45.407Z,UPI,SUCCESS,GROCERY,Hyderabad,DEV-fd172124,synthetic-generator,5,1569.0040000000001,10,0,2,1,False,True,False,False,True,False,3,"TRANSACTION_BURST,NEW_DEVICE",False,2026-09-19T05:07:45.407Z
TXN-5cd7b818-0e06-4f53-b2f2-9319c8d48189,ACC4026113008,REFUND,3183.2,INR,2026-09-19T05:07:45.407Z,WEB,SUCCESS,ECOMMERCE,Ahmedabad,DEV-c444571d,synthetic-generator,5,3347.5088888888886,18,7,3,3,False,True,False,True,True,False,5,"TRANSACTION_BURST,LOCATION_JUMP,NEW_DEVICE",True,2026-09-19T05:07:45.407Z
TXN-eadaaea1-ac41-48f2-8965-b30c497849e9,ACC6633778586,ATM_WITHDRAWAL,725.61,INR,2026-09-19T05:07:45.407Z,MOBILE,SUCCESS,HEALTHCARE,Delhi,DEV-e1e0b7a0,synthetic-generator,5,1848.8355555555556,9,0,2,1,False,True,False,False,True,False,3,"TRANSACTION_BURST,NEW_DEVICE",False,2026-09-19T05:07:45.407Z
TXN-1fdfec40-c7dd-417b-a19e-bf069d2054d3,ACC8110054933,BILL_PAYMENT,2184.51,INR,2026-09-19T05:07:45.407Z,BRANCH,SUCCESS,GROCERY,Pune,DEV-3ded8d40,synthetic-generator,5,1515.8945454545456,11,4,2,1,False,True,False,False,True,False,3,"TRANSACTION_BURST,NEW_DEVICE",False,2026-09-19T05:07:45.407Z
TXN-708cecb7-0c41-447f-a8b4-b3291d1d039b,ACC1965067727,DEPOSIT,592.64,INR,2026-09-19T05:07:45.407Z,BRANCH,SUCCESS,TRAVEL,Jaipur,DEV-d341c380,synthetic-generator,5,3115.4136363636367,11,2,1,1,False,True,False,False,False,False,2,TRANSACTION_BURST,False,2026-09-19T05:07:45.407Z
TXN-973ebcec-145f-4151-98dd-82734c9fda9b,ACC4919706735,BILL_PAYMENT,1272.92,INR,2026-09-19T05:07:45.407Z,UPI,SUCCESS,ENTERTAINMENT,Pune,DEV-d0c12ede,synthetic-generator,5,1111.4066666666668,9,0,2,1,False,True,False,False,True,False,3,"TRANSACTION_BURST,NEW_DEVICE",False,2026-09-19T05:07:45.407Z
TXN-a92e62c2-9c95-4e51-89cf-cb05fa269067,ACC2445662585,CARD_PAYMENT,371.86,INR,2026-09-19T05:07:45.407Z,MOBILE,SUCCESS,EDUCATION,Lucknow,DEV-effa6850,synthetic-generator,5,2794.9656521739125,23,2,3,1,False,True,False,False,True,False,3,"TRANSACTION_BURST,NEW_DEVICE",False,2026-09-19T05:07:45.407Z
TXN-a12a6272-4716-4f5b-9b32-ecb86799680a,ACC1817804383,UPI_PAYMENT,1531.3,INR,2026-09-19T05:07:45.407Z,MOBILE,SUCCESS,DINING,Jaipur,DEV-3f786cfc,synthetic-generator,5,605.3580000000001,30,5,3,3,False,True,False,True,True,False,5,"TRANSACTION_BURST,LOCATION_JUMP,NEW_DEVICE",True,2026-09-19T05:07:45.407Z
TXN-8f4c6645-dd6e-4486-8cf0-da8abe6f4f8b,ACC7825844140,CARD_PAYMENT,474.73,INR,2026-09-19T05:07:45.407Z,MOBILE,SUCCESS,ECOMMERCE,Ahmedabad,DEV-6cfc07d0,synthetic-generator,5,520.06,11,1,1,1,False,True,False,False,False,False,2,TRANSACTION_BURST,False,2026-09-19T05:07:45.407Z
TXN-1cac66af-8efb-4286-8a88-7766fd1a2866,ACC1519709079,CARD_PAYMENT,362.36,INR,2026-09-19T05:07:45.407Z,MOBILE,SUCCESS,EDUCATION,Lucknow,DEV-f7a7d5f2,synthetic-generator,5,374.24260869565217,23,2,3,1,False,True,False,False,True,False,3,"TRANSACTION_BURST,NEW_DEVICE",False,2026-09-19T05:07:45.407Z
TXN-54735c4f-07bf-4271-8f7c-4687d1495a94,ACC1519709079,REFUND,602.32,INR,2026-09-19T05:07:45.407Z,MOBILE,SUCCESS,EDUCATION,Lucknow,DEV-5554824c,synthetic-generator,5,374.24260869565217,23,2,3,1,False,True,False,False,True,False,3,"TRANSACTION_BURST,NEW_DEVICE",False,2026-09-19T05:07:45.407Z
TXN-4913757b-22e0-45e0-b12f-93e44eca3754,ACC9957813353,ATM_WITHDRAWAL,304.33,INR,2026-09-19T05:07:45.407Z,WEB,SUCCESS,TRAVEL,Kolkata,DEV-d446b394,synthetic-generator,5,1681.8311111111113,9,1,1,1,False,True,False,False,False,False,2,TRANSACTION_BURST,False,2026-09-19T05:07:45.407Z
TXN-ea84c14d-a808-4bbe-8da5-0303f126dcc7,ACC4163119785,UPI_PAYMENT,901.95,INR,2026-09-19T05:07:45.407Z,UPI,SUCCESS,ECOMMERCE,Pune,DEV-964f27af,synthetic-generator,5,353.8857142857143,7,0,2,1,False,False,False,False,True,False,1,NEW_DEVICE,False,2026-09-19T05:07:45.407Z
TXN-93d6f258-3be2-4907-98a6-41b6b1a1dd47,ACC7567496105,TRANSFER,1563.64,INR,2026-09-19T05:07:45.407Z,WEB,SUCCESS,ECOMMERCE,Lucknow,DEV-2ebdd51d,synthetic-generator,5,4368.3976923076925,13,1,1,1,False,True,False,False,False,False,2,TRANSACTION_BURST,False,2026-09-19T05:07:45.407Z
TXN-339687bc-ed9b-4408-a5fd-22b5c78aa59a,ACC2452066459,DEPOSIT,56.67,INR,2026-09-19T05:07:45.407Z,MOBILE,FAILED,ECOMMERCE,Kolkata,DEV-3b0615b0,synthetic-generator,5,605.7847222222222,36,10,3,5,False,True,True,True,True,False,7,"TRANSACTION_BURST,REPEATED_FAILURES,LOCATION_JUMP,NEW_DEVICE",True,2026-09-19T05:07:45.407Z
TXN-3b54fc1d-6487-46c6-9503-696d14ae66f3,ACC2970753705,DEPOSIT,265.92,INR,2026-09-19T05:07:45.407Z,POS,SUCCESS,GROCERY,Pune,DEV-bfb2307b,synthetic-generator,5,1108.8274999999999,8,0,1,1,False,False,False,False,False,False,0,,False,2026-09-19T05:07:45.407Z
TXN-d60ff460-7b5c-415b-9036-f74c377c16d8,ACC3392080953,UPI_PAYMENT,348.69,INR,2026-09-19T05:07:45.407Z,WEB,SUCCESS,FINANCIAL_SERVICES,Ahmedabad,DEV-ca9a8ac4,synthetic-generator,5,1303.0548387096774,31,7,2,1,False,True,False,False,True,False,3,"TRANSACTION_BURST,NEW_DEVICE",False,2026-09-19T05:07:45.407Z
TXN-02444796-3051-4d4d-a6ca-8c3cb1a9883c,ACC4289233844,TRANSFER,3211.02,INR,2026-09-19T05:07:45.408Z,POS,SUCCESS,GOVERNMENT,Hyderabad,DEV-0d90d34d,synthetic-generator,5,1004.2819999999999,15,2,1,3,True,True,False,True,False,False,6,"HIGH_AMOUNT,TRANSACTION_BURST,LOCATION_JUMP",True,2026-09-19T05:07:45.408Z
TXN-868e3268-864c-4b06-a6b8-a5159b26f5da,ACC6687206971,CARD_PAYMENT,140.84,INR,2026-09-19T05:07:45.408Z,WEB,FAILED,GOVERNMENT,Mumbai,DEV-a607110c,synthetic-generator,5,589.6045833333334,24,9,1,1,False,True,True,False,False,False,4,"TRANSACTION_BURST,REPEATED_FAILURES",False,2026-09-19T05:07:45.408Z
TXN-13fe5031-ba4e-4e46-a207-31f056e60f1c,ACC9786748825,TRANSFER,2605.09,INR,2026-09-19T05:07:45.408Z,UPI,SUCCESS,HEALTHCARE,Hyderabad,DEV-e8cd1fd2,synthetic-generator,5,1400.3655555555556,18,5,1,3,False,True,False,True,False,False,4,"TRANSACTION_BURST,LOCATION_JUMP",False,2026-09-19T05:07:45.408Z
TXN-42bdc8de-5fba-4945-8e01-0133f676236b,ACC7825844140,ATM_WITHDRAWAL,142.5,INR,2026-09-19T05:07:45.408Z,ATM,SUCCESS,TRAVEL,Ahmedabad,DEV-6cfc07d0,synthetic-generator,5,520.06,11,1,1,1,False,True,False,False,False,False,2,TRANSACTION_BURST,False,2026-09-19T05:07:45.408Z
TXN-4bc05cd1-43e3-480f-86f2-a9950a356530,ACC8293453178,TRANSFER,206.07,INR,2026-09-19T05:07:45.408Z,UPI,SUCCESS,OTHER,Chennai,DEV-38c360f7,synthetic-generator,5,471.825,12,2,1,1,False,True,False,False,False,False,2,TRANSACTION_BURST,False,2026-09-19T05:07:45.408Z
TXN-5a32b920-4d09-4948-b5ea-69a36a07b418,ACC6924716023,ATM_WITHDRAWAL,1307.09,INR,2026-09-19T05:07:45.408Z,POS,SUCCESS,GROCERY,Delhi,DEV-9603ec5d,synthetic-generator,5,1296.8735897435897,39,12,2,2,False,True,False,True,True,False,5,"TRANSACTION_BURST,LOCATION_JUMP,NEW_DEVICE",True,2026-09-19T05:07:45.408Z
TXN-51788f04-b820-47d3-bf32-ed00709037fa,ACC4163119785,UPI_PAYMENT,410.85,INR,2026-09-19T05:07:45.408Z,BRANCH,SUCCESS,ECOMMERCE,Pune,DEV-5e9107b0,synthetic-generator,5,353.8857142857143,7,0,2,1,False,False,False,False,True,False,1,NEW_DEVICE,False,2026-09-19T05:07:45.408Z
TXN-66c662b6-199d-4a8f-b047-2dad59ae0078,ACC2445662585,BILL_PAYMENT,3798.39,INR,2026-09-19T05:07:45.408Z,ATM,SUCCESS,OTHER,Lucknow,DEV-7a6bd543,synthetic-generator,5,2794.9656521739125,23,2,3,1,False,True,False,False,True,False,3,"TRANSACTION_BURST,NEW_DEVICE",False,2026-09-19T05:07:45.408Z
TXN-157bf596-a8ba-4043-af9e-29d3da844aad,ACC8293453178,CARD_PAYMENT,86.75,INR,2026-09-19T05:07:45.408Z,BRANCH,FAILED,ENTERTAINMENT,Chennai,DEV-38c360f7,synthetic-generator,5,471.825,12,2,1,1,False,True,False,False,False,False,2,TRANSACTION_BURST,False,2026-09-19T05:07:45.408Z
TXN-f396dc59-69db-4681-bb91-4608112ece96,ACC1470939445,ATM_WITHDRAWAL,148.92,INR,2026-09-19T05:07:45.408Z,ATM,SUCCESS,ECOMMERCE,Lucknow,DEV-ca5e9548,synthetic-generator,5,630.3511111111111,18,6,3,1,False,True,False,False,True,False,3,"TRANSACTION_BURST,NEW_DEVICE",False,2026-09-19T05:07:45.408Z
TXN-be4acb74-51e1-4da5-87d4-b5982f0963db,ACC1945826486,TRANSFER,1039.4,INR,2026-09-19T05:07:45.408Z,BRANCH,SUCCESS,DINING,Delhi,DEV-d51b1938,synthetic-generator,5,1154.3345,20,0,3,3,False,True,False,True,True,False,5,"TRANSACTION_BURST,LOCATION_JUMP,NEW_DEVICE",True,2026-09-19T05:07:45.408Z
TXN-23586215-c885-4bf2-a854-533f9eba6e57,ACC9894264595,REFUND,1428.93,INR,2026-09-19T05:07:45.408Z,MOBILE,SUCCESS,GOVERNMENT,Delhi,DEV-b1e5726c,synthetic-generator,5,1252.0023076923076,13,0,1,1,False,True,False,False,False,False,2,TRANSACTION_BURST,False,2026-09-19T05:07:45.408Z
TXN-6cfc9825-1a4d-4c6a-8863-f5101def22d0,ACC8047877267,UPI_PAYMENT,554.07,INR,2026-09-19T05:07:45.408Z,BRANCH,PENDING,OTHER,Jaipur,DEV-c12fe6a2,synthetic-generator,5,1046.5081818181818,22,2,2,3,False,True,False,True,True,False,5,"TRANSACTION_BURST,LOCATION_JUMP,NEW_DEVICE",True,2026-09-19T05:07:45.408Z
TXN-839d98c5-50e5-496e-b5ba-601095994bc3,ACC1965067727,BILL_PAYMENT,561.64,INR,2026-09-19T05:07:45.408Z,WEB,SUCCESS,GOVERNMENT,Jaipur,DEV-d341c380,synthetic-generator,5,3115.4136363636367,11,2,1,1,False,True,False,False,False,False,2,TRANSACTION_BURST,False,2026-09-19T05:07:45.408Z
TXN-cd54af64-f83c-497b-889d-dabbb01cc474,ACC4919706735,CARD_PAYMENT,555.81,INR,2026-09-19T05:07:45.408Z,ATM,SUCCESS,OTHER,Pune,DEV-4710e4f7,synthetic-generator,5,1111.4066666666668,9,0,2,1,False,True,False,False,True,False,3,"TRANSACTION_BURST,NEW_DEVICE",False,2026-09-19T05:07:45.408Z
TXN-c5cf5925-f117-4a7c-a48a-1999852ed281,ACC7010379415,UPI_PAYMENT,292.31,INR,2026-09-19T05:07:45.408Z,ATM,SUCCESS,GOVERNMENT,Mumbai,DEV-cfa5a47d,synthetic-generator,5,304.8645,20,1,1,1,False,True,False,False,False,False,2,TRANSACTION_BURST,False,2026-09-19T05:07:45.408Z
TXN-f492e7f4-53f6-4b64-adea-43fbc8d2a6ff,ACC9894264595,REFUND,440.84,INR,2026-09-19T05:07:45.408Z,UPI,SUCCESS,OTHER,Delhi,DEV-b1e5726c,synthetic-generator,5,1252.0023076923076,13,0,1,1,False,True,False,False,False,False,2,TRANSACTION_BURST,False,2026-09-19T05:07:45.408Z
TXN-255a6a85-dc19-45fe-b585-3f5577dfa369,ACC2137651678,TRANSFER,1101.78,INR,2026-09-19T05:07:45.408Z,ATM,SUCCESS,UTILITIES,Jaipur,DEV-5060cefa,synthetic-generator,5,1534.6319047619047,21,1,2,1,False,True,False,False,True,False,3,"TRANSACTION_BURST,NEW_DEVICE",False,2026-09-19T05:07:45.408Z
TXN-252f6493-38ad-4550-942b-818dbfc06197,ACC1939042955,BILL_PAYMENT,427.06,INR,2026-09-19T05:07:45.408Z,UPI,SUCCESS,ENTERTAINMENT,Delhi,DEV-9a48534f,synthetic-generator,5,437.26181818181817,22,4,2,1,False,True,False,False,True,False,3,"TRANSACTION_BURST,NEW_DEVICE",False,2026-09-19T05:07:45.408Z
TXN-a497f77d-33ee-48de-b99f-7b01ea3d89b0,ACC8664882079,REFUND,360.7,INR,2026-09-19T05:07:45.408Z,MOBILE,SUCCESS,ENTERTAINMENT,Ahmedabad,DEV-07eebe1e,synthetic-generator,5,939.0833333333334,6,0,3,1,False,False,False,False,True,False,1,NEW_DEVICE,False,2026-09-19T05:07:45.408Z
TXN-2cecdef3-f610-425b-84e0-ca07328f2f3c,ACC5710360983,DEPOSIT,507.3,INR,2026-09-19T05:07:45.408Z,MOBILE,PENDING,DINING,Pune,DEV-a21a502a,synthetic-generator,5,1179.485,12,0,1,1,False,True,False,False,False,False,2,TRANSACTION_BURST,False,2026-09-19T05:07:45.408Z
TXN-5e78b55a-e586-404c-94ed-592ad42e514f,ACC3694860228,TRANSFER,718.39,INR,2026-09-19T05:07:45.408Z,BRANCH,SUCCESS,TRAVEL,Hyderabad,DEV-f6ee34d8,synthetic-generator,5,997.366857142857,35,3,3,3,False,True,False,True,True,False,5,"TRANSACTION_BURST,LOCATION_JUMP,NEW_DEVICE",True,2026-09-19T05:07:45.408Z
TXN-36f13984-2493-4e06-874a-c85429709d3b,ACC1470939445,ATM_WITHDRAWAL,454.37,INR,2026-09-19T05:07:45.408Z,UPI,SUCCESS,EDUCATION,Lucknow,DEV-b80db0fd,synthetic-generator,5,630.3511111111111,18,6,3,1,False,True,False,False,True,False,3,"TRANSACTION_BURST,NEW_DEVICE",False,2026-09-19T05:07:45.408Z
TXN-defe12f2-719b-4054-9f5c-fb967ae3f45f,ACC3783290795,BILL_PAYMENT,1326.37,INR,2026-09-19T05:07:45.408Z,WEB,SUCCESS,GROCERY,Delhi,DEV-d6021645,synthetic-generator,5,2905.393846153846,13,1,3,1,False,True,False,False,True,False,3,"TRANSACTION_BURST,NEW_DEVICE",False,2026-09-19T05:07:45.408Z
TXN-35b3059b-866b-4aaa-ad87-911201b59b2c,ACC4163119785,UPI_PAYMENT,239.04,INR,2026-09-19T05:07:45.408Z,ATM,SUCCESS,HEALTHCARE,Pune,DEV-5e9107b0,synthetic-generator,5,353.8857142857143,7,0,2,1,False,False,False,False,True,False,1,NEW_DEVICE,False,2026-09-19T05:07:45.408Z
TXN-9d7af200-29c5-4373-91bd-f64d20d10743,ACC8987073217,UPI_PAYMENT,581.1,INR,2026-09-19T05:07:45.408Z,WEB,SUCCESS,GROCERY,Ahmedabad,DEV-11745ca7,synthetic-generator,5,806.3833333333333,12,1,3,1,False,True,False,False,True,False,3,"TRANSACTION_BURST,NEW_DEVICE",False,2026-09-19T05:07:45.408Z
TXN-b67b902e-8ea8-4322-bb70-806d1548ddcf,ACC1945826486,ATM_WITHDRAWAL,920.29,INR,2026-09-19T05:07:45.408Z,UPI,SUCCESS,ENTERTAINMENT,Delhi,DEV-7c79de1a,synthetic-generator,5,1154.3345,20,0,3,3,False,True,False,True,True,False,5,"TRANSACTION_BURST,LOCATION_JUMP,NEW_DEVICE",True,2026-09-19T05:07:45.408Z
TXN-6956f195-d630-4fa4-96a5-af99718ddbe2,ACC8086172302,DEPOSIT,232.9,INR,2026-09-19T05:07:45.408Z,UPI,SUCCESS,ECOMMERCE,Mumbai,DEV-c985195d,synthetic-generator,5,3426.0128571428572,7,0,2,1,False,False,False,False,True,False,1,NEW_DEVICE,False,2026-09-19T05:07:45.408Z
TXN-c9e1ff92-0ffa-4da1-87d9-caa8e94f7723,ACC7825844140,TRANSFER,480.08,INR,2026-09-19T05:07:45.408Z,ATM,SUCCESS,FUEL,Ahmedabad,DEV-6cfc07d0,synthetic-generator,5,520.06,11,1,1,1,False,True,False,False,False,False,2,TRANSACTION_BURST,False,2026-09-19T05:07:45.408Z
TXN-ec885584-513d-4fc3-bbe2-17d907a83732,ACC3694860228,BILL_PAYMENT,1124.81,INR,2026-09-19T05:07:45.408Z,WEB,SUCCESS,EDUCATION,Hyderabad,DEV-e9a69f44,synthetic-generator,5,997.366857142857,35,3,3,3,False,True,False,True,True,False,5,"TRANSACTION_BURST,LOCATION_JUMP,NEW_DEVICE",True,2026-09-19T05:07:45.408Z
TXN-b64bb64d-aca9-4003-812f-4c024592b995,ACC1083651970,ATM_WITHDRAWAL,1902.76,INR,2026-09-19T05:07:45.408Z,WEB,SUCCESS,UTILITIES,Hyderabad,DEV-1b315130,synthetic-generator,5,2311.6264285714287,14,0,1,1,False,True,False,False,False,False,2,TRANSACTION_BURST,False,2026-09-19T05:07:45.408Z
TXN-1838ffcc-ae8b-49f3-ba64-5e93a17b0f1c,ACC1817804383,BILL_PAYMENT,699.63,INR,2026-09-19T05:07:45.408Z,WEB,SUCCESS,FINANCIAL_SERVICES,Jaipur,DEV-648b28d5,synthetic-generator,5,605.3580000000001,30,5,3,3,False,True,False,True,True,False,5,"TRANSACTION_BURST,LOCATION_JUMP,NEW_DEVICE",True,2026-09-19T05:07:45.408Z
TXN-3753b4cd-f44a-49d1-babe-ebde93085310,ACC3710566582,DEPOSIT,787.82,INR,2026-09-19T05:07:45.408Z,UPI,SUCCESS,EDUCATION,Pune,DEV-0b88904d,synthetic-generator,5,886.235,8,0,2,3,False,False,False,True,True,False,3,"LOCATION_JUMP,NEW_DEVICE",False,2026-09-19T05:07:45.408Z
TXN-ebeea9b2-616c-4ef8-a684-6e532e6fd501,ACC4095476665,BILL_PAYMENT,1054.95,INR,2026-09-19T05:07:45.408Z,ATM,FAILED,HEALTHCARE,Kolkata,DEV-e1134412,synthetic-generator,5,495.94666666666666,15,3,2,1,False,True,False,False,True,False,3,"TRANSACTION_BURST,NEW_DEVICE",False,2026-09-19T05:07:45.408Z
TXN-86294620-882a-40df-9241-d45768dab0e2,ACC2452066459,DEPOSIT,264.46,INR,2026-09-19T05:07:45.408Z,POS,SUCCESS,UTILITIES,Lucknow,DEV-8be628a6,synthetic-generator,5,605.7847222222222,36,10,3,5,False,True,False,True,True,False,5,"TRANSACTION_BURST,LOCATION_JUMP,NEW_DEVICE",True,2026-09-19T05:07:45.408Z
TXN-03d80124-40a3-49c6-afce-d8dc911646d8,ACC1817804383,UPI_PAYMENT,181.97,INR,2026-09-19T05:07:45.408Z,POS,SUCCESS,UTILITIES,Jaipur,DEV-3f786cfc,synthetic-generator,5,605.3580000000001,30,5,3,3,False,True,False,True,True,False,5,"TRANSACTION_BURST,LOCATION_JUMP,NEW_DEVICE",True,2026-09-19T05:07:45.408Z
TXN-ce072d41-8915-4dbd-b46c-ccf0940fa000,ACC8086172302,TRANSFER,21960.9,INR,2026-09-19T05:07:45.408Z,MOBILE,SUCCESS,EDUCATION,Mumbai,DEV-e112d1d0,synthetic-generator,5,3426.0128571428572,7,0,2,1,True,False,False,False,True,False,3,"HIGH_AMOUNT,NEW_DEVICE",False,2026-09-19T05:07:45.408Z
TXN-6c5ac0ce-d964-4ebe-9a46-f22458f9f662,ACC1983297492,BILL_PAYMENT,847.63,INR,2026-09-19T05:07:45.408Z,MOBILE,PENDING,UTILITIES,Pune,DEV-d596ca91,synthetic-generator,5,1565.950909090909,11,2,2,1,False,True,False,False,True,False,3,"TRANSACTION_BURST,NEW_DEVICE",False,2026-09-19T05:07:45.408Z
TXN-2b450001-061e-4f10-9b54-062584a4c77b,ACC4460967357,TRANSFER,96.41,INR,2026-09-19T05:07:45.408Z,BRANCH,SUCCESS,DINING,Mumbai,DEV-c1b63ec1,synthetic-generator,5,941.7589473684211,19,12,3,1,False,True,False,False,True,False,3,"TRANSACTION_BURST,NEW_DEVICE",False,2026-09-19T05:07:45.408Z
TXN-890c9fdf-afa1-4b2d-b9e8-d7e489dcf9bd,ACC2137651678,UPI_PAYMENT,940.32,INR,2026-09-19T05:07:45.408Z,BRANCH,SUCCESS,UTILITIES,Jaipur,DEV-5060cefa,synthetic-generator,5,1534.6319047619047,21,1,2,1,False,True,False,False,True,False,3,"TRANSACTION_BURST,NEW_DEVICE",False,2026-09-19T05:07:45.408Z
TXN-3ec67630-b290-490d-b865-3143005bedec,ACC1965067727,TRANSFER,1866.81,INR,2026-09-19T05:07:45.408Z,UPI,SUCCESS,OTHER,Jaipur,DEV-d341c380,synthetic-generator,5,3115.4136363636367,11,2,1,1,False,True,False,False,False,False,2,TRANSACTION_BURST,False,2026-09-19T05:07:45.408Z
TXN-407408d9-af0c-4508-b366-6dda29fac53b,ACC7805745017,DEPOSIT,756.15,INR,2026-09-19T05:07:45.408Z,BRANCH,SUCCESS,TRAVEL,Chennai,DEV-472a88df,synthetic-generator,5,806.7152173913043,23,1,2,1,False,True,False,False,True,False,3,"TRANSACTION_BURST,NEW_DEVICE",False,2026-09-19T05:07:45.408Z
TXN-80d426a1-712c-495b-b7cd-63864aed1821,ACC9957813353,ATM_WITHDRAWAL,1566.53,INR,2026-09-19T05:07:45.408Z,MOBILE,SUCCESS,FUEL,Kolkata,DEV-d446b394,synthetic-generator,5,1681.8311111111113,9,1,1,1,False,True,False,False,False,False,2,TRANSACTION_BURST,False,2026-09-19T05:07:45.408Z
TXN-abe24340-d0a2-45e6-86b9-a099d1c6ced6,ACC4026113008,UPI_PAYMENT,1324.45,INR,2026-09-19T05:07:45.408Z,UPI,FAILED,UTILITIES,Ahmedabad,DEV-c55e46cb,synthetic-generator,5,3347.5088888888886,18,7,3,3,False,True,True,True,True,False,7,"TRANSACTION_BURST,REPEATED_FAILURES,LOCATION_JUMP,NEW_DEVICE",True,2026-09-19T05:07:45.408Z
TXN-169b401a-a49c-4f3c-a813-1d55e26b2498,ACC2566942273,TRANSFER,334.84,INR,2026-09-19T05:07:45.408Z,UPI,SUCCESS,EDUCATION,Kolkata,DEV-18e6ece8,synthetic-generator,5,250.60399999999998,10,0,1,5,False,True,False,True,False,False,4,"TRANSACTION_BURST,LOCATION_JUMP",False,2026-09-19T05:07:45.408Z
TXN-a5de4cd5-2030-43c0-bbaf-1cf5bc9a8c2a,ACC2137651678,CARD_PAYMENT,1147.54,INR,2026-09-19T05:07:45.408Z,UPI,SUCCESS,ECOMMERCE,Jaipur,DEV-3571438e,synthetic-generator,5,1534.6319047619047,21,1,2,1,False,True,False,False,True,False,3,"TRANSACTION_BURST,NEW_DEVICE",False,2026-09-19T05:07:45.408Z
TXN-d2442c46-5cf3-4f1f-a6c3-afa56c9ab2e0,ACC4095476665,BILL_PAYMENT,284.44,INR,2026-09-19T05:07:45.408Z,BRANCH,SUCCESS,UTILITIES,Kolkata,DEV-d33f4977,synthetic-generator,5,495.94666666666666,15,3,2,1,False,True,False,False,True,False,3,"TRANSACTION_BURST,NEW_DEVICE",False,2026-09-19T05:07:45.408Z
TXN-94b71551-54f5-4cb1-91cb-a56254f24bd4,ACC3479708607,TRANSFER,1395.72,INR,2026-09-19T05:07:45.408Z,ATM,SUCCESS,FINANCIAL_SERVICES,Ahmedabad,DEV-148b692d,synthetic-generator,5,2299.897619047619,21,1,3,1,False,True,False,False,True,False,3,"TRANSACTION_BURST,NEW_DEVICE",False,2026-09-19T05:07:45.408Z
TXN-8a7f9829-a02d-4fee-b31e-11b4e8e3836f,ACC6687206971,CARD_PAYMENT,524.23,INR,2026-09-19T05:07:45.408Z,UPI,SUCCESS,ENTERTAINMENT,Mumbai,DEV-a607110c,synthetic-generator,5,589.6045833333334,24,9,1,1,False,True,False,False,False,False,2,TRANSACTION_BURST,False,2026-09-19T05:07:45.408Z
TXN-747c6875-5ab0-44fb-964f-5c68cd54cdde,ACC2566942273,REFUND,114.93,INR,2026-09-19T05:07:45.408Z,UPI,REVERSED,UTILITIES,Kolkata,DEV-18e6ece8,synthetic-generator,5,250.60399999999998,10,0,1,5,False,True,False,True,False,False,4,"TRANSACTION_BURST,LOCATION_JUMP",False,2026-09-19T05:07:45.408Z
TXN-fe4f579e-a57e-4ab4-b270-ede34efbd730,ACC9697354961,CARD_PAYMENT,791.48,INR,2026-09-19T05:07:45.408Z,WEB,SUCCESS,OTHER,Lucknow,DEV-3dc84d75,synthetic-generator,5,2085.41,10,0,1,1,False,True,False,False,False,False,2,TRANSACTION_BURST,False,2026-09-19T05:07:45.408Z
TXN-875732ec-e552-4776-aa1e-fc8fc424603c,ACC1983297492,REFUND,3349.93,INR,2026-09-19T05:07:45.408Z,WEB,SUCCESS,EDUCATION,Pune,DEV-0a2bbaa5,synthetic-generator,5,1565.950909090909,11,2,2,1,False,True,False,False,True,False,3,"TRANSACTION_BURST,NEW_DEVICE",False,2026-09-19T05:07:45.408Z
TXN-674c679e-4733-48e6-bcca-8eaffdb8e158,ACC5774080233,TRANSFER,807.28,INR,2026-09-19T05:07:45.408Z,WEB,SUCCESS,ENTERTAINMENT,Chennai,DEV-d6e27c90,synthetic-generator,5,369.478,15,1,3,3,False,True,False,True,True,False,5,"TRANSACTION_BURST,LOCATION_JUMP,NEW_DEVICE",True,2026-09-19T05:07:45.408Z
TXN-0e8ad4ea-cbd7-4f1f-b6cd-c3cda03d21b0,ACC6756332150,UPI_PAYMENT,115.19,INR,2026-09-19T05:07:45.408Z,ATM,SUCCESS,FINANCIAL_SERVICES,Ahmedabad,DEV-a5c14ad5,synthetic-generator,5,1154.348,10,0,3,3,False,True,False,True,True,False,5,"TRANSACTION_BURST,LOCATION_JUMP,NEW_DEVICE",True,2026-09-19T05:07:45.408Z
TXN-476c9035-7b26-4914-a9bc-acbdd24abd8a,ACC7517938612,UPI_PAYMENT,516.69,INR,2026-09-19T05:07:45.408Z,ATM,SUCCESS,GOVERNMENT,Chennai,DEV-1c46c284,synthetic-generator,5,1835.2130769230769,13,0,2,4,False,True,False,True,True,False,5,"TRANSACTION_BURST,LOCATION_JUMP,NEW_DEVICE",True,2026-09-19T05:07:45.408Z
TXN-95e8697f-4f1f-48bf-b64f-67c76dbe62ed,ACC2320763135,DEPOSIT,670.97,INR,2026-09-19T05:07:45.408Z,WEB,SUCCESS,HEALTHCARE,Bengaluru,DEV-79a4d70b,synthetic-generator,5,1352.778,5,0,1,1,False,False,False,False,False,False,0,,False,2026-09-19T05:07:45.408Z
TXN-dc3f40cb-db80-4c8f-b23a-f0ffe4d9e2ba,ACC4332894265,DEPOSIT,253.98,INR,2026-09-19T05:07:45.408Z,BRANCH,SUCCESS,FUEL,Hyderabad,DEV-70525b5f,synthetic-generator,5,1390.5892307692307,13,0,1,1,False,True,False,False,False,False,2,TRANSACTION_BURST,False,2026-09-19T05:07:45.408Z
TXN-fae1fe0f-1f42-4ddd-9703-9536fa270439,ACC1958682846,DEPOSIT,911.84,INR,2026-09-19T05:07:45.408Z,ATM,SUCCESS,UTILITIES,Hyderabad,DEV-fbcc1e1f,synthetic-generator,5,1994.2518181818182,11,0,1,1,False,True,False,False,False,False,2,TRANSACTION_BURST,False,2026-09-19T05:07:45.408Z
TXN-f8242683-155a-44d6-8a85-06da01cbdf3b,ACC1127978094,DEPOSIT,1528.0,INR,2026-09-19T05:07:45.409Z,MOBILE,SUCCESS,FUEL,Pune,DEV-9aedd924,synthetic-generator,5,374.10181818181815,11,7,1,1,True,True,False,False,False,False,4,"HIGH_AMOUNT,TRANSACTION_BURST",False,2026-09-19T05:07:45.409Z
TXN-37a1b577-839e-4077-bb32-28e47730c5df,ACC3361388464,ATM_WITHDRAWAL,555.67,INR,2026-09-19T05:07:45.409Z,WEB,SUCCESS,FINANCIAL_SERVICES,Kolkata,DEV-05bc5ef2,synthetic-generator,5,1572.1863636363635,11,1,2,1,False,True,False,False,True,False,3,"TRANSACTION_BURST,NEW_DEVICE",False,2026-09-19T05:07:45.409Z
TXN-a7d52a22-4284-474e-9df1-4d0fb0d5ba99,ACC3746317213,CARD_PAYMENT,679.83,INR,2026-09-19T05:07:45.409Z,BRANCH,SUCCESS,FUEL,Chennai,DEV-ecb5a32f,synthetic-generator,5,468.23333333333335,6,1,3,3,False,False,False,True,True,False,3,"LOCATION_JUMP,NEW_DEVICE",False,2026-09-19T05:07:45.409Z
TXN-fe9338b2-c8a7-4548-8bce-8d77aff12946,ACC3783290795,CARD_PAYMENT,632.88,INR,2026-09-19T05:07:45.409Z,POS,SUCCESS,UTILITIES,Delhi,DEV-981c2c70,synthetic-generator,5,2905.393846153846,13,1,3,1,False,True,False,False,True,False,3,"TRANSACTION_BURST,NEW_DEVICE",False,2026-09-19T05:07:45.409Z
TXN-0564e6c7-ae42-429a-bed2-563ef0d77d42,ACC6649827836,REFUND,1019.84,INR,2026-09-19T05:07:45.409Z,POS,SUCCESS,GROCERY,Bengaluru,DEV-b8dbc058,synthetic-generator,5,1194.808,20,0,1,3,False,True,False,True,False,False,4,"TRANSACTION_BURST,LOCATION_JUMP",False,2026-09-19T05:07:45.409Z
TXN-46d69ada-1131-47e6-966f-c9778438edd3,ACC2452066459,UPI_PAYMENT,809.12,INR,2026-09-19T05:07:45.409Z,UPI,FAILED,DINING,Pune,DEV-3b0615b0,synthetic-generator,5,605.7847222222222,36,10,3,5,False,True,True,True,True,False,7,"TRANSACTION_BURST,REPEATED_FAILURES,LOCATION_JUMP,NEW_DEVICE",True,2026-09-19T05:07:45.409Z
TXN-cc17be76-8beb-4ea3-a45b-04e49e9b6b45,ACC1083651970,BILL_PAYMENT,422.81,INR,2026-09-19T05:07:45.409Z,BRANCH,SUCCESS,HEALTHCARE,Hyderabad,DEV-1b315130,synthetic-generator,5,2311.6264285714287,14,0,1,1,False,True,False,False,False,False,2,TRANSACTION_BURST,False,2026-09-19T05:07:45.409Z
TXN-e2c80674-5e1f-48b6-96b9-5373621b52e4,ACC2137651678,DEPOSIT,3320.49,INR,2026-09-19T05:07:45.409Z,ATM,SUCCESS,EDUCATION,Jaipur,DEV-5060cefa,synthetic-generator,5,1534.6319047619047,21,1,2,1,False,True,False,False,True,False,3,"TRANSACTION_BURST,NEW_DEVICE",False,2026-09-19T05:07:45.409Z
TXN-5e930868-f353-43ac-a5c2-424f26b7b99b,ACC4888749350,REFUND,723.24,INR,2026-09-19T05:07:45.409Z,ATM,REVERSED,TRAVEL,Hyderabad,DEV-d79b40eb,synthetic-generator,5,1120.5018181818182,11,0,1,1,False,True,False,False,False,False,2,TRANSACTION_BURST,False,2026-09-19T05:07:45.409Z
TXN-1a4d5514-84a9-4563-bcec-257c72cdd377,ACC2812140441,DEPOSIT,144.87,INR,2026-09-19T05:07:45.409Z,BRANCH,SUCCESS,FUEL,Lucknow,DEV-aed50fce,synthetic-generator,5,587.2391176470588,34,5,1,3,False,True,False,True,False,False,4,"TRANSACTION_BURST,LOCATION_JUMP",False,2026-09-19T05:07:45.409Z
TXN-7d2be2be-fe4f-46e8-aaa7-039a0bba33aa,ACC8995970241,ATM_WITHDRAWAL,1645.64,INR,2026-09-19T05:07:45.409Z,BRANCH,SUCCESS,EDUCATION,Mumbai,DEV-c976717d,synthetic-generator,5,634.364,10,2,2,1,False,True,False,False,True,False,3,"TRANSACTION_BURST,NEW_DEVICE",False,2026-09-19T05:07:45.409Z
TXN-43e11c3b-7021-40d6-81ec-31af858200b2,ACC2181241943,BILL_PAYMENT,139.18,INR,2026-09-19T05:07:45.409Z,WEB,SUCCESS,GOVERNMENT,Hyderabad,DEV-f6824ffe,synthetic-generator,5,2125.5550000000003,8,0,1,1,False,False,False,False,False,False,0,,False,2026-09-19T05:07:45.409Z
TXN-9ab52e9f-9ed2-4617-816c-f313c3a03640,ACC3361388464,BILL_PAYMENT,677.47,INR,2026-09-19T05:07:45.409Z,BRANCH,SUCCESS,ECOMMERCE,Kolkata,DEV-05bc5ef2,synthetic-generator,5,1572.1863636363635,11,1,2,1,False,True,False,False,True,False,3,"TRANSACTION_BURST,NEW_DEVICE",False,2026-09-19T05:07:45.409Z
TXN-1b292806-3e24-42b6-932a-43a5fe929c05,ACC1965067727,DEPOSIT,8191.96,INR,2026-09-19T05:07:45.409Z,WEB,SUCCESS,TRAVEL,Jaipur,DEV-d341c380,synthetic-generator,5,3115.4136363636367,11,2,1,1,False,True,False,False,False,False,2,TRANSACTION_BURST,False,2026-09-19T05:07:45.409Z
TXN-169ce755-d5fe-4999-8227-ca8a213c67e3,ACC5693307665,REFUND,435.38,INR,2026-09-19T05:07:45.409Z,MOBILE,SUCCESS,OTHER,Delhi,DEV-f3eef1e4,synthetic-generator,5,1745.453,10,1,1,3,False,True,False,True,False,False,4,"TRANSACTION_BURST,LOCATION_JUMP",False,2026-09-19T05:07:45.409Z
TXN-3676ead1-3280-4117-90d2-938bb6661c14,ACC2970753705,TRANSFER,5683.82,INR,2026-09-19T05:07:45.409Z,POS,SUCCESS,HEALTHCARE,Pune,DEV-bfb2307b,synthetic-generator,5,1108.8274999999999,8,0,1,1,True,False,False,False,False,False,2,HIGH_AMOUNT,False,2026-09-19T05:07:45.409Z
TXN-d4b4b70a-77dd-494e-a523-63d9a8451643,ACC8995970241,TRANSFER,1025.72,INR,2026-09-19T05:07:45.409Z,POS,SUCCESS,GROCERY,Mumbai,DEV-59aae877,synthetic-generator,5,634.364,10,2,2,1,False,True,False,False,True,False,3,"TRANSACTION_BURST,NEW_DEVICE",False,2026-09-19T05:07:45.409Z
TXN-2af685c9-340f-41d1-a652-ecfee0790738,ACC7567496105,CARD_PAYMENT,727.32,INR,2026-09-19T05:07:45.409Z,UPI,SUCCESS,HEALTHCARE,Lucknow,DEV-2ebdd51d,synthetic-generator,5,4368.3976923076925,13,1,1,1,False,True,False,False,False,False,2,TRANSACTION_BURST,False,2026-09-19T05:07:45.409Z
TXN-275fa3f6-2fc1-4546-9869-0a5ab99eebbc,ACC7825844140,UPI_PAYMENT,374.48,INR,2026-09-19T05:07:45.409Z,ATM,SUCCESS,FUEL,Ahmedabad,DEV-6cfc07d0,synthetic-generator,5,520.06,11,1,1,1,False,True,False,False,False,False,2,TRANSACTION_BURST,False,2026-09-19T05:07:45.409Z
TXN-46fd4cd4-bb24-4ab3-875d-f343569729c2,ACC5693307665,TRANSFER,78.43,INR,2026-09-19T05:07:45.409Z,MOBILE,SUCCESS,GOVERNMENT,Delhi,DEV-f3eef1e4,synthetic-generator,5,1745.453,10,1,1,3,False,True,False,True,False,False,4,"TRANSACTION_BURST,LOCATION_JUMP",False,2026-09-19T05:07:45.409Z
TXN-adb45d59-b1ba-4e76-a330-515c9dc1117a,ACC1248786714,DEPOSIT,306.02,INR,2026-09-19T05:07:45.409Z,UPI,SUCCESS,ENTERTAINMENT,Chennai,DEV-97677b4d,synthetic-generator,5,392.5536363636364,11,0,2,2,False,True,False,True,True,False,5,"TRANSACTION_BURST,LOCATION_JUMP,NEW_DEVICE",True,2026-09-19T05:07:45.409Z
TXN-1e03988d-fc32-4209-805a-9795e9766447,ACC1667779376,DEPOSIT,1006.05,INR,2026-09-19T05:07:45.409Z,ATM,SUCCESS,HEALTHCARE,Chennai,DEV-0b12de18,synthetic-generator,5,548.3466666666667,15,5,3,1,False,True,False,False,True,False,3,"TRANSACTION_BURST,NEW_DEVICE",False,2026-09-19T05:07:45.409Z
TXN-58a28b2a-69e9-4947-a462-bfa4fdc88864,ACC5284391408,REFUND,77.44,INR,2026-09-19T05:07:45.409Z,POS,SUCCESS,TRAVEL,Jaipur,DEV-16fa3ada,synthetic-generator,5,337.99555555555554,9,0,2,5,False,True,False,True,True,False,5,"TRANSACTION_BURST,LOCATION_JUMP,NEW_DEVICE",True,2026-09-19T05:07:45.409Z
TXN-e0d4a4ce-e2a6-4f83-812e-7dae2d82d6ba,ACC8110054933,UPI_PAYMENT,1175.89,INR,2026-09-19T05:07:45.409Z,BRANCH,FAILED,GROCERY,Pune,DEV-3ded8d40,synthetic-generator,5,1515.8945454545456,11,4,2,1,False,True,True,False,True,False,5,"TRANSACTION_BURST,REPEATED_FAILURES,NEW_DEVICE",True,2026-09-19T05:07:45.409Z
TXN-04dfe865-fe64-4530-9ffa-4a054ae72594,ACC3783290795,REFUND,5772.44,INR,2026-09-19T05:07:45.409Z,UPI,SUCCESS,FINANCIAL_SERVICES,Delhi,DEV-d6021645,synthetic-generator,5,2905.393846153846,13,1,3,1,False,True,False,False,True,False,3,"TRANSACTION_BURST,NEW_DEVICE",False,2026-09-19T05:07:45.409Z
TXN-077e56dc-5d08-4dd2-b157-21b02444545c,ACC3303082117,DEPOSIT,665.01,INR,2026-09-19T05:07:45.409Z,UPI,SUCCESS,FINANCIAL_SERVICES,Jaipur,DEV-e1d174e4,synthetic-generator,5,971.1644444444444,9,0,3,1,False,True,False,False,True,False,3,"TRANSACTION_BURST,NEW_DEVICE",False,2026-09-19T05:07:45.409Z
TXN-b99fdb26-38d7-4bac-a4b4-f4af28ec164d,ACC7114223633,DEPOSIT,4882.18,INR,2026-09-19T05:07:45.409Z,UPI,SUCCESS,FINANCIAL_SERVICES,Lucknow,DEV-efee7601,synthetic-generator,5,5201.48875,16,0,3,4,False,True,False,True,True,False,5,"TRANSACTION_BURST,LOCATION_JUMP,NEW_DEVICE",True,2026-09-19T05:07:45.409Z
TXN-5bd8fdb5-9948-4573-8bf8-2a75b79d2426,ACC7567496105,TRANSFER,1104.76,INR,2026-09-19T05:07:45.409Z,BRANCH,FAILED,FUEL,Lucknow,DEV-2ebdd51d,synthetic-generator,5,4368.3976923076925,13,1,1,1,False,True,False,False,False,False,2,TRANSACTION_BURST,False,2026-09-19T05:07:45.409Z
TXN-9ace7a24-a9fe-40d4-a525-c92a1769bf95,ACC4095476665,DEPOSIT,200.28,INR,2026-09-19T05:07:45.409Z,WEB,SUCCESS,EDUCATION,Kolkata,DEV-e1134412,synthetic-generator,5,495.94666666666666,15,3,2,1,False,True,False,False,True,False,3,"TRANSACTION_BURST,NEW_DEVICE",False,2026-09-19T05:07:45.409Z
TXN-b6dbd8d6-b7bb-466c-a847-36bb0d2c52cf,ACC4026113008,DEPOSIT,986.94,INR,2026-09-19T05:07:45.409Z,WEB,SUCCESS,FINANCIAL_SERVICES,Delhi,DEV-3c647c55,synthetic-generator,5,3347.5088888888886,18,7,3,3,False,True,False,True,True,False,5,"TRANSACTION_BURST,LOCATION_JUMP,NEW_DEVICE",True,2026-09-19T05:07:45.409Z
TXN-003f208e-c779-4dcb-b430-33c2905cd27c,ACC5728765136,ATM_WITHDRAWAL,2547.86,INR,2026-09-19T05:07:45.409Z,MOBILE,SUCCESS,UTILITIES,Pune,DEV-1a11df3d,synthetic-generator,5,4346.4825,8,0,3,1,False,False,False,False,True,False,1,NEW_DEVICE,False,2026-09-19T05:07:45.409Z
TXN-f846d87b-11ff-45ab-8bc7-0b43cbe9d662,ACC8995970241,TRANSFER,140.51,INR,2026-09-19T05:07:45.409Z,MOBILE,FAILED,ENTERTAINMENT,Mumbai,DEV-59aae877,synthetic-generator,5,634.364,10,2,2,1,False,True,False,False,True,False,3,"TRANSACTION_BURST,NEW_DEVICE",False,2026-09-19T05:07:45.409Z
TXN-214e37c5-6add-4578-af38-4ced576934d9,ACC6649827836,TRANSFER,2162.28,INR,2026-09-19T05:07:45.409Z,POS,SUCCESS,ECOMMERCE,Chennai,DEV-b8dbc058,synthetic-generator,5,1194.808,20,0,1,3,False,True,False,True,False,False,4,"TRANSACTION_BURST,LOCATION_JUMP",False,2026-09-19T05:07:45.409Z
TXN-081b630c-d7d0-4f09-bfab-e7242bdab326,ACC7665963761,CARD_PAYMENT,308.37,INR,2026-09-19T05:07:45.409Z,ATM,SUCCESS,TRAVEL,Ahmedabad,DEV-a10677f8,synthetic-generator,5,407.376,5,0,3,1,False,False,False,False,True,False,1,NEW_DEVICE,False,2026-09-19T05:07:45.409Z
TXN-506c9eed-a487-4c00-805e-7bd95425faca,ACC9285415473,UPI_PAYMENT,5954.85,INR,2026-09-19T05:07:45.409Z,WEB,FAILED,ECOMMERCE,Hyderabad,DEV-285b4bc2,synthetic-generator,5,2868.202307692308,26,9,2,1,False,True,True,False,True,False,5,"TRANSACTION_BURST,REPEATED_FAILURES,NEW_DEVICE",True,2026-09-19T05:07:45.409Z
TXN-970bf316-b0f0-4148-8988-b48c8ca332f5,ACC1422701550,CARD_PAYMENT,1732.48,INR,2026-09-19T05:07:45.409Z,WEB,SUCCESS,GOVERNMENT,Hyderabad,DEV-a8ac3a34,synthetic-generator,5,1569.0040000000001,10,0,2,1,False,True,False,False,True,False,3,"TRANSACTION_BURST,NEW_DEVICE",False,2026-09-19T05:07:45.409Z
TXN-6c2e404f-5514-4bd7-bcb3-7c1cb58813df,ACC6756332150,UPI_PAYMENT,5466.47,INR,2026-09-19T05:07:45.409Z,UPI,SUCCESS,EDUCATION,Mumbai,DEV-888fd2ed,synthetic-generator,5,1154.348,10,0,3,3,True,True,False,True,True,False,7,"HIGH_AMOUNT,TRANSACTION_BURST,LOCATION_JUMP,NEW_DEVICE",True,2026-09-19T05:07:45.409Z
TXN-5ce3c0bd-9527-4a71-8187-62460d887952,ACC6241752544,UPI_PAYMENT,217.5,INR,2026-09-19T05:07:45.409Z,UPI,PENDING,FINANCIAL_SERVICES,Delhi,DEV-7e938ba4,synthetic-generator,5,818.9836363636364,11,0,2,1,False,True,False,False,True,False,3,"TRANSACTION_BURST,NEW_DEVICE",False,2026-09-19T05:07:45.409Z
TXN-3d93c517-50cb-46ca-a874-af24f4fdb688,ACC9894847574,CARD_PAYMENT,642.84,INR,2026-09-19T05:07:45.409Z,BRANCH,FAILED,FUEL,Kolkata,DEV-43f91aad,synthetic-generator,5,1558.878,15,2,2,5,False,True,False,True,True,False,5,"TRANSACTION_BURST,LOCATION_JUMP,NEW_DEVICE",True,2026-09-19T05:07:45.409Z
TXN-e44d24fe-7af3-46e3-a00a-85034177b5f5,ACC7665963761,TRANSFER,240.32,INR,2026-09-19T05:07:45.409Z,WEB,SUCCESS,ECOMMERCE,Ahmedabad,DEV-2fc73613,synthetic-generator,5,407.376,5,0,3,1,False,False,False,False,True,False,1,NEW_DEVICE,False,2026-09-19T05:07:45.409Z
TXN-b12753be-0411-4752-961b-2594c61ad341,ACC4289233844,TRANSFER,1421.59,INR,2026-09-19T05:07:45.409Z,MOBILE,FAILED,GROCERY,Ahmedabad,DEV-0d90d34d,synthetic-generator,5,1004.2819999999999,15,2,1,3,False,True,False,True,False,False,4,"TRANSACTION_BURST,LOCATION_JUMP",False,2026-09-19T05:07:45.409Z
TXN-0183ee58-7881-475e-b40f-9d81e3f721e6,ACC1667779376,ATM_WITHDRAWAL,133.73,INR,2026-09-19T05:07:45.409Z,UPI,SUCCESS,DINING,Chennai,DEV-0b12de18,synthetic-generator,5,548.3466666666667,15,5,3,1,False,True,False,False,True,False,3,"TRANSACTION_BURST,NEW_DEVICE",False,2026-09-19T05:07:45.409Z
TXN-0abc0209-c77c-456d-8d25-c82d94ed77e1,ACC9786748825,UPI_PAYMENT,1774.76,INR,2026-09-19T05:07:45.409Z,WEB,FAILED,UTILITIES,Hyderabad,DEV-e8cd1fd2,synthetic-generator,5,1400.3655555555556,18,5,1,3,False,True,True,True,False,False,6,"TRANSACTION_BURST,REPEATED_FAILURES,LOCATION_JUMP",True,2026-09-19T05:07:45.409Z
TXN-48841106-e815-4e7a-9aec-959a9b712f5b,ACC1958682846,ATM_WITHDRAWAL,7202.43,INR,2026-09-19T05:07:45.409Z,MOBILE,SUCCESS,ECOMMERCE,Hyderabad,DEV-fbcc1e1f,synthetic-generator,5,1994.2518181818182,11,0,1,1,True,True,False,False,False,False,4,"HIGH_AMOUNT,TRANSACTION_BURST",False,2026-09-19T05:07:45.409Z
TXN-0ed82df5-2e58-45c1-970c-621bcc5249b5,ACC1083651970,TRANSFER,1647.36,INR,2026-09-19T05:07:45.409Z,WEB,SUCCESS,EDUCATION,Hyderabad,DEV-1b315130,synthetic-generator,5,2311.6264285714287,14,0,1,1,False,True,False,False,False,False,2,TRANSACTION_BURST,False,2026-09-19T05:07:45.409Z
TXN-dd33e1a3-c909-42bc-b82d-b5843ed86d51,ACC4289233844,REFUND,85.99,INR,2026-09-19T05:07:45.409Z,POS,SUCCESS,FINANCIAL_SERVICES,Hyderabad,DEV-0d90d34d,synthetic-generator,5,1004.2819999999999,15,2,1,3,False,True,False,True,False,False,4,"TRANSACTION_BURST,LOCATION_JUMP",False,2026-09-19T05:07:45.409Z
TXN-d450cb2f-24d5-49d5-af8a-06aab4f0cb25,ACC4332894265,UPI_PAYMENT,6023.28,INR,2026-09-19T05:07:45.409Z,MOBILE,SUCCESS,FINANCIAL_SERVICES,Hyderabad,DEV-70525b5f,synthetic-generator,5,1390.5892307692307,13,0,1,1,True,True,False,False,False,False,4,"HIGH_AMOUNT,TRANSACTION_BURST",False,2026-09-19T05:07:45.409Z
TXN-bea15b33-76c7-4bd2-9c9a-757fa4570042,ACC2181241943,DEPOSIT,267.64,INR,2026-09-19T05:07:45.409Z,MOBILE,SUCCESS,FUEL,Hyderabad,DEV-f6824ffe,synthetic-generator,5,2125.5550000000003,8,0,1,1,False,False,False,False,False,False,0,,False,2026-09-19T05:07:45.409Z
TXN-afddcff9-5e01-43c8-94f3-610049b98ee5,ACC8110054933,REFUND,360.58,INR,2026-09-19T05:07:45.409Z,MOBILE,SUCCESS,UTILITIES,Pune,DEV-94816e1c,synthetic-generator,5,1515.8945454545456,11,4,2,1,False,True,False,False,True,False,3,"TRANSACTION_BURST,NEW_DEVICE",False,2026-09-19T05:07:45.409Z
TXN-3066076e-1698-4ac6-ac75-15306f632f54,ACC9697354961,TRANSFER,5798.56,INR,2026-09-19T05:07:45.409Z,UPI,SUCCESS,FINANCIAL_SERVICES,Lucknow,DEV-3dc84d75,synthetic-generator,5,2085.41,10,0,1,1,False,True,False,False,False,False,2,TRANSACTION_BURST,False,2026-09-19T05:07:45.409Z
TXN-92752cc5-3dcb-41b2-87e5-e844be68c275,ACC1667779376,UPI_PAYMENT,562.23,INR,2026-09-19T05:07:45.409Z,ATM,SUCCESS,OTHER,Chennai,DEV-e71e095a,synthetic-generator,5,548.3466666666667,15,5,3,1,False,True,False,False,True,False,3,"TRANSACTION_BURST,NEW_DEVICE",False,2026-09-19T05:07:45.409Z
TXN-15635779-3f6b-4b6d-85a7-d8d16da77331,ACC9894847574,UPI_PAYMENT,1228.0,INR,2026-09-19T05:07:45.409Z,BRANCH,FAILED,ENTERTAINMENT,Kolkata,DEV-eed3b63b,synthetic-generator,5,1558.878,15,2,2,5,False,True,False,True,True,False,5,"TRANSACTION_BURST,LOCATION_JUMP,NEW_DEVICE",True,2026-09-19T05:07:45.409Z
TXN-dfae2592-76c8-46c7-bf5b-101844ae66e8,ACC8293453178,ATM_WITHDRAWAL,386.01,INR,2026-09-19T05:07:45.409Z,MOBILE,SUCCESS,GOVERNMENT,Chennai,DEV-38c360f7,synthetic-generator,5,471.825,12,2,1,1,False,True,False,False,False,False,2,TRANSACTION_BURST,False,2026-09-19T05:07:45.409Z
TXN-203dd91b-a85f-41de-8949-4e06394f6bde,ACC4466589567,ATM_WITHDRAWAL,668.03,INR,2026-09-19T05:07:45.409Z,WEB,SUCCESS,FINANCIAL_SERVICES,Chennai,DEV-117dbea7,synthetic-generator,5,1452.88875,8,1,3,1,False,False,False,False,True,False,1,NEW_DEVICE,False,2026-09-19T05:07:45.409Z
TXN-ee17c1cc-b662-45eb-b65b-cc816f289616,ACC9786748825,ATM_WITHDRAWAL,883.64,INR,2026-09-19T05:07:45.409Z,WEB,SUCCESS,ENTERTAINMENT,Hyderabad,DEV-e8cd1fd2,synthetic-generator,5,1400.3655555555556,18,5,1,3,False,True,False,True,False,False,4,"TRANSACTION_BURST,LOCATION_JUMP",False,2026-09-19T05:07:45.409Z
TXN-ca0582e4-b835-4a18-8c08-dcb3ace39c23,ACC6488854841,TRANSFER,1556.89,INR,2026-09-19T05:07:45.409Z,MOBILE,SUCCESS,GOVERNMENT,Jaipur,DEV-a9b80334,synthetic-generator,5,1021.0524999999999,12,0,3,1,False,True,False,False,True,False,3,"TRANSACTION_BURST,NEW_DEVICE",False,2026-09-19T05:07:45.409Z
TXN-c69e1f12-fc24-49de-81ae-9588e5b8eb78,ACC1667779376,DEPOSIT,170.01,INR,2026-09-19T05:07:45.410Z,MOBILE,SUCCESS,GROCERY,Chennai,DEV-0b12de18,synthetic-generator,5,548.3466666666667,15,5,3,1,False,True,False,False,True,False,3,"TRANSACTION_BURST,NEW_DEVICE",False,2026-09-19T05:07:45.410Z
TXN-1b7fad06-1b40-4d9f-aff6-295987f3679b,ACC9592390865,DEPOSIT,113.36,INR,2026-09-19T05:07:45.410Z,ATM,SUCCESS,ENTERTAINMENT,Kolkata,DEV-3f530bed,synthetic-generator,5,1498.7482608695652,23,6,3,1,False,True,False,False,True,False,3,"TRANSACTION_BURST,NEW_DEVICE",False,2026-09-19T05:07:45.410Z
TXN-aa7b89ca-a635-402d-ac09-0ede08cbeb1d,ACC3361388464,REFUND,42.56,INR,2026-09-19T05:07:45.410Z,BRANCH,SUCCESS,FUEL,Kolkata,DEV-05bc5ef2,synthetic-generator,5,1572.1863636363635,11,1,2,1,False,True,False,False,True,False,3,"TRANSACTION_BURST,NEW_DEVICE",False,2026-09-19T05:07:45.410Z
TXN-35f5f11b-26dd-48a1-a429-0c7c20c23baf,ACC9703905715,BILL_PAYMENT,3912.35,INR,2026-09-19T05:07:45.410Z,WEB,SUCCESS,GROCERY,Hyderabad,DEV-6387f5a3,synthetic-generator,5,1864.245263157895,19,1,1,1,False,True,False,False,False,False,2,TRANSACTION_BURST,False,2026-09-19T05:07:45.410Z
TXN-f4916e1a-0351-47d2-9662-88ebd9e9196a,ACC7635473142,UPI_PAYMENT,1996.75,INR,2026-09-19T05:07:45.410Z,BRANCH,FAILED,EDUCATION,Kolkata,DEV-f334152f,synthetic-generator,5,1023.3171428571429,14,5,2,1,False,True,True,False,True,False,5,"TRANSACTION_BURST,REPEATED_FAILURES,NEW_DEVICE",True,2026-09-19T05:07:45.410Z
TXN-cabdbccf-6c2a-4c0a-9d13-a1b1a427f997,ACC1939042955,BILL_PAYMENT,617.29,INR,2026-09-19T05:07:45.410Z,UPI,SUCCESS,GOVERNMENT,Delhi,DEV-9a48534f,synthetic-generator,5,437.26181818181817,22,4,2,1,False,True,False,False,True,False,3,"TRANSACTION_BURST,NEW_DEVICE",False,2026-09-19T05:07:45.410Z
TXN-7c072cf2-a77a-4e75-82da-ea1d7ab0ac53,ACC1817804383,REFUND,369.5,INR,2026-09-19T05:07:45.410Z,UPI,SUCCESS,DINING,Jaipur,DEV-648b28d5,synthetic-generator,5,605.3580000000001,30,5,3,3,False,True,False,True,True,False,5,"TRANSACTION_BURST,LOCATION_JUMP,NEW_DEVICE",True,2026-09-19T05:07:45.410Z
TXN-19e54fff-75ed-48d6-9b1d-0f8525fc2c09,ACC8293453178,ATM_WITHDRAWAL,1590.64,INR,2026-09-19T05:07:45.410Z,UPI,SUCCESS,FUEL,Chennai,DEV-38c360f7,synthetic-generator,5,471.825,12,2,1,1,True,True,False,False,False,False,4,"HIGH_AMOUNT,TRANSACTION_BURST",False,2026-09-19T05:07:45.410Z
TXN-e4f00e9b-2630-4078-a579-6cd5ac040d47,ACC3479708607,BILL_PAYMENT,2444.35,INR,2026-09-19T05:07:45.410Z,WEB,SUCCESS,ENTERTAINMENT,Ahmedabad,DEV-316a8ea5,synthetic-generator,5,2299.897619047619,21,1,3,1,False,True,False,False,True,False,3,"TRANSACTION_BURST,NEW_DEVICE",False,2026-09-19T05:07:45.410Z
TXN-2ff09327-9bde-4148-a335-3ec2f6cb44ca,ACC3783290795,ATM_WITHDRAWAL,4555.83,INR,2026-09-19T05:07:45.410Z,POS,SUCCESS,TRAVEL,Delhi,DEV-7bdf94bd,synthetic-generator,5,2905.393846153846,13,1,3,1,False,True,False,False,True,False,3,"TRANSACTION_BURST,NEW_DEVICE",False,2026-09-19T05:07:45.410Z
TXN-cebd53b8-d791-407e-859f-ad771e0f352f,ACC4332894265,BILL_PAYMENT,3295.99,INR,2026-09-19T05:07:45.410Z,UPI,SUCCESS,HEALTHCARE,Hyderabad,DEV-70525b5f,synthetic-generator,5,1390.5892307692307,13,0,1,1,False,True,False,False,False,False,2,TRANSACTION_BURST,False,2026-09-19T05:07:45.410Z
TXN-3662cb2e-5f4a-4a81-832a-a803b74c7704,ACC4332894265,DEPOSIT,555.58,INR,2026-09-19T05:07:45.410Z,POS,SUCCESS,OTHER,Hyderabad,DEV-70525b5f,synthetic-generator,5,1390.5892307692307,13,0,1,1,False,True,False,False,False,False,2,TRANSACTION_BURST,False,2026-09-19T05:07:45.410Z
TXN-e0a3c370-5809-4513-abfe-34bbbfa0b117,ACC9285415473,DEPOSIT,2426.38,INR,2026-09-19T05:07:45.410Z,POS,PENDING,OTHER,Hyderabad,DEV-285b4bc2,synthetic-generator,5,2868.202307692308,26,9,2,1,False,True,False,False,True,False,3,"TRANSACTION_BURST,NEW_DEVICE",False,2026-09-19T05:07:45.410Z
TXN-29a9c252-80c8-471f-a3eb-57c2275e5206,ACC6633778586,UPI_PAYMENT,2116.36,INR,2026-09-19T05:07:45.410Z,BRANCH,SUCCESS,ECOMMERCE,Delhi,DEV-d0af68a5,synthetic-generator,5,1848.8355555555556,9,0,2,1,False,True,False,False,True,False,3,"TRANSACTION_BURST,NEW_DEVICE",False,2026-09-19T05:07:45.410Z
TXN-ad9b23cf-1038-46c6-85e7-caa6fa689a7f,ACC5693307665,UPI_PAYMENT,1000.84,INR,2026-09-19T05:07:45.410Z,WEB,SUCCESS,GROCERY,Delhi,DEV-f3eef1e4,synthetic-generator,5,1745.453,10,1,1,3,False,True,False,True,False,False,4,"TRANSACTION_BURST,LOCATION_JUMP",False,2026-09-19T05:07:45.410Z
TXN-6ac83e43-0bb3-4f3d-ba4c-13777b6d6e7d,ACC7567496105,UPI_PAYMENT,20272.33,INR,2026-09-19T05:07:45.410Z,MOBILE,SUCCESS,FINANCIAL_SERVICES,Lucknow,DEV-2ebdd51d,synthetic-generator,5,4368.3976923076925,13,1,1,1,True,True,False,False,False,False,4,"HIGH_AMOUNT,TRANSACTION_BURST",False,2026-09-19T05:07:45.410Z
TXN-9540fbba-0883-4d82-b521-91ac1a298011,ACC9957813353,REFUND,148.41,INR,2026-09-19T05:07:45.410Z,BRANCH,SUCCESS,TRAVEL,Kolkata,DEV-d446b394,synthetic-generator,5,1681.8311111111113,9,1,1,1,False,True,False,False,False,False,2,TRANSACTION_BURST,False,2026-09-19T05:07:45.410Z
TXN-02a642d8-6f2f-4d71-94ae-a6e38829a533,ACC1939042955,BILL_PAYMENT,601.8,INR,2026-09-19T05:07:45.410Z,MOBILE,PENDING,TRAVEL,Delhi,DEV-9a48534f,synthetic-generator,5,437.26181818181817,22,4,2,1,False,True,False,False,True,False,3,"TRANSACTION_BURST,NEW_DEVICE",False,2026-09-19T05:07:45.410Z
TXN-62746e35-bd0f-4b80-8c52-82bef0641684,ACC1965067727,CARD_PAYMENT,615.76,INR,2026-09-19T05:07:45.410Z,ATM,SUCCESS,OTHER,Jaipur,DEV-d341c380,synthetic-generator,5,3115.4136363636367,11,2,1,1,False,True,False,False,False,False,2,TRANSACTION_BURST,False,2026-09-19T05:07:45.410Z
TXN-28f0ff32-65e2-4b5a-a775-e4fdd17fcb41,ACC7517938612,ATM_WITHDRAWAL,1179.54,INR,2026-09-19T05:07:45.410Z,ATM,SUCCESS,GROCERY,Pune,DEV-1c46c284,synthetic-generator,5,1835.2130769230769,13,0,2,4,False,True,False,True,True,False,5,"TRANSACTION_BURST,LOCATION_JUMP,NEW_DEVICE",True,2026-09-19T05:07:45.410Z
TXN-8fe22a44-7062-4cef-8cc4-e63b3c5557ba,ACC8168204967,DEPOSIT,10280.12,INR,2026-09-19T05:07:45.410Z,POS,SUCCESS,GROCERY,Mumbai,DEV-334d6216,synthetic-generator,5,4539.6975,8,0,1,1,False,False,False,False,False,False,0,,False,2026-09-19T05:07:45.410Z
TXN-e8b24716-da8b-4190-8731-e869c6455d1c,ACC7805745017,ATM_WITHDRAWAL,6853.8,INR,2026-09-19T05:07:45.410Z,POS,SUCCESS,GROCERY,Chennai,DEV-472a88df,synthetic-generator,5,806.7152173913043,23,1,2,1,True,True,False,False,True,False,5,"HIGH_AMOUNT,TRANSACTION_BURST,NEW_DEVICE",True,2026-09-19T05:07:45.410Z
TXN-6343b658-5c13-4728-ba70-f83cb65d1e77,ACC2948728483,UPI_PAYMENT,819.82,INR,2026-09-19T05:07:45.410Z,WEB,FAILED,DINING,Chennai,DEV-59dbd815,synthetic-generator,5,1269.472380952381,42,12,3,3,False,True,True,True,True,False,7,"TRANSACTION_BURST,REPEATED_FAILURES,LOCATION_JUMP,NEW_DEVICE",True,2026-09-19T05:07:45.410Z
TXN-7dba9518-f764-4ea2-aa72-a1def70e8307,ACC9639245200,TRANSFER,7556.74,INR,2026-09-19T05:07:45.410Z,POS,SUCCESS,GROCERY,Jaipur,DEV-852ea1b1,synthetic-generator,5,859.4911111111111,18,1,1,1,True,True,False,False,False,False,4,"HIGH_AMOUNT,TRANSACTION_BURST",False,2026-09-19T05:07:45.410Z
TXN-160c6015-95b2-4a9e-8d22-9db2d80810b5,ACC8086172302,ATM_WITHDRAWAL,639.12,INR,2026-09-19T05:07:45.410Z,BRANCH,PENDING,GOVERNMENT,Mumbai,DEV-e112d1d0,synthetic-generator,5,3426.0128571428572,7,0,2,1,False,False,False,False,True,False,1,NEW_DEVICE,False,2026-09-19T05:07:45.410Z
TXN-b1bec198-96fd-4576-bdd0-2d53508ea8de,ACC9963334018,DEPOSIT,216.09,INR,2026-09-19T05:07:45.410Z,ATM,SUCCESS,FINANCIAL_SERVICES,Delhi,DEV-64631af6,synthetic-generator,5,536.0754545454546,33,6,1,1,False,True,False,False,False,False,2,TRANSACTION_BURST,False,2026-09-19T05:07:45.410Z
TXN-97d1a8a5-1612-4c49-8324-86604740bc2b,ACC8664882079,REFUND,571.57,INR,2026-09-19T05:07:45.410Z,UPI,SUCCESS,UTILITIES,Ahmedabad,DEV-07eebe1e,synthetic-generator,5,939.0833333333334,6,0,3,1,False,False,False,False,True,False,1,NEW_DEVICE,False,2026-09-19T05:07:45.410Z
TXN-d05240eb-b063-4840-9674-ca7c2554a7ea,ACC9639245200,DEPOSIT,670.95,INR,2026-09-19T05:07:45.410Z,MOBILE,SUCCESS,GOVERNMENT,Jaipur,DEV-852ea1b1,synthetic-generator,5,859.4911111111111,18,1,1,1,False,True,False,False,False,False,2,TRANSACTION_BURST,False,2026-09-19T05:07:45.410Z
TXN-66baf838-78de-4959-8e96-90fd881095d6,ACC9894847574,TRANSFER,10425.67,INR,2026-09-19T05:07:45.410Z,WEB,SUCCESS,OTHER,Kolkata,DEV-43f91aad,synthetic-generator,5,1558.878,15,2,2,5,True,True,False,True,True,False,7,"HIGH_AMOUNT,TRANSACTION_BURST,LOCATION_JUMP,NEW_DEVICE",True,2026-09-19T05:07:45.410Z
TXN-2b83bd7a-f8f3-4a86-aea6-f0263e9df75d,ACC4274958945,ATM_WITHDRAWAL,1393.01,INR,2026-09-19T05:07:45.410Z,ATM,SUCCESS,FUEL,Delhi,DEV-65bf7ddf,synthetic-generator,5,2052.52,7,0,3,1,False,False,False,False,True,False,1,NEW_DEVICE,False,2026-09-19T05:07:45.410Z
TXN-61c8b9fb-9f3a-496c-bb4a-4ad04f8e22f7,ACC6924716023,TRANSFER,266.16,INR,2026-09-19T05:07:45.410Z,POS,SUCCESS,EDUCATION,Delhi,DEV-cda11eca,synthetic-generator,5,1296.8735897435897,39,12,2,2,False,True,False,True,True,False,5,"TRANSACTION_BURST,LOCATION_JUMP,NEW_DEVICE",True,2026-09-19T05:07:45.410Z
TXN-f66073bb-b823-482e-8653-bd85d1ff2d08,ACC4095476665,DEPOSIT,192.24,INR,2026-09-19T05:07:45.410Z,POS,SUCCESS,TRAVEL,Kolkata,DEV-d33f4977,synthetic-generator,5,495.94666666666666,15,3,2,1,False,True,False,False,True,False,3,"TRANSACTION_BURST,NEW_DEVICE",False,2026-09-19T05:07:45.410Z
TXN-0c862da1-eaf8-49f9-8f85-caef6011db2f,ACC2452066459,BILL_PAYMENT,503.91,INR,2026-09-19T05:07:45.410Z,WEB,SUCCESS,FUEL,Pune,DEV-730a7e18,synthetic-generator,5,605.7847222222222,36,10,3,5,False,True,False,True,True,False,5,"TRANSACTION_BURST,LOCATION_JUMP,NEW_DEVICE",True,2026-09-19T05:07:45.410Z
TXN-8c3da43f-532f-4a2f-ac16-c838e8a339e5,ACC4460967357,TRANSFER,1682.97,INR,2026-09-19T05:07:45.410Z,WEB,SUCCESS,GROCERY,Mumbai,DEV-d3bce23d,synthetic-generator,5,941.7589473684211,19,12,3,1,False,True,False,False,True,False,3,"TRANSACTION_BURST,NEW_DEVICE",False,2026-09-19T05:07:45.410Z
TXN-c338e6d4-5f6f-4019-a01e-9e10a3c91097,ACC1958682846,CARD_PAYMENT,7067.35,INR,2026-09-19T05:07:45.410Z,POS,SUCCESS,FINANCIAL_SERVICES,Hyderabad,DEV-fbcc1e1f,synthetic-generator,5,1994.2518181818182,11,0,1,1,True,True,False,False,False,False,4,"HIGH_AMOUNT,TRANSACTION_BURST",False,2026-09-19T05:07:45.410Z
TXN-079cabad-c3dd-4e6b-bcb3-a7738c186f56,ACC4289233844,CARD_PAYMENT,245.81,INR,2026-09-19T05:07:45.410Z,ATM,SUCCESS,EDUCATION,Hyderabad,DEV-0d90d34d,synthetic-generator,5,1004.2819999999999,15,2,1,3,False,True,False,True,False,False,4,"TRANSACTION_BURST,LOCATION_JUMP",False,2026-09-19T05:07:45.410Z
TXN-1949a9ab-5b4c-4beb-a7e3-502a53070ae9,ACC5951406973,BILL_PAYMENT,161.25,INR,2026-09-19T05:07:45.410Z,UPI,SUCCESS,DINING,Jaipur,DEV-69ecc86d,synthetic-generator,5,1265.3874999999998,4,0,2,1,False,False,False,False,True,False,1,NEW_DEVICE,False,2026-09-19T05:07:45.410Z
TXN-f9003b1d-f629-4f68-9579-8028fd3842a0,ACC1127978094,BILL_PAYMENT,184.59,INR,2026-09-19T05:07:45.410Z,BRANCH,SUCCESS,TRAVEL,Pune,DEV-9aedd924,synthetic-generator,5,374.10181818181815,11,7,1,1,False,True,False,False,False,False,2,TRANSACTION_BURST,False,2026-09-19T05:07:45.410Z
TXN-5639fcb4-980b-41cd-b88e-b1c9fd155dbc,ACC2970753705,BILL_PAYMENT,714.97,INR,2026-09-19T05:07:45.410Z,MOBILE,SUCCESS,UTILITIES,Pune,DEV-bfb2307b,synthetic-generator,5,1108.8274999999999,8,0,1,1,False,False,False,False,False,False,0,,False,2026-09-19T05:07:45.410Z
TXN-e95b4f7f-bfbc-418e-a014-97f2a00217f5,ACC1422701550,TRANSFER,3690.29,INR,2026-09-19T05:07:45.410Z,WEB,SUCCESS,ECOMMERCE,Hyderabad,DEV-fd172124,synthetic-generator,5,1569.0040000000001,10,0,2,1,False,True,False,False,True,False,3,"TRANSACTION_BURST,NEW_DEVICE",False,2026-09-19T05:07:45.410Z
TXN-cf897f3f-1d11-4ce5-9bbc-4eda4d212478,ACC2867302554,DEPOSIT,1659.19,INR,2026-09-19T05:07:45.410Z,POS,SUCCESS,EDUCATION,Chennai,DEV-3c987226,synthetic-generator,5,1157.8992857142857,14,5,1,1,False,True,False,False,False,False,2,TRANSACTION_BURST,False,2026-09-19T05:07:45.410Z
TXN-b2af76fa-c2c9-4cf1-88ce-303098f659ce,ACC7483366056,DEPOSIT,196.34,INR,2026-09-19T05:07:45.410Z,ATM,SUCCESS,FUEL,Hyderabad,DEV-051404c6,synthetic-generator,5,735.3166666666666,9,1,1,3,False,True,False,True,False,False,4,"TRANSACTION_BURST,LOCATION_JUMP",False,2026-09-19T05:07:45.410Z
TXN-cf11cde5-f209-4ad5-ad4c-c693c09f8054,ACC5567816720,TRANSFER,457.28,INR,2026-09-19T05:07:45.410Z,ATM,SUCCESS,ENTERTAINMENT,Pune,DEV-121f8f93,synthetic-generator,5,365.1275,8,0,2,1,False,False,False,False,True,False,1,NEW_DEVICE,False,2026-09-19T05:07:45.410Z
TXN-f7628866-e301-4772-8c2a-90c617a2824b,ACC4888749350,TRANSFER,302.96,INR,2026-09-19T05:07:45.410Z,WEB,SUCCESS,DINING,Hyderabad,DEV-d79b40eb,synthetic-generator,5,1120.5018181818182,11,0,1,1,False,True,False,False,False,False,2,TRANSACTION_BURST,False,2026-09-19T05:07:45.410Z
TXN-a045ad32-b22d-4212-ac5e-a1b0c6c66a3a,ACC4460967357,TRANSFER,192.19,INR,2026-09-19T05:07:45.410Z,ATM,SUCCESS,GOVERNMENT,Mumbai,DEV-77b070dc,synthetic-generator,5,941.7589473684211,19,12,3,1,False,True,False,False,True,False,3,"TRANSACTION_BURST,NEW_DEVICE",False,2026-09-19T05:07:45.410Z
TXN-85183c8a-d503-4c5c-b1f5-5228f03018d4,ACC3694860228,TRANSFER,1081.47,INR,2026-09-19T05:07:45.410Z,MOBILE,SUCCESS,TRAVEL,Hyderabad,DEV-e9a69f44,synthetic-generator,5,997.366857142857,35,3,3,3,False,True,False,True,True,False,5,"TRANSACTION_BURST,LOCATION_JUMP,NEW_DEVICE",True,2026-09-19T05:07:45.410Z
TXN-9e27c02b-49d2-44c1-93a5-85ddf04f4ffb,ACC8168204967,BILL_PAYMENT,18798.92,INR,2026-09-19T05:07:45.410Z,POS,SUCCESS,DINING,Mumbai,DEV-334d6216,synthetic-generator,5,4539.6975,8,0,1,1,True,False,False,False,False,False,2,HIGH_AMOUNT,False,2026-09-19T05:07:45.410Z
TXN-50613dbe-936a-4f7b-9053-d133672d9c6d,ACC5774080233,CARD_PAYMENT,349.45,INR,2026-09-19T05:07:45.410Z,BRANCH,SUCCESS,OTHER,Chennai,DEV-d6e27c90,synthetic-generator,5,369.478,15,1,3,3,False,True,False,True,True,False,5,"TRANSACTION_BURST,LOCATION_JUMP,NEW_DEVICE",True,2026-09-19T05:07:45.410Z
TXN-61c92774-25a1-4fd6-ad38-2cbcdb751f3e,ACC8763140509,ATM_WITHDRAWAL,105.09,INR,2026-09-19T05:07:45.410Z,BRANCH,SUCCESS,DINING,Pune,DEV-1d690eae,synthetic-generator,5,275.375,4,0,1,1,False,False,False,False,False,False,0,,False,2026-09-19T05:07:45.410Z
TXN-c2fa8e9a-d4f6-4aed-ac35-1c884b3a3619,ACC3615507143,ATM_WITHDRAWAL,1190.31,INR,2026-09-19T05:07:45.410Z,ATM,REVERSED,DINING,Bengaluru,DEV-5e101f0d,synthetic-generator,5,1016.8924999999999,8,0,1,2,False,False,False,True,False,False,2,LOCATION_JUMP,False,2026-09-19T05:07:45.410Z
TXN-293c9e8d-c904-4c3d-a10f-c371c9df0e22,ACC4095476665,REFUND,439.9,INR,2026-09-19T05:07:45.410Z,UPI,SUCCESS,FUEL,Kolkata,DEV-e1134412,synthetic-generator,5,495.94666666666666,15,3,2,1,False,True,False,False,True,False,3,"TRANSACTION_BURST,NEW_DEVICE",False,2026-09-19T05:07:45.410Z
TXN-114d9751-f2a3-4558-8659-1fee0dc38f12,ACC7825844140,UPI_PAYMENT,1443.53,INR,2026-09-19T05:07:45.410Z,WEB,SUCCESS,UTILITIES,Ahmedabad,DEV-6cfc07d0,synthetic-generator,5,520.06,11,1,1,1,False,True,False,False,False,False,2,TRANSACTION_BURST,False,2026-09-19T05:07:45.410Z
TXN-9af188a3-d1c6-4528-b26d-3209c2f07dfb,ACC1945826486,UPI_PAYMENT,386.83,INR,2026-09-19T05:07:45.410Z,ATM,SUCCESS,FINANCIAL_SERVICES,Delhi,DEV-7c79de1a,synthetic-generator,5,1154.3345,20,0,3,3,False,True,False,True,True,False,5,"TRANSACTION_BURST,LOCATION_JUMP,NEW_DEVICE",True,2026-09-19T05:07:45.410Z
TXN-b8804edf-7b6a-47a6-a100-7fecb8ff7f47,ACC3030106617,ATM_WITHDRAWAL,1899.17,INR,2026-09-19T05:07:45.410Z,BRANCH,SUCCESS,OTHER,Pune,DEV-4c67ed1b,synthetic-generator,5,1945.6331578947368,19,1,2,3,False,True,False,True,True,False,5,"TRANSACTION_BURST,LOCATION_JUMP,NEW_DEVICE",True,2026-09-19T05:07:45.410Z
TXN-fbcdad3b-9542-4786-af6e-9b7a5e0f491c,ACC4466589567,CARD_PAYMENT,1962.66,INR,2026-09-19T05:07:45.410Z,BRANCH,SUCCESS,ENTERTAINMENT,Chennai,DEV-b8a39f4b,synthetic-generator,5,1452.88875,8,1,3,1,False,False,False,False,True,False,1,NEW_DEVICE,False,2026-09-19T05:07:45.410Z
TXN-17f33798-ab0c-4532-b74f-bea77659ba5b,ACC2566942273,CARD_PAYMENT,90.36,INR,2026-09-19T05:07:45.410Z,ATM,SUCCESS,OTHER,Kolkata,DEV-18e6ece8,synthetic-generator,5,250.60399999999998,10,0,1,5,False,True,False,True,False,False,4,"TRANSACTION_BURST,LOCATION_JUMP",False,2026-09-19T05:07:45.410Z
TXN-a53cbc67-c652-4aab-b951-b8898a293849,ACC2812140441,REFUND,455.74,INR,2026-09-19T05:07:45.410Z,BRANCH,SUCCESS,OTHER,Lucknow,DEV-aed50fce,synthetic-generator,5,587.2391176470588,34,5,1,3,False,True,False,True,False,False,4,"TRANSACTION_BURST,LOCATION_JUMP",False,2026-09-19T05:07:45.410Z
TXN-63d30884-8edc-402c-993a-ccc266331c05,ACC1667779376,UPI_PAYMENT,133.8,INR,2026-09-19T05:07:45.410Z,MOBILE,FAILED,ECOMMERCE,Chennai,DEV-e71e095a,synthetic-generator,5,548.3466666666667,15,5,3,1,False,True,True,False,True,False,5,"TRANSACTION_BURST,REPEATED_FAILURES,NEW_DEVICE",True,2026-09-19T05:07:45.410Z
TXN-ea64f4ac-4ff3-40a0-9567-5b27846b854e,ACC9894264595,REFUND,5159.46,INR,2026-09-19T05:07:45.410Z,MOBILE,SUCCESS,EDUCATION,Delhi,DEV-b1e5726c,synthetic-generator,5,1252.0023076923076,13,0,1,1,True,True,False,False,False,False,4,"HIGH_AMOUNT,TRANSACTION_BURST",False,2026-09-19T05:07:45.410Z
TXN-c998d7e0-8072-4b4f-9b06-70ef2abeba32,ACC1945826486,BILL_PAYMENT,1388.12,INR,2026-09-19T05:07:45.410Z,ATM,SUCCESS,TRAVEL,Delhi,DEV-6de9cd15,synthetic-generator,5,1154.3345,20,0,3,3,False,True,False,True,True,False,5,"TRANSACTION_BURST,LOCATION_JUMP,NEW_DEVICE",True,2026-09-19T05:07:45.410Z
TXN-cff59d61-69d4-4f61-abeb-a53a7e55e4c8,ACC9573276057,UPI_PAYMENT,3031.95,INR,2026-09-19T05:07:45.410Z,MOBILE,SUCCESS,EDUCATION,Kolkata,DEV-6130a5b0,synthetic-generator,5,1893.443,10,0,3,1,False,True,False,False,True,False,3,"TRANSACTION_BURST,NEW_DEVICE",False,2026-09-19T05:07:45.410Z
TXN-00a544e6-8342-4811-b79f-b37b5185f0ea,ACC6633778586,DEPOSIT,809.97,INR,2026-09-19T05:07:45.410Z,WEB,SUCCESS,FINANCIAL_SERVICES,Delhi,DEV-e1e0b7a0,synthetic-generator,5,1848.8355555555556,9,0,2,1,False,True,False,False,True,False,3,"TRANSACTION_BURST,NEW_DEVICE",False,2026-09-19T05:07:45.410Z
TXN-23f21bac-23c2-4772-8ccb-8bfbfc2be864,ACC3615507143,ATM_WITHDRAWAL,794.38,INR,2026-09-19T05:07:45.410Z,BRANCH,SUCCESS,FUEL,Bengaluru,DEV-5e101f0d,synthetic-generator,5,1016.8924999999999,8,0,1,2,False,False,False,True,False,False,2,LOCATION_JUMP,False,2026-09-19T05:07:45.410Z
TXN-3cc5f377-df1b-4688-ae24-925510e1712f,ACC9285415473,BILL_PAYMENT,806.55,INR,2026-09-19T05:07:45.410Z,BRANCH,FAILED,FINANCIAL_SERVICES,Hyderabad,DEV-24122226,synthetic-generator,5,2868.202307692308,26,9,2,1,False,True,True,False,True,False,5,"TRANSACTION_BURST,REPEATED_FAILURES,NEW_DEVICE",True,2026-09-19T05:07:45.410Z
TXN-ac376f3f-05a1-4273-b85e-025c11fc0973,ACC4131356954,BILL_PAYMENT,2053.69,INR,2026-09-19T05:07:45.410Z,POS,SUCCESS,OTHER,Bengaluru,DEV-b5ee4ce1,synthetic-generator,5,1310.4152380952382,21,6,3,1,False,True,False,False,True,False,3,"TRANSACTION_BURST,NEW_DEVICE",False,2026-09-19T05:07:45.410Z
TXN-12db8c7d-cfcc-497c-b1a5-dcfb0efd2d72,ACC8293453178,TRANSFER,178.85,INR,2026-09-19T05:07:45.410Z,ATM,FAILED,UTILITIES,Chennai,DEV-38c360f7,synthetic-generator,5,471.825,12,2,1,1,False,True,False,False,False,False,2,TRANSACTION_BURST,False,2026-09-19T05:07:45.410Z
TXN-ebd66be1-e719-4791-8ed5-22103fca3ce5,ACC4095476665,DEPOSIT,643.68,INR,2026-09-19T05:07:45.411Z,UPI,FAILED,OTHER,Kolkata,DEV-e1134412,synthetic-generator,5,495.94666666666666,15,3,2,1,False,True,False,False,True,False,3,"TRANSACTION_BURST,NEW_DEVICE",False,2026-09-19T05:07:45.411Z
TXN-bf838f5f-c7c9-4fd0-9dab-07a9db3f4fb9,ACC2149938334,TRANSFER,572.48,INR,2026-09-19T05:07:45.411Z,MOBILE,SUCCESS,HEALTHCARE,Mumbai,DEV-b05f46f5,synthetic-generator,5,1112.317,20,1,1,1,False,True,False,False,False,False,2,TRANSACTION_BURST,False,2026-09-19T05:07:45.411Z
TXN-e865fb00-8c59-4472-9198-edb67314c4b1,ACC1470939445,UPI_PAYMENT,1089.07,INR,2026-09-19T05:07:45.411Z,WEB,SUCCESS,DINING,Lucknow,DEV-b80db0fd,synthetic-generator,5,630.3511111111111,18,6,3,1,False,True,False,False,True,False,3,"TRANSACTION_BURST,NEW_DEVICE",False,2026-09-19T05:07:45.411Z
TXN-9797f679-8597-4704-9b3b-13cf266a8b7d,ACC7483366056,ATM_WITHDRAWAL,1379.54,INR,2026-09-19T05:07:45.411Z,WEB,SUCCESS,ENTERTAINMENT,Hyderabad,DEV-051404c6,synthetic-generator,5,735.3166666666666,9,1,1,3,False,True,False,True,False,False,4,"TRANSACTION_BURST,LOCATION_JUMP",False,2026-09-19T05:07:45.411Z
TXN-a9a9f778-c372-46eb-8653-3109540268f8,ACC4026113008,ATM_WITHDRAWAL,1056.13,INR,2026-09-19T05:07:45.411Z,ATM,FAILED,ENTERTAINMENT,Ahmedabad,DEV-c444571d,synthetic-generator,5,3347.5088888888886,18,7,3,3,False,True,True,True,True,False,7,"TRANSACTION_BURST,REPEATED_FAILURES,LOCATION_JUMP,NEW_DEVICE",True,2026-09-19T05:07:45.411Z
TXN-e5855563-f195-4f09-9a6d-0934a9c60d4d,ACC9639245200,CARD_PAYMENT,358.77,INR,2026-09-19T05:07:45.411Z,ATM,SUCCESS,UTILITIES,Jaipur,DEV-852ea1b1,synthetic-generator,5,859.4911111111111,18,1,1,1,False,True,False,False,False,False,2,TRANSACTION_BURST,False,2026-09-19T05:07:45.411Z
TXN-cb09d667-0932-4d01-8207-ac60fa881551,ACC3694860228,REFUND,1599.03,INR,2026-09-19T05:07:45.411Z,ATM,SUCCESS,UTILITIES,Hyderabad,DEV-e9a69f44,synthetic-generator,5,997.366857142857,35,3,3,3,False,True,False,True,True,False,5,"TRANSACTION_BURST,LOCATION_JUMP,NEW_DEVICE",True,2026-09-19T05:07:45.411Z
TXN-49180205-e180-4f81-84ef-95fba988f498,ACC5567816720,UPI_PAYMENT,243.83,INR,2026-09-19T05:07:45.411Z,WEB,SUCCESS,GOVERNMENT,Pune,DEV-08a902d9,synthetic-generator,5,365.1275,8,0,2,1,False,False,False,False,True,False,1,NEW_DEVICE,False,2026-09-19T05:07:45.411Z
TXN-4e1d7363-83c3-4634-830b-b5a400bf515b,ACC8235363119,REFUND,390.36,INR,2026-09-19T05:07:45.411Z,ATM,SUCCESS,TRAVEL,Pune,DEV-818eb553,synthetic-generator,5,1597.1244444444446,18,1,1,1,False,True,False,False,False,False,2,TRANSACTION_BURST,False,2026-09-19T05:07:45.411Z
TXN-7f734409-a4c5-40af-9d11-a2c7a62444fc,ACC8235363119,REFUND,167.34,INR,2026-09-19T05:07:45.411Z,POS,SUCCESS,DINING,Pune,DEV-818eb553,synthetic-generator,5,1597.1244444444446,18,1,1,1,False,True,False,False,False,False,2,TRANSACTION_BURST,False,2026-09-19T05:07:45.411Z
TXN-eae301c2-659b-4ae6-a089-eb016cf82ede,ACC3710566582,TRANSFER,73.79,INR,2026-09-19T05:07:45.411Z,POS,SUCCESS,DINING,Pune,DEV-21abe095,synthetic-generator,5,886.235,8,0,2,3,False,False,False,True,True,False,3,"LOCATION_JUMP,NEW_DEVICE",False,2026-09-19T05:07:45.411Z
TXN-bd150dd2-5b5b-4e84-850b-43665e292649,ACC6241752544,TRANSFER,863.93,INR,2026-09-19T05:07:45.411Z,ATM,SUCCESS,GOVERNMENT,Delhi,DEV-7e938ba4,synthetic-generator,5,818.9836363636364,11,0,2,1,False,True,False,False,True,False,3,"TRANSACTION_BURST,NEW_DEVICE",False,2026-09-19T05:07:45.411Z
TXN-b0233dd2-823a-4048-8c38-30767b22c292,ACC6488854841,REFUND,899.96,INR,2026-09-19T05:07:45.411Z,POS,SUCCESS,FINANCIAL_SERVICES,Jaipur,DEV-a9b80334,synthetic-generator,5,1021.0524999999999,12,0,3,1,False,True,False,False,True,False,3,"TRANSACTION_BURST,NEW_DEVICE",False,2026-09-19T05:07:45.411Z
TXN-971bc81b-1af7-4613-8298-43e21c35c26a,ACC2137651678,CARD_PAYMENT,3690.88,INR,2026-09-19T05:07:45.411Z,ATM,SUCCESS,EDUCATION,Jaipur,DEV-5060cefa,synthetic-generator,5,1534.6319047619047,21,1,2,1,False,True,False,False,True,False,3,"TRANSACTION_BURST,NEW_DEVICE",False,2026-09-19T05:07:45.411Z
TXN-11f3b868-db3f-42d1-8fb3-539aa0c96e2a,ACC5710360983,BILL_PAYMENT,1935.27,INR,2026-09-19T05:07:45.411Z,ATM,SUCCESS,GOVERNMENT,Pune,DEV-a21a502a,synthetic-generator,5,1179.485,12,0,1,1,False,True,False,False,False,False,2,TRANSACTION_BURST,False,2026-09-19T05:07:45.411Z
TXN-f74ae22d-f290-42cb-bee1-bb7f5ef086b7,ACC4888749350,ATM_WITHDRAWAL,181.98,INR,2026-09-19T05:07:45.411Z,POS,SUCCESS,TRAVEL,Hyderabad,DEV-d79b40eb,synthetic-generator,5,1120.5018181818182,11,0,1,1,False,True,False,False,False,False,2,TRANSACTION_BURST,False,2026-09-19T05:07:45.411Z
TXN-f339fe91-4753-4a12-99a7-edbee23a58aa,ACC5774080233,TRANSFER,882.81,INR,2026-09-19T05:07:45.411Z,POS,SUCCESS,GROCERY,Chennai,DEV-a9310803,synthetic-generator,5,369.478,15,1,3,3,False,True,False,True,True,False,5,"TRANSACTION_BURST,LOCATION_JUMP,NEW_DEVICE",True,2026-09-19T05:07:45.411Z
TXN-426b4c89-0dc4-4de8-882b-4424ffe77908,ACC1939042955,CARD_PAYMENT,39.66,INR,2026-09-19T05:07:45.411Z,POS,SUCCESS,EDUCATION,Delhi,DEV-85c9008b,synthetic-generator,5,437.26181818181817,22,4,2,1,False,True,False,False,True,False,3,"TRANSACTION_BURST,NEW_DEVICE",False,2026-09-19T05:07:45.411Z
TXN-ee72ebc8-090a-47d1-bc49-c3204cb55320,ACC8664882079,ATM_WITHDRAWAL,873.69,INR,2026-09-19T05:07:45.411Z,ATM,SUCCESS,GROCERY,Ahmedabad,DEV-505e84a3,synthetic-generator,5,939.0833333333334,6,0,3,1,False,False,False,False,True,False,1,NEW_DEVICE,False,2026-09-19T05:07:45.411Z
TXN-a8bfa7ab-aeb9-4ebb-a131-e8606da77528,ACC9573276057,ATM_WITHDRAWAL,626.03,INR,2026-09-19T05:07:45.411Z,UPI,SUCCESS,OTHER,Kolkata,DEV-54a2911e,synthetic-generator,5,1893.443,10,0,3,1,False,True,False,False,True,False,3,"TRANSACTION_BURST,NEW_DEVICE",False,2026-09-19T05:07:45.411Z
TXN-a79dbf65-8cf8-445b-b324-5d741542b0ec,ACC8995970241,TRANSFER,143.53,INR,2026-09-19T05:07:45.411Z,MOBILE,SUCCESS,FINANCIAL_SERVICES,Mumbai,DEV-c976717d,synthetic-generator,5,634.364,10,2,2,1,False,True,False,False,True,False,3,"TRANSACTION_BURST,NEW_DEVICE",False,2026-09-19T05:07:45.411Z
TXN-d44463c6-d2a2-4843-9f54-bea95dd44e28,ACC7635473142,ATM_WITHDRAWAL,226.62,INR,2026-09-19T05:07:45.411Z,UPI,SUCCESS,FUEL,Kolkata,DEV-f334152f,synthetic-generator,5,1023.3171428571429,14,5,2,1,False,True,False,False,True,False,3,"TRANSACTION_BURST,NEW_DEVICE",False,2026-09-19T05:07:45.411Z
TXN-9fff760e-093f-469d-8d1a-5dff172f27d2,ACC9703905715,DEPOSIT,1476.55,INR,2026-09-19T05:07:45.656Z,POS,SUCCESS,TRAVEL,Hyderabad,DEV-6387f5a3,synthetic-generator,5,1864.245263157895,19,1,1,1,False,True,False,False,False,False,2,TRANSACTION_BURST,False,2026-09-19T05:07:45.656Z
TXN-8889b7f7-4d4c-4978-b1d5-8e064f7344de,ACC6924716023,BILL_PAYMENT,391.2,INR,2026-09-19T05:07:45.676Z,ATM,SUCCESS,GOVERNMENT,Delhi,DEV-cda11eca,synthetic-generator,5,1296.8735897435897,39,12,2,2,False,True,False,True,True,False,5,"TRANSACTION_BURST,LOCATION_JUMP,NEW_DEVICE",True,2026-09-19T05:07:45.676Z
TXN-1ab9c31f-016e-4926-a61f-0e0c2ce47eb2,ACC2445662585,DEPOSIT,124.82,INR,2026-09-19T05:07:45.840Z,BRANCH,SUCCESS,TRAVEL,Lucknow,DEV-e344b4ff,synthetic-generator,5,2794.9656521739125,23,2,3,1,False,True,False,False,True,False,3,"TRANSACTION_BURST,NEW_DEVICE",False,2026-09-19T05:07:45.840Z
TXN-8d7e669f-99c9-481e-9b81-5287d3d01ae9,ACC2452066459,ATM_WITHDRAWAL,228.73,INR,2026-09-19T05:07:45.908Z,ATM,SUCCESS,DINING,Pune,DEV-730a7e18,synthetic-generator,5,605.7847222222222,36,10,3,5,False,True,False,True,True,False,5,"TRANSACTION_BURST,LOCATION_JUMP,NEW_DEVICE",True,2026-09-19T05:07:45.908Z
TXN-f345880f-e737-4ded-9d61-ac6c2453216a,ACC2812140441,REFUND,166.28,INR,2026-09-19T05:07:46.884Z,UPI,PENDING,HEALTHCARE,Lucknow,DEV-aed50fce,synthetic-generator,5,587.2391176470588,34,5,1,3,False,True,False,True,False,False,4,"TRANSACTION_BURST,LOCATION_JUMP",False,2026-09-19T05:07:46.884Z
TXN-2a13e329-9ee0-4ce9-bc60-9b48383f42ec,ACC6884882440,UPI_PAYMENT,590.83,INR,2026-09-19T05:07:46.973Z,MOBILE,FAILED,TRAVEL,Mumbai,DEV-0183d84b,synthetic-generator,5,543.7458823529412,34,7,3,1,False,True,True,False,True,False,5,"TRANSACTION_BURST,REPEATED_FAILURES,NEW_DEVICE",True,2026-09-19T05:07:46.973Z
TXN-57126c61-2b53-4fd7-a704-e60a870331a7,ACC6884882440,DEPOSIT,291.38,INR,2026-09-19T05:07:47.346Z,ATM,SUCCESS,ECOMMERCE,Mumbai,DEV-ea1f6ed8,synthetic-generator,5,543.7458823529412,34,7,3,1,False,True,False,False,True,False,3,"TRANSACTION_BURST,NEW_DEVICE",False,2026-09-19T05:07:47.346Z
TXN-d6b448d7-66b1-40cd-b217-f2226cdfc82c,ACC8235363119,ATM_WITHDRAWAL,1329.09,INR,2026-09-19T05:07:47.792Z,WEB,FAILED,UTILITIES,Pune,DEV-818eb553,synthetic-generator,5,1597.1244444444446,18,1,1,1,False,True,False,False,False,False,2,TRANSACTION_BURST,False,2026-09-19T05:07:47.792Z
TXN-4aad0293-2196-4087-b973-c30e342d0eeb,ACC7805745017,BILL_PAYMENT,570.91,INR,2026-09-19T05:07:48.252Z,MOBILE,SUCCESS,UTILITIES,Chennai,DEV-472a88df,synthetic-generator,5,806.7152173913043,23,1,2,1,False,True,False,False,True,False,3,"TRANSACTION_BURST,NEW_DEVICE",False,2026-09-19T05:07:48.252Z
TXN-6ff4c84d-fb70-4f71-9b52-0501c5e1658b,ACC5996775663,DEPOSIT,516.45,INR,2026-09-19T05:07:48.374Z,POS,SUCCESS,GOVERNMENT,Hyderabad,DEV-bd453a08,synthetic-generator,5,3597.0620000000004,20,1,1,1,False,True,False,False,False,False,2,TRANSACTION_BURST,False,2026-09-19T05:07:48.374Z
TXN-a4008797-d4e0-4d10-84b3-a796289c63cc,ACC3479708607,BILL_PAYMENT,507.09,INR,2026-09-19T05:07:49.254Z,WEB,SUCCESS,FUEL,Ahmedabad,DEV-148b692d,synthetic-generator,5,2299.897619047619,21,1,3,1,False,True,False,False,True,False,3,"TRANSACTION_BURST,NEW_DEVICE",False,2026-09-19T05:07:49.254Z
TXN-8502af51-9ae3-408e-ab60-29647184d05e,ACC2445662585,DEPOSIT,157.0,INR,2026-09-19T05:07:49.439Z,UPI,SUCCESS,FUEL,Lucknow,DEV-7a6bd543,synthetic-generator,5,2794.9656521739125,23,2,3,1,False,True,False,False,True,False,3,"TRANSACTION_BURST,NEW_DEVICE",False,2026-09-19T05:07:49.439Z
TXN-7ee5abd4-4cb1-42ba-9eae-6d10b8b154c5,ACC3694860228,CARD_PAYMENT,1849.48,INR,2026-09-19T05:07:49.720Z,ATM,SUCCESS,HEALTHCARE,Hyderabad,DEV-f6ee34d8,synthetic-generator,5,997.366857142857,35,3,3,3,False,True,False,True,True,False,5,"TRANSACTION_BURST,LOCATION_JUMP,NEW_DEVICE",True,2026-09-19T05:07:49.720Z
TXN-94dc5a4e-f2a5-4b06-a68d-c8b20c94d737,ACC3392080953,DEPOSIT,1911.22,INR,2026-09-19T05:07:50.718Z,UPI,SUCCESS,TRAVEL,Ahmedabad,DEV-16de0ab5,synthetic-generator,5,1303.0548387096774,31,7,2,1,False,True,False,False,True,False,3,"TRANSACTION_BURST,NEW_DEVICE",False,2026-09-19T05:07:50.718Z
TXN-61e24df9-f7ff-4941-a0ca-99b4c5d1ef1f,ACC1470939445,UPI_PAYMENT,486.72,INR,2026-09-19T05:07:50.738Z,BRANCH,FAILED,FUEL,Lucknow,DEV-ca5e9548,synthetic-generator,5,630.3511111111111,18,6,3,1,False,True,True,False,True,False,5,"TRANSACTION_BURST,REPEATED_FAILURES,NEW_DEVICE",True,2026-09-19T05:07:50.738Z
TXN-7c2ecad9-c7ca-490e-b485-7ef6c4836870,ACC8047877267,REFUND,994.49,INR,2026-09-19T05:07:50.916Z,POS,SUCCESS,UTILITIES,Jaipur,DEV-c12fe6a2,synthetic-generator,5,1046.5081818181818,22,2,2,3,False,True,False,True,True,False,5,"TRANSACTION_BURST,LOCATION_JUMP,NEW_DEVICE",True,2026-09-19T05:07:50.916Z
TXN-e12239d7-72cc-40d6-954f-52836307ed8d,ACC8110054933,UPI_PAYMENT,1169.07,INR,2026-09-19T05:07:51.345Z,MOBILE,FAILED,ECOMMERCE,Pune,DEV-94816e1c,synthetic-generator,5,1515.8945454545456,11,4,2,1,False,True,True,False,True,False,5,"TRANSACTION_BURST,REPEATED_FAILURES,NEW_DEVICE",True,2026-09-19T05:07:51.345Z
TXN-7c0f6bae-c2e8-4cc1-9be6-69a37347dcc0,ACC4460967357,UPI_PAYMENT,642.48,INR,2026-09-19T05:07:51.511Z,BRANCH,FAILED,GOVERNMENT,Mumbai,DEV-c1b63ec1,synthetic-generator,5,941.7589473684211,19,12,3,1,False,True,True,False,True,False,5,"TRANSACTION_BURST,REPEATED_FAILURES,NEW_DEVICE",True,2026-09-19T05:07:51.511Z
TXN-78386941-5805-4688-8593-4fe1583517b6,ACC9786748825,UPI_PAYMENT,563.37,INR,2026-09-19T05:07:51.590Z,WEB,FAILED,GOVERNMENT,Hyderabad,DEV-e8cd1fd2,synthetic-generator,5,1400.3655555555556,18,5,1,3,False,True,True,True,False,False,6,"TRANSACTION_BURST,REPEATED_FAILURES,LOCATION_JUMP",True,2026-09-19T05:07:51.590Z
TXN-17e446ff-e519-4fcf-bd20-4258cdd08249,ACC1127978094,UPI_PAYMENT,687.64,INR,2026-09-19T05:07:51.667Z,WEB,FAILED,OTHER,Pune,DEV-9aedd924,synthetic-generator,5,374.10181818181815,11,7,1,1,False,True,True,False,False,False,4,"TRANSACTION_BURST,REPEATED_FAILURES",False,2026-09-19T05:07:51.667Z
TXN-40a7602f-1aa2-4e69-833b-a32ec9232f06,ACC9963334018,UPI_PAYMENT,693.91,INR,2026-09-19T05:07:51.781Z,POS,FAILED,OTHER,Delhi,DEV-64631af6,synthetic-generator,5,536.0754545454546,33,6,1,1,False,True,True,False,False,False,4,"TRANSACTION_BURST,REPEATED_FAILURES",False,2026-09-19T05:07:51.781Z
TXN-1abc9e97-8ead-47ab-a714-fb7d2e00a098,ACC9285415473,REFUND,824.13,INR,2026-09-19T05:07:52.130Z,WEB,SUCCESS,GOVERNMENT,Hyderabad,DEV-24122226,synthetic-generator,5,2868.202307692308,26,9,2,1,False,True,False,False,True,False,3,"TRANSACTION_BURST,NEW_DEVICE",False,2026-09-19T05:07:52.130Z
TXN-0a07b1c3-9c28-42ce-bcd8-ee5b6f21ef63,ACC3392080953,UPI_PAYMENT,866.87,INR,2026-09-19T05:07:52.192Z,POS,FAILED,HEALTHCARE,Ahmedabad,DEV-16de0ab5,synthetic-generator,5,1303.0548387096774,31,7,2,1,False,True,True,False,True,False,5,"TRANSACTION_BURST,REPEATED_FAILURES,NEW_DEVICE",True,2026-09-19T05:07:52.192Z
TXN-10101ecf-85ad-4d47-8616-68990a05c83f,ACC9963334018,CARD_PAYMENT,1850.67,INR,2026-09-19T05:07:52.598Z,POS,SUCCESS,ECOMMERCE,Delhi,DEV-64631af6,synthetic-generator,5,536.0754545454546,33,6,1,1,True,True,False,False,False,False,4,"HIGH_AMOUNT,TRANSACTION_BURST",False,2026-09-19T05:07:52.598Z
TXN-8fc973a1-7a3a-42a8-9ec1-0d2b9b446242,ACC6884882440,DEPOSIT,187.47,INR,2026-09-19T05:07:52.686Z,UPI,SUCCESS,GROCERY,Mumbai,DEV-0183d84b,synthetic-generator,5,543.7458823529412,34,7,3,1,False,True,False,False,True,False,3,"TRANSACTION_BURST,NEW_DEVICE",False,2026-09-19T05:07:52.686Z
TXN-8de50c89-8139-4da6-ba47-0106d03afed8,ACC2452066459,UPI_PAYMENT,852.55,INR,2026-09-19T05:07:52.727Z,WEB,FAILED,FINANCIAL_SERVICES,Pune,DEV-8be628a6,synthetic-generator,5,605.7847222222222,36,10,3,5,False,True,True,True,True,False,7,"TRANSACTION_BURST,REPEATED_FAILURES,LOCATION_JUMP,NEW_DEVICE",True,2026-09-19T05:07:52.727Z
TXN-8192bb06-8f89-4354-9044-4ec6222dc194,ACC3392080953,REFUND,3264.78,INR,2026-09-19T05:07:52.935Z,MOBILE,SUCCESS,GOVERNMENT,Ahmedabad,DEV-ca9a8ac4,synthetic-generator,5,1303.0548387096774,31,7,2,1,False,True,False,False,True,False,3,"TRANSACTION_BURST,NEW_DEVICE",False,2026-09-19T05:07:52.935Z
TXN-56bd71fe-fde7-4eb0-88b8-779923213b96,ACC9592390865,UPI_PAYMENT,3525.31,INR,2026-09-19T05:07:53.203Z,WEB,FAILED,DINING,Kolkata,DEV-da5c5bec,synthetic-generator,5,1498.7482608695652,23,6,3,1,False,True,True,False,True,False,5,"TRANSACTION_BURST,REPEATED_FAILURES,NEW_DEVICE",True,2026-09-19T05:07:53.203Z
TXN-f6fe07e5-a4f8-4073-849d-b05f20d39153,ACC2137651678,DEPOSIT,467.85,INR,2026-09-19T05:07:53.247Z,WEB,SUCCESS,GOVERNMENT,Jaipur,DEV-3571438e,synthetic-generator,5,1534.6319047619047,21,1,2,1,False,True,False,False,True,False,3,"TRANSACTION_BURST,NEW_DEVICE",False,2026-09-19T05:07:53.247Z
TXN-2a3264d4-83a7-493b-a77c-b317a96639a6,ACC2625792787,UPI_PAYMENT,2533.27,INR,2026-09-19T05:07:53.249Z,BRANCH,SUCCESS,ECOMMERCE,Jaipur,DEV-ace75fb8,synthetic-generator,5,4126.750769230769,13,0,1,1,False,True,False,False,False,False,2,TRANSACTION_BURST,False,2026-09-19T05:07:53.249Z
TXN-7c1fa7a7-0d85-4bd3-ade7-06f35afb6368,ACC1817804383,UPI_PAYMENT,686.47,INR,2026-09-19T05:07:53.907Z,ATM,SUCCESS,EDUCATION,Jaipur,DEV-3f786cfc,synthetic-generator,5,605.3580000000001,30,5,3,3,False,True,False,True,True,False,5,"TRANSACTION_BURST,LOCATION_JUMP,NEW_DEVICE",True,2026-09-19T05:07:53.907Z
TXN-0991b6e0-da72-4061-a176-575d14e4cfe7,ACC4131356954,UPI_PAYMENT,964.7,INR,2026-09-19T05:07:54.166Z,ATM,FAILED,GOVERNMENT,Bengaluru,DEV-1619970c,synthetic-generator,5,1310.4152380952382,21,6,3,1,False,True,True,False,True,False,5,"TRANSACTION_BURST,REPEATED_FAILURES,NEW_DEVICE",True,2026-09-19T05:07:54.166Z
TXN-15c94eed-0c90-4026-b989-f052474c2730,ACC2948728483,DEPOSIT,1876.32,INR,2026-09-19T05:07:54.752Z,UPI,SUCCESS,HEALTHCARE,Chennai,DEV-6ef89518,synthetic-generator,5,1269.472380952381,42,12,3,3,False,True,False,True,True,False,5,"TRANSACTION_BURST,LOCATION_JUMP,NEW_DEVICE",True,2026-09-19T05:07:54.752Z
TXN-0688e566-b30f-45f8-b040-a0cdbf16a526,ACC2948728483,UPI_PAYMENT,117.08,INR,2026-09-19T05:07:55.354Z,WEB,FAILED,TRAVEL,Chennai,DEV-6ef89518,synthetic-generator,5,1269.472380952381,42,12,3,3,False,True,True,True,True,False,7,"TRANSACTION_BURST,REPEATED_FAILURES,LOCATION_JUMP,NEW_DEVICE",True,2026-09-19T05:07:55.354Z
TXN-aaa08e70-fbe9-46dd-829b-af1c2fbf7204,ACC9592390865,DEPOSIT,1866.54,INR,2026-09-19T05:07:55.681Z,POS,SUCCESS,FUEL,Kolkata,DEV-da5c5bec,synthetic-generator,5,1498.7482608695652,23,6,3,1,False,True,False,False,True,False,3,"TRANSACTION_BURST,NEW_DEVICE",False,2026-09-19T05:07:55.681Z
TXN-484254ff-4d5c-4ecf-a02d-ca205a4b7c77,ACC8429141456,UPI_PAYMENT,1262.66,INR,2026-09-19T05:07:55.761Z,MOBILE,FAILED,HEALTHCARE,Jaipur,DEV-babb5efb,synthetic-generator,5,1572.8690000000001,10,5,2,1,False,True,True,False,True,False,5,"TRANSACTION_BURST,REPEATED_FAILURES,NEW_DEVICE",True,2026-09-19T05:07:55.761Z
TXN-5dafe502-3cdb-4efc-a882-b58918e52838,ACC3030106617,ATM_WITHDRAWAL,1648.77,INR,2026-09-19T05:07:55.927Z,BRANCH,SUCCESS,ECOMMERCE,Pune,DEV-ae10375d,synthetic-generator,5,1945.6331578947368,19,1,2,3,False,True,False,True,True,False,5,"TRANSACTION_BURST,LOCATION_JUMP,NEW_DEVICE",True,2026-09-19T05:07:55.927Z
TXN-b6b053bf-9665-4275-9802-2f9473ff1305,ACC1519709079,CARD_PAYMENT,287.71,INR,2026-09-19T05:07:56.093Z,BRANCH,SUCCESS,EDUCATION,Lucknow,DEV-7b3b6710,synthetic-generator,5,374.24260869565217,23,2,3,1,False,True,False,False,True,False,3,"TRANSACTION_BURST,NEW_DEVICE",False,2026-09-19T05:07:56.093Z
TXN-1dc43642-babb-4ae6-bad1-0e9e6a693378,ACC2452066459,TRANSFER,584.61,INR,2026-09-19T05:07:56.599Z,BRANCH,SUCCESS,UTILITIES,Pune,DEV-3b0615b0,synthetic-generator,5,605.7847222222222,36,10,3,5,False,True,False,True,True,False,5,"TRANSACTION_BURST,LOCATION_JUMP,NEW_DEVICE",True,2026-09-19T05:07:56.599Z
TXN-fc73d563-6455-4e1e-879f-b72f31483878,ACC6924716023,UPI_PAYMENT,1608.33,INR,2026-09-19T05:07:56.771Z,MOBILE,FAILED,EDUCATION,Delhi,DEV-cda11eca,synthetic-generator,5,1296.8735897435897,39,12,2,2,False,True,True,True,True,False,7,"TRANSACTION_BURST,REPEATED_FAILURES,LOCATION_JUMP,NEW_DEVICE",True,2026-09-19T05:07:56.771Z
TXN-54fa31eb-8cbe-4a0c-a0c6-eec8d18e127f,ACC6884882440,BILL_PAYMENT,268.75,INR,2026-09-19T05:07:57.057Z,UPI,SUCCESS,ECOMMERCE,Mumbai,DEV-0183d84b,synthetic-generator,5,543.7458823529412,34,7,3,1,False,True,False,False,True,False,3,"TRANSACTION_BURST,NEW_DEVICE",False,2026-09-19T05:07:57.057Z
TXN-1db1e07b-cca2-4b4c-8954-3e713e851e5c,ACC2149938334,UPI_PAYMENT,1008.49,INR,2026-09-19T05:07:57.232Z,POS,SUCCESS,TRAVEL,Mumbai,DEV-b05f46f5,synthetic-generator,5,1112.317,20,1,1,1,False,True,False,False,False,False,2,TRANSACTION_BURST,False,2026-09-19T05:07:57.232Z
TXN-494ffcf3-3bb9-4aac-939e-cd8a29b90e77,ACC1817804383,UPI_PAYMENT,149.79,INR,2026-09-19T05:07:57.456Z,MOBILE,FAILED,FINANCIAL_SERVICES,Jaipur,DEV-3f786cfc,synthetic-generator,5,605.3580000000001,30,5,3,3,False,True,True,True,True,False,7,"TRANSACTION_BURST,REPEATED_FAILURES,LOCATION_JUMP,NEW_DEVICE",True,2026-09-19T05:07:57.456Z
TXN-a58e901e-3f8c-4d50-ba24-69fb5e56a920,ACC1939042955,REFUND,198.86,INR,2026-09-19T05:07:57.756Z,UPI,SUCCESS,TRAVEL,Delhi,DEV-85c9008b,synthetic-generator,5,437.26181818181817,22,4,2,1,False,True,False,False,True,False,3,"TRANSACTION_BURST,NEW_DEVICE",False,2026-09-19T05:07:57.756Z
TXN-d471ffdd-b563-4be6-b3fc-b6d872750ac0,ACC2452066459,BILL_PAYMENT,192.34,INR,2026-09-19T05:07:57.850Z,POS,SUCCESS,DINING,Pune,DEV-8be628a6,synthetic-generator,5,605.7847222222222,36,10,3,5,False,True,False,True,True,False,5,"TRANSACTION_BURST,LOCATION_JUMP,NEW_DEVICE",True,2026-09-19T05:07:57.850Z
TXN-c194250c-85f5-4d24-b09a-c6db38ef177e,ACC6884882440,UPI_PAYMENT,232.43,INR,2026-09-19T05:07:58.011Z,WEB,FAILED,DINING,Mumbai,DEV-0183d84b,synthetic-generator,5,543.7458823529412,34,7,3,1,False,True,True,False,True,False,5,"TRANSACTION_BURST,REPEATED_FAILURES,NEW_DEVICE",True,2026-09-19T05:07:58.011Z
TXN-cf0def56-77b7-4748-9cca-5b69e05634ee,ACC1470939445,UPI_PAYMENT,191.97,INR,2026-09-19T05:07:58.407Z,POS,FAILED,DINING,Lucknow,DEV-b80db0fd,synthetic-generator,5,630.3511111111111,18,6,3,1,False,True,True,False,True,False,5,"TRANSACTION_BURST,REPEATED_FAILURES,NEW_DEVICE",True,2026-09-19T05:07:58.407Z
TXN-cfa0d935-712c-4169-9362-e383fc13479b,ACC2948728483,UPI_PAYMENT,1015.69,INR,2026-09-19T05:07:58.440Z,UPI,FAILED,ECOMMERCE,Chennai,DEV-9556f5f5,synthetic-generator,5,1269.472380952381,42,12,3,3,False,True,True,True,True,False,7,"TRANSACTION_BURST,REPEATED_FAILURES,LOCATION_JUMP,NEW_DEVICE",True,2026-09-19T05:07:58.440Z
TXN-59f23670-5c21-4b81-be60-658bc037a0e2,ACC3392080953,CARD_PAYMENT,469.21,INR,2026-09-19T05:07:58.741Z,WEB,SUCCESS,EDUCATION,Ahmedabad,DEV-16de0ab5,synthetic-generator,5,1303.0548387096774,31,7,2,1,False,True,False,False,True,False,3,"TRANSACTION_BURST,NEW_DEVICE",False,2026-09-19T05:07:58.741Z
TXN-5cb8f99b-559c-4808-83e8-a5720ae7a16c,ACC8429141456,UPI_PAYMENT,1899.95,INR,2026-09-19T05:07:58.825Z,ATM,FAILED,HEALTHCARE,Jaipur,DEV-babb5efb,synthetic-generator,5,1572.8690000000001,10,5,2,1,False,True,True,False,True,False,5,"TRANSACTION_BURST,REPEATED_FAILURES,NEW_DEVICE",True,2026-09-19T05:07:58.825Z
TXN-fc59301e-a91f-40d4-8cd4-6ac5fcf97de5,ACC4026113008,UPI_PAYMENT,1146.67,INR,2026-09-19T05:07:58.845Z,MOBILE,FAILED,FUEL,Ahmedabad,DEV-c444571d,synthetic-generator,5,3347.5088888888886,18,7,3,3,False,True,True,True,True,False,7,"TRANSACTION_BURST,REPEATED_FAILURES,LOCATION_JUMP,NEW_DEVICE",True,2026-09-19T05:07:58.845Z
TXN-fe7fc469-e775-482d-8e5a-1889be2b0362,ACC9285415473,DEPOSIT,956.51,INR,2026-09-19T05:07:59.105Z,POS,SUCCESS,HEALTHCARE,Hyderabad,DEV-24122226,synthetic-generator,5,2868.202307692308,26,9,2,1,False,True,False,False,True,False,3,"TRANSACTION_BURST,NEW_DEVICE",False,2026-09-19T05:07:59.105Z
TXN-69e77f4a-05a4-498b-80f0-3b4cff7113aa,ACC2452066459,REFUND,634.94,INR,2026-09-19T05:07:59.149Z,POS,PENDING,EDUCATION,Pune,DEV-730a7e18,synthetic-generator,5,605.7847222222222,36,10,3,5,False,True,False,True,True,False,5,"TRANSACTION_BURST,LOCATION_JUMP,NEW_DEVICE",True,2026-09-19T05:07:59.149Z
TXN-027f2b2b-c9c6-4d91-8b2c-caa674cdd4b7,ACC6687206971,UPI_PAYMENT,993.35,INR,2026-09-19T05:07:59.361Z,BRANCH,FAILED,GROCERY,Mumbai,DEV-a607110c,synthetic-generator,5,589.6045833333334,24,9,1,1,False,True,True,False,False,False,4,"TRANSACTION_BURST,REPEATED_FAILURES",False,2026-09-19T05:07:59.361Z
TXN-871d3747-e65f-46e8-a60d-5c0e1f7383ac,ACC4131356954,REFUND,1509.45,INR,2026-09-19T05:07:59.425Z,ATM,SUCCESS,OTHER,Bengaluru,DEV-b5ee4ce1,synthetic-generator,5,1310.4152380952382,21,6,3,1,False,True,False,False,True,False,3,"TRANSACTION_BURST,NEW_DEVICE",False,2026-09-19T05:07:59.425Z
TXN-a1c44008-a5a9-4056-ab76-904e84c4f5d1,ACC1817804383,DEPOSIT,166.8,INR,2026-09-19T05:07:59.505Z,BRANCH,SUCCESS,DINING,Jaipur,DEV-3f786cfc,synthetic-generator,5,605.3580000000001,30,5,3,3,False,True,False,True,True,False,5,"TRANSACTION_BURST,LOCATION_JUMP,NEW_DEVICE",True,2026-09-19T05:07:59.505Z
TXN-6bdcbbe8-c500-4358-a494-91ab6c886d5c,ACC6649827836,ATM_WITHDRAWAL,3752.9,INR,2026-09-19T05:07:59.711Z,WEB,SUCCESS,HEALTHCARE,Chennai,DEV-b8dbc058,synthetic-generator,5,1194.808,20,0,1,3,True,True,False,True,False,False,6,"HIGH_AMOUNT,TRANSACTION_BURST,LOCATION_JUMP",True,2026-09-19T05:07:59.711Z
TXN-9f27c323-dbc5-48c3-b2c7-b6c7a924d709,ACC2812140441,UPI_PAYMENT,594.61,INR,2026-09-19T05:07:59.947Z,POS,FAILED,GROCERY,Lucknow,DEV-aed50fce,synthetic-generator,5,587.2391176470588,34,5,1,3,False,True,True,True,False,False,6,"TRANSACTION_BURST,REPEATED_FAILURES,LOCATION_JUMP",True,2026-09-19T05:07:59.947Z
TXN-47f1c9d9-213f-4308-8ad3-506f2b554d26,ACC3392080953,REFUND,412.25,INR,2026-09-19T05:08:00.038Z,POS,SUCCESS,ECOMMERCE,Ahmedabad,DEV-ca9a8ac4,synthetic-generator,5,1303.0548387096774,31,7,2,1,False,True,False,False,True,False,3,"TRANSACTION_BURST,NEW_DEVICE",False,2026-09-19T05:08:00.038Z
TXN-3bbc9432-b511-4b6f-b971-854617e54911,ACC7635473142,UPI_PAYMENT,153.18,INR,2026-09-19T05:08:00.274Z,ATM,FAILED,DINING,Kolkata,DEV-c2b628ea,synthetic-generator,5,1023.3171428571429,14,5,2,1,False,True,True,False,True,False,5,"TRANSACTION_BURST,REPEATED_FAILURES,NEW_DEVICE",True,2026-09-19T05:08:00.274Z
TXN-725c8d05-7626-4979-a702-59ae500f4b80,ACC4460967357,UPI_PAYMENT,261.03,INR,2026-09-19T05:08:00.341Z,MOBILE,FAILED,TRAVEL,Mumbai,DEV-d3bce23d,synthetic-generator,5,941.7589473684211,19,12,3,1,False,True,True,False,True,False,5,"TRANSACTION_BURST,REPEATED_FAILURES,NEW_DEVICE",True,2026-09-19T05:08:00.341Z
TXN-54916b7f-a3a8-4177-aa33-ea75544eae80,ACC3392080953,UPI_PAYMENT,489.42,INR,2026-09-19T05:08:00.409Z,UPI,FAILED,FUEL,Ahmedabad,DEV-ca9a8ac4,synthetic-generator,5,1303.0548387096774,31,7,2,1,False,True,True,False,True,False,5,"TRANSACTION_BURST,REPEATED_FAILURES,NEW_DEVICE",True,2026-09-19T05:08:00.409Z
TXN-66e8406f-1fd6-4bf1-816b-6dcc94fa7273,ACC9285415473,UPI_PAYMENT,2369.58,INR,2026-09-19T05:08:00.543Z,WEB,FAILED,FINANCIAL_SERVICES,Hyderabad,DEV-285b4bc2,synthetic-generator,5,2868.202307692308,26,9,2,1,False,True,True,False,True,False,5,"TRANSACTION_BURST,REPEATED_FAILURES,NEW_DEVICE",True,2026-09-19T05:08:00.543Z
TXN-c0fadac1-eb95-4f91-bda2-133a6e2ea49c,ACC4460967357,UPI_PAYMENT,321.75,INR,2026-09-19T05:08:00.857Z,WEB,FAILED,UTILITIES,Mumbai,DEV-d3bce23d,synthetic-generator,5,941.7589473684211,19,12,3,1,False,True,True,False,True,False,5,"TRANSACTION_BURST,REPEATED_FAILURES,NEW_DEVICE",True,2026-09-19T05:08:00.857Z
TXN-beb46692-a6d7-4a47-bf5a-e9b02b80a26c,ACC9963334018,TRANSFER,1362.62,INR,2026-09-19T05:08:01.178Z,ATM,SUCCESS,DINING,Delhi,DEV-64631af6,synthetic-generator,5,536.0754545454546,33,6,1,1,False,True,False,False,False,False,2,TRANSACTION_BURST,False,2026-09-19T05:08:01.178Z
TXN-e21edff3-f736-4e04-aafc-33cfad8650b4,ACC2812140441,BILL_PAYMENT,600.76,INR,2026-09-19T05:08:01.302Z,BRANCH,SUCCESS,TRAVEL,Lucknow,DEV-aed50fce,synthetic-generator,5,587.2391176470588,34,5,1,3,False,True,False,True,False,False,4,"TRANSACTION_BURST,LOCATION_JUMP",False,2026-09-19T05:08:01.302Z
TXN-c53e8f03-c9fe-4f21-a49d-ec2bee3170f2,ACC1667779376,UPI_PAYMENT,3241.8,INR,2026-09-19T05:08:01.525Z,UPI,FAILED,FUEL,Chennai,DEV-3f95d8ba,synthetic-generator,5,548.3466666666667,15,5,3,1,True,True,True,False,True,False,7,"HIGH_AMOUNT,TRANSACTION_BURST,REPEATED_FAILURES,NEW_DEVICE",True,2026-09-19T05:08:01.525Z
TXN-ddd6cf2a-0c67-4473-a777-85e0d7f0c1d2,ACC9285415473,UPI_PAYMENT,1323.22,INR,2026-09-19T05:08:02.450Z,MOBILE,FAILED,FUEL,Hyderabad,DEV-24122226,synthetic-generator,5,2868.202307692308,26,9,2,1,False,True,True,False,True,False,5,"TRANSACTION_BURST,REPEATED_FAILURES,NEW_DEVICE",True,2026-09-19T05:08:02.450Z
TXN-dec70436-d6b7-4c92-b432-4de1fb6b6d5d,ACC4460967357,UPI_PAYMENT,312.62,INR,2026-09-19T05:08:02.521Z,MOBILE,FAILED,ECOMMERCE,Mumbai,DEV-77b070dc,synthetic-generator,5,941.7589473684211,19,12,3,1,False,True,True,False,True,False,5,"TRANSACTION_BURST,REPEATED_FAILURES,NEW_DEVICE",True,2026-09-19T05:08:02.521Z
TXN-3f79f98b-1b69-4245-ad34-316f83fdd6ce,ACC6924716023,UPI_PAYMENT,1375.85,INR,2026-09-19T05:08:02.855Z,POS,FAILED,ENTERTAINMENT,Delhi,DEV-cda11eca,synthetic-generator,5,1296.8735897435897,39,12,2,2,False,True,True,True,True,False,7,"TRANSACTION_BURST,REPEATED_FAILURES,LOCATION_JUMP,NEW_DEVICE",True,2026-09-19T05:08:02.855Z
TXN-d83e0d03-eabf-424c-a2eb-c24ffed0977e,ACC1817804383,UPI_PAYMENT,213.28,INR,2026-09-19T05:08:02.921Z,ATM,FAILED,ECOMMERCE,Jaipur,DEV-648b28d5,synthetic-generator,5,605.3580000000001,30,5,3,3,False,True,True,True,True,False,7,"TRANSACTION_BURST,REPEATED_FAILURES,LOCATION_JUMP,NEW_DEVICE",True,2026-09-19T05:08:02.921Z
TXN-b3ddd68e-55e0-47ea-a849-86e3f41006f3,ACC6924716023,UPI_PAYMENT,2325.42,INR,2026-09-19T05:08:02.998Z,UPI,FAILED,ECOMMERCE,Delhi,DEV-9603ec5d,synthetic-generator,5,1296.8735897435897,39,12,2,2,False,True,True,True,True,False,7,"TRANSACTION_BURST,REPEATED_FAILURES,LOCATION_JUMP,NEW_DEVICE",True,2026-09-19T05:08:02.998Z
TXN-ed73a6b2-42c9-4fd7-b0c0-56da9ec51624,ACC2445662585,CARD_PAYMENT,1879.37,INR,2026-09-19T05:08:03.185Z,MOBILE,SUCCESS,GOVERNMENT,Lucknow,DEV-effa6850,synthetic-generator,5,2794.9656521739125,23,2,3,1,False,True,False,False,True,False,3,"TRANSACTION_BURST,NEW_DEVICE",False,2026-09-19T05:08:03.185Z
TXN-9ddc85e1-ee79-4159-80fc-7cc1b573934e,ACC2867302554,UPI_PAYMENT,769.43,INR,2026-09-19T05:08:03.274Z,WEB,FAILED,ENTERTAINMENT,Chennai,DEV-3c987226,synthetic-generator,5,1157.8992857142857,14,5,1,1,False,True,True,False,False,False,4,"TRANSACTION_BURST,REPEATED_FAILURES",False,2026-09-19T05:08:03.274Z
TXN-cf809d56-81db-46ac-87e7-f4fe5dd91b1f,ACC2948728483,ATM_WITHDRAWAL,259.19,INR,2026-09-19T05:08:03.565Z,WEB,FAILED,FUEL,Chennai,DEV-59dbd815,synthetic-generator,5,1269.472380952381,42,12,3,3,False,True,True,True,True,False,7,"TRANSACTION_BURST,REPEATED_FAILURES,LOCATION_JUMP,NEW_DEVICE",True,2026-09-19T05:08:03.565Z
TXN-908739fd-7d7b-4552-baf2-1bf9f2b78264,ACC1939042955,UPI_PAYMENT,1535.18,INR,2026-09-19T05:08:03.753Z,ATM,FAILED,HEALTHCARE,Delhi,DEV-9a48534f,synthetic-generator,5,437.26181818181817,22,4,2,1,True,True,True,False,True,False,7,"HIGH_AMOUNT,TRANSACTION_BURST,REPEATED_FAILURES,NEW_DEVICE",True,2026-09-19T05:08:03.753Z
TXN-d6017267-6a31-466c-8393-b3dc6e88a61a,ACC6687206971,CARD_PAYMENT,1005.16,INR,2026-09-19T05:08:03.831Z,UPI,SUCCESS,GOVERNMENT,Mumbai,DEV-a607110c,synthetic-generator,5,589.6045833333334,24,9,1,1,False,True,False,False,False,False,2,TRANSACTION_BURST,False,2026-09-19T05:08:03.831Z
TXN-1e29845f-e263-4f40-afd6-56703047e398,ACC2445662585,UPI_PAYMENT,752.28,INR,2026-09-19T05:08:03.849Z,ATM,SUCCESS,DINING,Lucknow,DEV-7a6bd543,synthetic-generator,5,2794.9656521739125,23,2,3,1,False,True,False,False,True,False,3,"TRANSACTION_BURST,NEW_DEVICE",False,2026-09-19T05:08:03.849Z
TXN-7d2f6ee0-9de7-4f3b-ae73-d169a6576750,ACC4131356954,ATM_WITHDRAWAL,487.31,INR,2026-09-19T05:08:04.050Z,POS,SUCCESS,OTHER,Bengaluru,DEV-b5ee4ce1,synthetic-generator,5,1310.4152380952382,21,6,3,1,False,True,False,False,True,False,3,"TRANSACTION_BURST,NEW_DEVICE",False,2026-09-19T05:08:04.050Z
TXN-5c4d0902-3a20-4f2d-b9b1-0105a364d294,ACC8110054933,UPI_PAYMENT,1660.94,INR,2026-09-19T05:08:04.170Z,MOBILE,FAILED,ENTERTAINMENT,Pune,DEV-3ded8d40,synthetic-generator,5,1515.8945454545456,11,4,2,1,False,True,True,False,True,False,5,"TRANSACTION_BURST,REPEATED_FAILURES,NEW_DEVICE",True,2026-09-19T05:08:04.170Z
TXN-d34597f8-fb60-4dd5-8286-909a994bc337,ACC2445662585,REFUND,367.26,INR,2026-09-19T05:08:04.219Z,BRANCH,SUCCESS,TRAVEL,Lucknow,DEV-effa6850,synthetic-generator,5,2794.9656521739125,23,2,3,1,False,True,False,False,True,False,3,"TRANSACTION_BURST,NEW_DEVICE",False,2026-09-19T05:08:04.219Z
TXN-b0e21789-38b7-4e29-95a0-308bd23174bd,ACC4026113008,UPI_PAYMENT,948.16,INR,2026-09-19T05:08:04.365Z,UPI,FAILED,GROCERY,Ahmedabad,DEV-c55e46cb,synthetic-generator,5,3347.5088888888886,18,7,3,3,False,True,True,True,True,False,7,"TRANSACTION_BURST,REPEATED_FAILURES,LOCATION_JUMP,NEW_DEVICE",True,2026-09-19T05:08:04.365Z
TXN-9e4bb85f-9f43-4159-a4cc-7e326b134a3c,ACC3694860228,ATM_WITHDRAWAL,781.26,INR,2026-09-19T05:08:04.787Z,UPI,SUCCESS,UTILITIES,Hyderabad,DEV-e9a69f44,synthetic-generator,5,997.366857142857,35,3,3,3,False,True,False,True,True,False,5,"TRANSACTION_BURST,LOCATION_JUMP,NEW_DEVICE",True,2026-09-19T05:08:04.787Z
TXN-0954b9d8-8d29-4559-a2b3-22ab1540835d,ACC6924716023,TRANSFER,320.74,INR,2026-09-19T05:08:05.221Z,MOBILE,SUCCESS,EDUCATION,Delhi,DEV-cda11eca,synthetic-generator,5,1296.8735897435897,39,12,2,2,False,True,False,True,True,False,5,"TRANSACTION_BURST,LOCATION_JUMP,NEW_DEVICE",True,2026-09-19T05:08:05.221Z
TXN-f02e1eeb-bad4-47e7-be87-1aec52a7c6e1,ACC2149938334,DEPOSIT,464.18,INR,2026-09-19T05:08:05.360Z,POS,PENDING,FUEL,Mumbai,DEV-b05f46f5,synthetic-generator,5,1112.317,20,1,1,1,False,True,False,False,False,False,2,TRANSACTION_BURST,False,2026-09-19T05:08:05.360Z
TXN-f94bc699-94d8-4a62-8840-d36f6b7901af,ACC2445662585,CARD_PAYMENT,595.49,INR,2026-09-19T05:08:05.440Z,BRANCH,SUCCESS,GROCERY,Lucknow,DEV-e344b4ff,synthetic-generator,5,2794.9656521739125,23,2,3,1,False,True,False,False,True,False,3,"TRANSACTION_BURST,NEW_DEVICE",False,2026-09-19T05:08:05.440Z
TXN-7508339a-f9fa-4e06-93bc-6c0259804ae2,ACC3479708607,REFUND,980.72,INR,2026-09-19T05:08:06.026Z,MOBILE,SUCCESS,UTILITIES,Ahmedabad,DEV-316a8ea5,synthetic-generator,5,2299.897619047619,21,1,3,1,False,True,False,False,True,False,3,"TRANSACTION_BURST,NEW_DEVICE",False,2026-09-19T05:08:06.026Z
TXN-d6c886d2-ef3f-47c2-8058-7915e343bc05,ACC7010379415,TRANSFER,241.15,INR,2026-09-19T05:08:06.255Z,UPI,SUCCESS,FINANCIAL_SERVICES,Mumbai,DEV-cfa5a47d,synthetic-generator,5,304.8645,20,1,1,1,False,True,False,False,False,False,2,TRANSACTION_BURST,False,2026-09-19T05:08:06.255Z
TXN-a85c429d-07a0-43f0-ab75-4b65e895213f,ACC8235363119,DEPOSIT,509.76,INR,2026-09-19T05:08:06.305Z,BRANCH,SUCCESS,UTILITIES,Pune,DEV-818eb553,synthetic-generator,5,1597.1244444444446,18,1,1,1,False,True,False,False,False,False,2,TRANSACTION_BURST,False,2026-09-19T05:08:06.305Z
TXN-f5aee7f4-f70a-4bb6-a2dd-e14f45c9bd71,ACC9639245200,DEPOSIT,253.28,INR,2026-09-19T05:08:06.848Z,ATM,SUCCESS,FINANCIAL_SERVICES,Jaipur,DEV-852ea1b1,synthetic-generator,5,859.4911111111111,18,1,1,1,False,True,False,False,False,False,2,TRANSACTION_BURST,False,2026-09-19T05:08:06.848Z
TXN-759c46eb-95db-4a29-872e-9887327f02d2,ACC6649827836,BILL_PAYMENT,2399.8,INR,2026-09-19T05:08:06.920Z,UPI,SUCCESS,GOVERNMENT,Chennai,DEV-b8dbc058,synthetic-generator,5,1194.808,20,0,1,3,False,True,False,True,False,False,4,"TRANSACTION_BURST,LOCATION_JUMP",False,2026-09-19T05:08:06.920Z
TXN-26dc095a-e7ac-404a-a676-e24cc535408e,ACC3694860228,CARD_PAYMENT,4591.4,INR,2026-09-19T05:08:06.920Z,UPI,SUCCESS,FUEL,Hyderabad,DEV-a7884c93,synthetic-generator,5,997.366857142857,35,3,3,3,True,True,False,True,True,False,7,"HIGH_AMOUNT,TRANSACTION_BURST,LOCATION_JUMP,NEW_DEVICE",True,2026-09-19T05:08:06.920Z
TXN-d57d1508-0ff9-49ec-8890-3592d87eb173,ACC2812140441,ATM_WITHDRAWAL,297.93,INR,2026-09-19T05:08:07.152Z,UPI,SUCCESS,OTHER,Lucknow,DEV-aed50fce,synthetic-generator,5,587.2391176470588,34,5,1,3,False,True,False,True,False,False,4,"TRANSACTION_BURST,LOCATION_JUMP",False,2026-09-19T05:08:07.152Z
TXN-5fa4492b-5e87-49fd-88fb-f4228130e2d3,ACC9963334018,BILL_PAYMENT,277.8,INR,2026-09-19T05:08:07.432Z,MOBILE,SUCCESS,ECOMMERCE,Delhi,DEV-64631af6,synthetic-generator,5,536.0754545454546,33,6,1,1,False,True,False,False,False,False,2,TRANSACTION_BURST,False,2026-09-19T05:08:07.432Z
TXN-c6b17611-287e-4932-97fa-241d6b20a4b0,ACC2137651678,BILL_PAYMENT,2560.27,INR,2026-09-19T05:08:07.452Z,UPI,SUCCESS,GOVERNMENT,Jaipur,DEV-5060cefa,synthetic-generator,5,1534.6319047619047,21,1,2,1,False,True,False,False,True,False,3,"TRANSACTION_BURST,NEW_DEVICE",False,2026-09-19T05:08:07.452Z
TXN-7fa2210b-6d5a-4ea3-b8f9-bc5ba6b44c50,ACC6884882440,DEPOSIT,307.05,INR,2026-09-19T05:08:07.485Z,MOBILE,SUCCESS,GOVERNMENT,Mumbai,DEV-d32dd4f1,synthetic-generator,5,543.7458823529412,34,7,3,1,False,True,False,False,True,False,3,"TRANSACTION_BURST,NEW_DEVICE",False,2026-09-19T05:08:07.485Z
TXN-88bef2ae-97f3-413f-aca5-5aaa891f40cb,ACC2948728483,UPI_PAYMENT,273.17,INR,2026-09-19T05:08:07.546Z,POS,FAILED,ENTERTAINMENT,Chennai,DEV-6ef89518,synthetic-generator,5,1269.472380952381,42,12,3,3,False,True,True,True,True,False,7,"TRANSACTION_BURST,REPEATED_FAILURES,LOCATION_JUMP,NEW_DEVICE",True,2026-09-19T05:08:07.546Z
TXN-29ac3c84-2836-46bd-8485-264286c5ed30,ACC6687206971,ATM_WITHDRAWAL,420.77,INR,2026-09-19T05:08:07.586Z,ATM,SUCCESS,TRAVEL,Mumbai,DEV-a607110c,synthetic-generator,5,589.6045833333334,24,9,1,1,False,True,False,False,False,False,2,TRANSACTION_BURST,False,2026-09-19T05:08:07.586Z
TXN-aaf07690-57cd-42ba-8cd2-d7c8baf4eea9,ACC3392080953,TRANSFER,221.13,INR,2026-09-19T05:08:07.715Z,POS,SUCCESS,OTHER,Ahmedabad,DEV-ca9a8ac4,synthetic-generator,5,1303.0548387096774,31,7,2,1,False,True,False,False,True,False,3,"TRANSACTION_BURST,NEW_DEVICE",False,2026-09-19T05:08:07.715Z
TXN-090cfe71-4451-4fc0-9345-3e108fe6204e,ACC3392080953,BILL_PAYMENT,970.66,INR,2026-09-19T05:08:07.876Z,BRANCH,SUCCESS,DINING,Ahmedabad,DEV-ca9a8ac4,synthetic-generator,5,1303.0548387096774,31,7,2,1,False,True,False,False,True,False,3,"TRANSACTION_BURST,NEW_DEVICE",False,2026-09-19T05:08:07.876Z
TXN-8cd678e5-c618-4da2-9120-e89f30cd3643,ACC9963334018,REFUND,318.43,INR,2026-09-19T05:08:08.048Z,WEB,SUCCESS,EDUCATION,Delhi,DEV-64631af6,synthetic-generator,5,536.0754545454546,33,6,1,1,False,True,False,False,False,False,2,TRANSACTION_BURST,False,2026-09-19T05:08:08.048Z
TXN-ea302506-4997-44fd-9146-932d47477a32,ACC9639245200,BILL_PAYMENT,171.22,INR,2026-09-19T05:08:08.084Z,POS,SUCCESS,GOVERNMENT,Jaipur,DEV-852ea1b1,synthetic-generator,5,859.4911111111111,18,1,1,1,False,True,False,False,False,False,2,TRANSACTION_BURST,False,2026-09-19T05:08:08.084Z
TXN-bda75e60-e8d1-4e01-b1fd-5ebb85f70f41,ACC9963334018,TRANSFER,307.73,INR,2026-09-19T05:08:08.156Z,ATM,SUCCESS,GROCERY,Delhi,DEV-64631af6,synthetic-generator,5,536.0754545454546,33,6,1,1,False,True,False,False,False,False,2,TRANSACTION_BURST,False,2026-09-19T05:08:08.156Z
TXN-18267d97-f3ce-4dd2-88cb-e49aec2d0865,ACC4131356954,ATM_WITHDRAWAL,785.47,INR,2026-09-19T05:08:08.229Z,WEB,SUCCESS,FUEL,Bengaluru,DEV-1619970c,synthetic-generator,5,1310.4152380952382,21,6,3,1,False,True,False,False,True,False,3,"TRANSACTION_BURST,NEW_DEVICE",False,2026-09-19T05:08:08.229Z
TXN-bd94029b-6a44-4628-b76e-bdd6cb57e490,ACC2445662585,REFUND,545.63,INR,2026-09-19T05:08:08.231Z,BRANCH,SUCCESS,FUEL,Lucknow,DEV-effa6850,synthetic-generator,5,2794.9656521739125,23,2,3,1,False,True,False,False,True,False,3,"TRANSACTION_BURST,NEW_DEVICE",False,2026-09-19T05:08:08.231Z
TXN-e242ed98-bf49-45c1-a38a-97d100982473,ACC2812140441,UPI_PAYMENT,270.92,INR,2026-09-19T05:08:08.301Z,POS,FAILED,ENTERTAINMENT,Lucknow,DEV-aed50fce,synthetic-generator,5,587.2391176470588,34,5,1,3,False,True,True,True,False,False,6,"TRANSACTION_BURST,REPEATED_FAILURES,LOCATION_JUMP",True,2026-09-19T05:08:08.301Z
TXN-418efaa2-952d-4443-a9bc-a4c85ba37d47,ACC6687206971,UPI_PAYMENT,1273.68,INR,2026-09-19T05:08:08.326Z,POS,FAILED,HEALTHCARE,Mumbai,DEV-a607110c,synthetic-generator,5,589.6045833333334,24,9,1,1,False,True,True,False,False,False,4,"TRANSACTION_BURST,REPEATED_FAILURES",False,2026-09-19T05:08:08.326Z
TXN-3a7980aa-464a-4f8c-b2ed-169680dbe6a8,ACC2625792787,REFUND,3905.91,INR,2026-09-19T05:08:08.388Z,POS,SUCCESS,HEALTHCARE,Jaipur,DEV-ace75fb8,synthetic-generator,5,4126.750769230769,13,0,1,1,False,True,False,False,False,False,2,TRANSACTION_BURST,False,2026-09-19T05:08:08.388Z
TXN-a4fa303f-bc5d-4d15-990f-17b903640992,ACC2625792787,BILL_PAYMENT,1118.92,INR,2026-09-19T05:08:08.428Z,POS,SUCCESS,GROCERY,Jaipur,DEV-ace75fb8,synthetic-generator,5,4126.750769230769,13,0,1,1,False,True,False,False,False,False,2,TRANSACTION_BURST,False,2026-09-19T05:08:08.428Z
TXN-78ae7673-46f1-4ced-8629-9d31334e7712,ACC6884882440,DEPOSIT,287.31,INR,2026-09-19T05:08:08.431Z,MOBILE,SUCCESS,HEALTHCARE,Mumbai,DEV-ea1f6ed8,synthetic-generator,5,543.7458823529412,34,7,3,1,False,True,False,False,True,False,3,"TRANSACTION_BURST,NEW_DEVICE",False,2026-09-19T05:08:08.431Z
TXN-a495be45-87df-4ff4-b604-31ecd082f7c5,ACC9592390865,UPI_PAYMENT,1688.71,INR,2026-09-19T05:08:08.630Z,POS,FAILED,TRAVEL,Kolkata,DEV-18be6101,synthetic-generator,5,1498.7482608695652,23,6,3,1,False,True,True,False,True,False,5,"TRANSACTION_BURST,REPEATED_FAILURES,NEW_DEVICE",True,2026-09-19T05:08:08.630Z
TXN-70190a38-7ba1-4f86-b73d-f3b11129800e,ACC1127978094,UPI_PAYMENT,204.99,INR,2026-09-19T05:08:08.697Z,MOBILE,FAILED,GROCERY,Pune,DEV-9aedd924,synthetic-generator,5,374.10181818181815,11,7,1,1,False,True,True,False,False,False,4,"TRANSACTION_BURST,REPEATED_FAILURES",False,2026-09-19T05:08:08.697Z
TXN-0fa0baa4-bd41-48eb-90e1-57a60c5cf072,ACC9592390865,UPI_PAYMENT,372.66,INR,2026-09-19T05:08:08.927Z,WEB,FAILED,GROCERY,Kolkata,DEV-18be6101,synthetic-generator,5,1498.7482608695652,23,6,3,1,False,True,True,False,True,False,5,"TRANSACTION_BURST,REPEATED_FAILURES,NEW_DEVICE",True,2026-09-19T05:08:08.927Z
TXN-f37f4d96-7a94-46d6-bf18-c7011cf27ba2,ACC3030106617,ATM_WITHDRAWAL,800.68,INR,2026-09-19T05:08:09.176Z,ATM,SUCCESS,FUEL,Pune,DEV-ae10375d,synthetic-generator,5,1945.6331578947368,19,1,2,3,False,True,False,True,True,False,5,"TRANSACTION_BURST,LOCATION_JUMP,NEW_DEVICE",True,2026-09-19T05:08:09.176Z
TXN-a1544095-649b-4347-b8f5-32ffd891101e,ACC4131356954,UPI_PAYMENT,674.75,INR,2026-09-19T05:08:09.334Z,BRANCH,FAILED,GOVERNMENT,Bengaluru,DEV-b5ee4ce1,synthetic-generator,5,1310.4152380952382,21,6,3,1,False,True,True,False,True,False,5,"TRANSACTION_BURST,REPEATED_FAILURES,NEW_DEVICE",True,2026-09-19T05:08:09.334Z
TXN-22bfd9cc-19fb-44c8-a650-5ade7f87c753,ACC6687206971,TRANSFER,460.02,INR,2026-09-19T05:08:09.361Z,MOBILE,SUCCESS,TRAVEL,Mumbai,DEV-a607110c,synthetic-generator,5,589.6045833333334,24,9,1,1,False,True,False,False,False,False,2,TRANSACTION_BURST,False,2026-09-19T05:08:09.361Z
TXN-e1ef9e51-0274-4b58-936a-e7ca82c325e9,ACC6884882440,ATM_WITHDRAWAL,360.17,INR,2026-09-19T05:08:09.652Z,UPI,SUCCESS,EDUCATION,Mumbai,DEV-0183d84b,synthetic-generator,5,543.7458823529412,34,7,3,1,False,True,False,False,True,False,3,"TRANSACTION_BURST,NEW_DEVICE",False,2026-09-19T05:08:09.652Z
TXN-0638c54a-9eb2-45a8-b7b2-4e9ed83b4688,ACC6687206971,UPI_PAYMENT,301.02,INR,2026-09-19T05:08:09.811Z,BRANCH,FAILED,GOVERNMENT,Mumbai,DEV-a607110c,synthetic-generator,5,589.6045833333334,24,9,1,1,False,True,True,False,False,False,4,"TRANSACTION_BURST,REPEATED_FAILURES",False,2026-09-19T05:08:09.811Z
TXN-d063ee82-2472-4473-b7f9-cf4cae2ea0b4,ACC7635473142,UPI_PAYMENT,1331.64,INR,2026-09-19T05:08:10.258Z,WEB,FAILED,TRAVEL,Kolkata,DEV-f334152f,synthetic-generator,5,1023.3171428571429,14,5,2,1,False,True,True,False,True,False,5,"TRANSACTION_BURST,REPEATED_FAILURES,NEW_DEVICE",True,2026-09-19T05:08:10.258Z
TXN-8b31ed8a-b873-4f2d-a0b1-a93381334110,ACC2812140441,UPI_PAYMENT,509.74,INR,2026-09-19T05:08:10.270Z,POS,SUCCESS,EDUCATION,Lucknow,DEV-aed50fce,synthetic-generator,5,587.2391176470588,34,5,1,3,False,True,False,True,False,False,4,"TRANSACTION_BURST,LOCATION_JUMP",False,2026-09-19T05:08:10.270Z
TXN-638ef66d-a668-4bfb-9f74-9da294c15a35,ACC1817804383,UPI_PAYMENT,136.32,INR,2026-09-19T05:08:11.132Z,BRANCH,FAILED,ECOMMERCE,Jaipur,DEV-887d5b21,synthetic-generator,5,605.3580000000001,30,5,3,3,False,True,True,True,True,False,7,"TRANSACTION_BURST,REPEATED_FAILURES,LOCATION_JUMP,NEW_DEVICE",True,2026-09-19T05:08:11.132Z
TXN-793d179b-a30f-449a-be1d-5a426c641a2e,ACC1939042955,CARD_PAYMENT,37.63,INR,2026-09-19T05:08:11.231Z,MOBILE,SUCCESS,GROCERY,Delhi,DEV-85c9008b,synthetic-generator,5,437.26181818181817,22,4,2,1,False,True,False,False,True,False,3,"TRANSACTION_BURST,NEW_DEVICE",False,2026-09-19T05:08:11.231Z
TXN-9d36ce73-40c8-4fc8-bbb1-3565261ce969,ACC9963334018,BILL_PAYMENT,74.0,INR,2026-09-19T05:08:11.819Z,ATM,SUCCESS,GROCERY,Delhi,DEV-64631af6,synthetic-generator,5,536.0754545454546,33,6,1,1,False,True,False,False,False,False,2,TRANSACTION_BURST,False,2026-09-19T05:08:11.819Z
TXN-767d10a7-1d43-477e-bc19-61f0f6957982,ACC2452066459,UPI_PAYMENT,1984.92,INR,2026-09-19T05:08:11.910Z,WEB,FAILED,EDUCATION,Pune,DEV-8be628a6,synthetic-generator,5,605.7847222222222,36,10,3,5,True,True,True,True,True,False,9,"HIGH_AMOUNT,TRANSACTION_BURST,REPEATED_FAILURES,LOCATION_JUMP,NEW_DEVICE",True,2026-09-19T05:08:11.910Z
TXN-00cffc91-167b-451f-9f04-5e32d08ed747,ACC1945826486,CARD_PAYMENT,808.58,INR,2026-09-19T05:08:11.924Z,BRANCH,SUCCESS,OTHER,Delhi,DEV-d51b1938,synthetic-generator,5,1154.3345,20,0,3,3,False,True,False,True,True,False,5,"TRANSACTION_BURST,LOCATION_JUMP,NEW_DEVICE",True,2026-09-19T05:08:11.924Z
TXN-8cface36-1f97-4d2b-bbdb-eae69001ad4d,ACC1519709079,TRANSFER,670.56,INR,2026-09-19T05:08:12.344Z,POS,FAILED,ECOMMERCE,Lucknow,DEV-7b3b6710,synthetic-generator,5,374.24260869565217,23,2,3,1,False,True,False,False,True,False,3,"TRANSACTION_BURST,NEW_DEVICE",False,2026-09-19T05:08:12.344Z
TXN-6f0c18ae-fb25-4151-8820-620aa18a3f0a,ACC2948728483,ATM_WITHDRAWAL,185.73,INR,2026-09-19T05:08:12.609Z,WEB,SUCCESS,GOVERNMENT,Chennai,DEV-9556f5f5,synthetic-generator,5,1269.472380952381,42,12,3,3,False,True,False,True,True,False,5,"TRANSACTION_BURST,LOCATION_JUMP,NEW_DEVICE",True,2026-09-19T05:08:12.609Z
TXN-89333ce7-269c-4f52-a965-df3700202893,ACC2812140441,TRANSFER,555.08,INR,2026-09-19T05:08:13.028Z,POS,SUCCESS,EDUCATION,Lucknow,DEV-aed50fce,synthetic-generator,5,587.2391176470588,34,5,1,3,False,True,False,True,False,False,4,"TRANSACTION_BURST,LOCATION_JUMP",False,2026-09-19T05:08:13.028Z
TXN-857d42ac-7647-462b-a3db-36cdc5168e4e,ACC6649827836,UPI_PAYMENT,2223.74,INR,2026-09-19T05:08:13.103Z,MOBILE,SUCCESS,TRAVEL,Chennai,DEV-b8dbc058,synthetic-generator,5,1194.808,20,0,1,3,False,True,False,True,False,False,4,"TRANSACTION_BURST,LOCATION_JUMP",False,2026-09-19T05:08:13.103Z
TXN-b87f2029-d11a-4b12-8bfc-832c6e34d41c,ACC9285415473,UPI_PAYMENT,2417.94,INR,2026-09-19T05:08:13.236Z,WEB,FAILED,EDUCATION,Hyderabad,DEV-285b4bc2,synthetic-generator,5,2868.202307692308,26,9,2,1,False,True,True,False,True,False,5,"TRANSACTION_BURST,REPEATED_FAILURES,NEW_DEVICE",True,2026-09-19T05:08:13.236Z
TXN-e689ddca-3064-4e9a-b5bc-6c067d0c1161,ACC9963334018,UPI_PAYMENT,431.62,INR,2026-09-19T05:08:13.260Z,MOBILE,FAILED,HEALTHCARE,Delhi,DEV-64631af6,synthetic-generator,5,536.0754545454546,33,6,1,1,False,True,True,False,False,False,4,"TRANSACTION_BURST,REPEATED_FAILURES",False,2026-09-19T05:08:13.260Z
TXN-5f58d877-6b96-4853-ad24-ad27d6ff05ec,ACC9963334018,DEPOSIT,347.01,INR,2026-09-19T05:08:13.320Z,POS,SUCCESS,ECOMMERCE,Delhi,DEV-64631af6,synthetic-generator,5,536.0754545454546,33,6,1,1,False,True,False,False,False,False,2,TRANSACTION_BURST,False,2026-09-19T05:08:13.320Z
TXN-cb114b15-bf30-4206-9d10-41080c66adde,ACC3392080953,UPI_PAYMENT,968.7,INR,2026-09-19T05:08:13.339Z,POS,SUCCESS,ENTERTAINMENT,Ahmedabad,DEV-16de0ab5,synthetic-generator,5,1303.0548387096774,31,7,2,1,False,True,False,False,True,False,3,"TRANSACTION_BURST,NEW_DEVICE",False,2026-09-19T05:08:13.339Z
TXN-cce578c5-651c-4085-bc5d-7a6fb7d6bb42,ACC9786748825,UPI_PAYMENT,321.55,INR,2026-09-19T05:08:13.496Z,UPI,FAILED,GOVERNMENT,Hyderabad,DEV-e8cd1fd2,synthetic-generator,5,1400.3655555555556,18,5,1,3,False,True,True,True,False,False,6,"TRANSACTION_BURST,REPEATED_FAILURES,LOCATION_JUMP",True,2026-09-19T05:08:13.496Z
TXN-634da4dc-ba3a-42ff-b597-e1f042a50905,ACC1945826486,UPI_PAYMENT,1077.59,INR,2026-09-19T05:08:13.520Z,ATM,SUCCESS,ECOMMERCE,Delhi,DEV-7c79de1a,synthetic-generator,5,1154.3345,20,0,3,3,False,True,False,True,True,False,5,"TRANSACTION_BURST,LOCATION_JUMP,NEW_DEVICE",True,2026-09-19T05:08:13.520Z
TXN-c399f826-ca79-4ad8-96a2-34869b145228,ACC8047877267,BILL_PAYMENT,297.06,INR,2026-09-19T05:08:13.570Z,UPI,REVERSED,FUEL,Jaipur,DEV-6864daf6,synthetic-generator,5,1046.5081818181818,22,2,2,3,False,True,False,True,True,False,5,"TRANSACTION_BURST,LOCATION_JUMP,NEW_DEVICE",True,2026-09-19T05:08:13.570Z
TXN-fe409c2a-553f-49cf-b601-fb2c9a73cf4e,ACC4026113008,UPI_PAYMENT,447.73,INR,2026-09-19T05:08:13.935Z,WEB,FAILED,FINANCIAL_SERVICES,Ahmedabad,DEV-3c647c55,synthetic-generator,5,3347.5088888888886,18,7,3,3,False,True,True,True,True,False,7,"TRANSACTION_BURST,REPEATED_FAILURES,LOCATION_JUMP,NEW_DEVICE",True,2026-09-19T05:08:13.935Z
TXN-68a1f9e4-fa7b-4641-b377-322cbaefa535,ACC9963334018,BILL_PAYMENT,253.44,INR,2026-09-19T05:08:13.975Z,ATM,SUCCESS,UTILITIES,Delhi,DEV-64631af6,synthetic-generator,5,536.0754545454546,33,6,1,1,False,True,False,False,False,False,2,TRANSACTION_BURST,False,2026-09-19T05:08:13.975Z
TXN-5eae88fe-cbf9-41f9-abd5-cfb769adb882,ACC2445662585,TRANSFER,425.83,INR,2026-09-19T05:08:14.092Z,WEB,SUCCESS,OTHER,Lucknow,DEV-7a6bd543,synthetic-generator,5,2794.9656521739125,23,2,3,1,False,True,False,False,True,False,3,"TRANSACTION_BURST,NEW_DEVICE",False,2026-09-19T05:08:14.092Z
TXN-d33d14a3-37d2-4339-bce7-352302659af2,ACC3392080953,BILL_PAYMENT,1993.69,INR,2026-09-19T05:08:14.333Z,UPI,SUCCESS,HEALTHCARE,Ahmedabad,DEV-ca9a8ac4,synthetic-generator,5,1303.0548387096774,31,7,2,1,False,True,False,False,True,False,3,"TRANSACTION_BURST,NEW_DEVICE",False,2026-09-19T05:08:14.333Z
TXN-e30f4027-aa60-44b2-bfb3-9a99f565da10,ACC2137651678,TRANSFER,1943.7,INR,2026-09-19T05:08:14.814Z,WEB,SUCCESS,TRAVEL,Jaipur,DEV-3571438e,synthetic-generator,5,1534.6319047619047,21,1,2,1,False,True,False,False,True,False,3,"TRANSACTION_BURST,NEW_DEVICE",False,2026-09-19T05:08:14.814Z
TXN-b2857a60-e555-4082-af45-ffc22b80fcea,ACC3030106617,UPI_PAYMENT,187.55,INR,2026-09-19T05:08:15.143Z,WEB,SUCCESS,UTILITIES,Pune,DEV-ae10375d,synthetic-generator,5,1945.6331578947368,19,1,2,3,False,True,False,True,True,False,5,"TRANSACTION_BURST,LOCATION_JUMP,NEW_DEVICE",True,2026-09-19T05:08:15.143Z
TXN-1306adbb-aa37-4184-aadb-34364d067a61,ACC2445662585,ATM_WITHDRAWAL,2403.0,INR,2026-09-19T05:08:15.144Z,BRANCH,FAILED,UTILITIES,Lucknow,DEV-e344b4ff,synthetic-generator,5,2794.9656521739125,23,2,3,1,False,True,False,False,True,False,3,"TRANSACTION_BURST,NEW_DEVICE",False,2026-09-19T05:08:15.144Z
TXN-59433ce9-27a2-438d-b0b7-7f14a4cce5e7,ACC2452066459,UPI_PAYMENT,510.32,INR,2026-09-19T05:08:15.244Z,UPI,FAILED,OTHER,Pune,DEV-8be628a6,synthetic-generator,5,605.7847222222222,36,10,3,5,False,True,True,True,True,False,7,"TRANSACTION_BURST,REPEATED_FAILURES,LOCATION_JUMP,NEW_DEVICE",True,2026-09-19T05:08:15.244Z
TXN-140a51c4-4a8b-4708-8375-5099d785c026,ACC9592390865,BILL_PAYMENT,540.42,INR,2026-09-19T05:08:15.257Z,MOBILE,SUCCESS,ENTERTAINMENT,Kolkata,DEV-3f530bed,synthetic-generator,5,1498.7482608695652,23,6,3,1,False,True,False,False,True,False,3,"TRANSACTION_BURST,NEW_DEVICE",False,2026-09-19T05:08:15.257Z
TXN-99123c10-32b1-48a9-98c5-69b8e4073647,ACC3392080953,BILL_PAYMENT,2458.04,INR,2026-09-19T05:08:15.390Z,POS,SUCCESS,GOVERNMENT,Ahmedabad,DEV-ca9a8ac4,synthetic-generator,5,1303.0548387096774,31,7,2,1,False,True,False,False,True,False,3,"TRANSACTION_BURST,NEW_DEVICE",False,2026-09-19T05:08:15.390Z
TXN-c0532d2f-3af7-40bf-a6ab-7022ebbd7495,ACC3392080953,UPI_PAYMENT,3229.32,INR,2026-09-19T05:08:15.475Z,UPI,FAILED,FINANCIAL_SERVICES,Ahmedabad,DEV-ca9a8ac4,synthetic-generator,5,1303.0548387096774,31,7,2,1,False,True,True,False,True,False,5,"TRANSACTION_BURST,REPEATED_FAILURES,NEW_DEVICE",True,2026-09-19T05:08:15.475Z
TXN-8b81389b-dcaf-4d96-a009-7cd4638efb08,ACC9963334018,TRANSFER,185.64,INR,2026-09-19T05:08:15.640Z,UPI,REVERSED,EDUCATION,Delhi,DEV-64631af6,synthetic-generator,5,536.0754545454546,33,6,1,1,False,True,False,False,False,False,2,TRANSACTION_BURST,False,2026-09-19T05:08:15.640Z
TXN-ab8cac85-eaf3-415a-8b9a-31501e644ff4,ACC1470939445,UPI_PAYMENT,1687.77,INR,2026-09-19T05:08:15.684Z,POS,FAILED,ECOMMERCE,Lucknow,DEV-ca5e9548,synthetic-generator,5,630.3511111111111,18,6,3,1,False,True,True,False,True,False,5,"TRANSACTION_BURST,REPEATED_FAILURES,NEW_DEVICE",True,2026-09-19T05:08:15.684Z
TXN-a84924f0-a87c-4043-a814-2cbe0900c368,ACC4131356954,TRANSFER,455.77,INR,2026-09-19T05:08:15.933Z,ATM,SUCCESS,GROCERY,Bengaluru,DEV-b5ee4ce1,synthetic-generator,5,1310.4152380952382,21,6,3,1,False,True,False,False,True,False,3,"TRANSACTION_BURST,NEW_DEVICE",False,2026-09-19T05:08:15.933Z
TXN-66b89c4e-25b6-48ae-b7a3-666443bf7997,ACC9639245200,DEPOSIT,320.64,INR,2026-09-19T05:08:16.758Z,POS,SUCCESS,DINING,Jaipur,DEV-852ea1b1,synthetic-generator,5,859.4911111111111,18,1,1,1,False,True,False,False,False,False,2,TRANSACTION_BURST,False,2026-09-19T05:08:16.758Z
TXN-d03cff08-59fc-49da-b1cc-dbaa05d5efe5,ACC6687206971,REFUND,650.68,INR,2026-09-19T05:08:17.009Z,UPI,SUCCESS,FUEL,Mumbai,DEV-a607110c,synthetic-generator,5,589.6045833333334,24,9,1,1,False,True,False,False,False,False,2,TRANSACTION_BURST,False,2026-09-19T05:08:17.009Z
TXN-89b353e4-7200-4793-a422-8d58ed2a3596,ACC3694860228,CARD_PAYMENT,402.29,INR,2026-09-19T05:08:17.221Z,ATM,SUCCESS,ENTERTAINMENT,Hyderabad,DEV-f6ee34d8,synthetic-generator,5,997.366857142857,35,3,3,3,False,True,False,True,True,False,5,"TRANSACTION_BURST,LOCATION_JUMP,NEW_DEVICE",True,2026-09-19T05:08:17.221Z
TXN-95a7fe89-aea9-4d8f-b203-137cf8b27291,ACC6884882440,TRANSFER,284.66,INR,2026-09-19T05:08:17.300Z,MOBILE,SUCCESS,ECOMMERCE,Mumbai,DEV-0183d84b,synthetic-generator,5,543.7458823529412,34,7,3,1,False,True,False,False,True,False,3,"TRANSACTION_BURST,NEW_DEVICE",False,2026-09-19T05:08:17.300Z
TXN-5dfeece3-5341-4e00-8e9f-c88479ddd4e3,ACC2812140441,UPI_PAYMENT,1106.44,INR,2026-09-19T05:08:17.368Z,ATM,FAILED,OTHER,Lucknow,DEV-aed50fce,synthetic-generator,5,587.2391176470588,34,5,1,3,False,True,True,True,False,False,6,"TRANSACTION_BURST,REPEATED_FAILURES,LOCATION_JUMP",True,2026-09-19T05:08:17.368Z
TXN-ed05f2d1-a7b1-462e-b2b1-278b2f0e50c1,ACC2452066459,BILL_PAYMENT,836.18,INR,2026-09-19T05:08:17.522Z,POS,SUCCESS,GOVERNMENT,Pune,DEV-3b0615b0,synthetic-generator,5,605.7847222222222,36,10,3,5,False,True,False,True,True,False,5,"TRANSACTION_BURST,LOCATION_JUMP,NEW_DEVICE",True,2026-09-19T05:08:17.522Z
TXN-eeb33b43-5463-4ab6-a3e1-af313ea7b206,ACC2948728483,ATM_WITHDRAWAL,2000.26,INR,2026-09-19T05:08:17.940Z,UPI,FAILED,FUEL,Chennai,DEV-6ef89518,synthetic-generator,5,1269.472380952381,42,12,3,3,False,True,True,True,True,False,7,"TRANSACTION_BURST,REPEATED_FAILURES,LOCATION_JUMP,NEW_DEVICE",True,2026-09-19T05:08:17.940Z
TXN-198be115-f67d-435e-a34c-b4adb804e75e,ACC4131356954,TRANSFER,946.44,INR,2026-09-19T05:08:17.983Z,ATM,SUCCESS,ECOMMERCE,Bengaluru,DEV-1619970c,synthetic-generator,5,1310.4152380952382,21,6,3,1,False,True,False,False,True,False,3,"TRANSACTION_BURST,NEW_DEVICE",False,2026-09-19T05:08:17.983Z
TXN-4a1de4fe-d7c8-48e1-88b0-b72bf98ba3de,ACC9703905715,UPI_PAYMENT,1143.18,INR,2026-09-19T05:08:18.401Z,BRANCH,SUCCESS,HEALTHCARE,Hyderabad,DEV-6387f5a3,synthetic-generator,5,1864.245263157895,19,1,1,1,False,True,False,False,False,False,2,TRANSACTION_BURST,False,2026-09-19T05:08:18.401Z
TXN-28e0b050-94ff-44e8-8706-4cce46071726,ACC6687206971,UPI_PAYMENT,1523.97,INR,2026-09-19T05:08:18.425Z,ATM,FAILED,DINING,Mumbai,DEV-a607110c,synthetic-generator,5,589.6045833333334,24,9,1,1,False,True,True,False,False,False,4,"TRANSACTION_BURST,REPEATED_FAILURES",False,2026-09-19T05:08:18.425Z
TXN-6c36b6eb-dbf5-4b18-843d-b072027376d3,ACC9786748825,UPI_PAYMENT,1345.23,INR,2026-09-19T05:08:18.473Z,POS,FAILED,UTILITIES,Hyderabad,DEV-e8cd1fd2,synthetic-generator,5,1400.3655555555556,18,5,1,3,False,True,True,True,False,False,6,"TRANSACTION_BURST,REPEATED_FAILURES,LOCATION_JUMP",True,2026-09-19T05:08:18.473Z
TXN-dcf65e89-9d5f-4e32-a131-bfec0f11530e,ACC2867302554,UPI_PAYMENT,397.55,INR,2026-09-19T05:08:18.622Z,WEB,FAILED,TRAVEL,Chennai,DEV-3c987226,synthetic-generator,5,1157.8992857142857,14,5,1,1,False,True,True,False,False,False,4,"TRANSACTION_BURST,REPEATED_FAILURES",False,2026-09-19T05:08:18.622Z
TXN-4a2f4c10-16bf-4811-b5f0-edd8c40472ba,ACC2625792787,BILL_PAYMENT,2495.97,INR,2026-09-19T05:08:19.097Z,UPI,SUCCESS,EDUCATION,Jaipur,DEV-ace75fb8,synthetic-generator,5,4126.750769230769,13,0,1,1,False,True,False,False,False,False,2,TRANSACTION_BURST,False,2026-09-19T05:08:19.097Z
TXN-147278c1-9043-43ba-841c-18b34f70fee2,ACC6649827836,DEPOSIT,810.9,INR,2026-09-19T05:08:19.438Z,POS,SUCCESS,ECOMMERCE,Chennai,DEV-b8dbc058,synthetic-generator,5,1194.808,20,0,1,3,False,True,False,True,False,False,4,"TRANSACTION_BURST,LOCATION_JUMP",False,2026-09-19T05:08:19.438Z
TXN-7565cc84-3374-48c4-8f80-9123595968d9,ACC3479708607,UPI_PAYMENT,7937.31,INR,2026-09-19T05:08:19.465Z,ATM,SUCCESS,DINING,Ahmedabad,DEV-27fbcc6a,synthetic-generator,5,2299.897619047619,21,1,3,1,True,True,False,False,True,False,5,"HIGH_AMOUNT,TRANSACTION_BURST,NEW_DEVICE",True,2026-09-19T05:08:19.465Z
TXN-78b833f3-c182-4ae1-8a02-c685704afa29,ACC2948728483,UPI_PAYMENT,266.78,INR,2026-09-19T05:08:19.580Z,MOBILE,FAILED,EDUCATION,Chennai,DEV-59dbd815,synthetic-generator,5,1269.472380952381,42,12,3,3,False,True,True,True,True,False,7,"TRANSACTION_BURST,REPEATED_FAILURES,LOCATION_JUMP,NEW_DEVICE",True,2026-09-19T05:08:19.580Z
TXN-24fdb1f5-b4da-47f5-bb56-f9e3f09519b5,ACC3694860228,TRANSFER,674.43,INR,2026-09-19T05:08:19.649Z,UPI,SUCCESS,GROCERY,Hyderabad,DEV-f6ee34d8,synthetic-generator,5,997.366857142857,35,3,3,3,False,True,False,True,True,False,5,"TRANSACTION_BURST,LOCATION_JUMP,NEW_DEVICE",True,2026-09-19T05:08:19.649Z
TXN-dc4bd23c-94eb-462b-a9fd-638f55d4ceb2,ACC9786748825,UPI_PAYMENT,809.63,INR,2026-09-19T05:08:19.755Z,WEB,FAILED,FINANCIAL_SERVICES,Hyderabad,DEV-e8cd1fd2,synthetic-generator,5,1400.3655555555556,18,5,1,3,False,True,True,True,False,False,6,"TRANSACTION_BURST,REPEATED_FAILURES,LOCATION_JUMP",True,2026-09-19T05:08:19.755Z
TXN-c0306d77-4216-4666-a96f-70399a5d0da6,ACC9592390865,UPI_PAYMENT,1523.93,INR,2026-09-19T05:08:19.758Z,BRANCH,FAILED,ECOMMERCE,Kolkata,DEV-3f530bed,synthetic-generator,5,1498.7482608695652,23,6,3,1,False,True,True,False,True,False,5,"TRANSACTION_BURST,REPEATED_FAILURES,NEW_DEVICE",True,2026-09-19T05:08:19.758Z
TXN-9a091b1e-990b-4027-9fa0-e8040af5daff,ACC3392080953,DEPOSIT,844.62,INR,2026-09-19T05:08:19.814Z,POS,FAILED,ENTERTAINMENT,Ahmedabad,DEV-ca9a8ac4,synthetic-generator,5,1303.0548387096774,31,7,2,1,False,True,True,False,True,False,5,"TRANSACTION_BURST,REPEATED_FAILURES,NEW_DEVICE",True,2026-09-19T05:08:19.814Z
TXN-a4f7c140-fb93-41c0-9df5-df1fcb8636f0,ACC1939042955,UPI_PAYMENT,1195.36,INR,2026-09-19T05:08:19.899Z,BRANCH,FAILED,FINANCIAL_SERVICES,Delhi,DEV-85c9008b,synthetic-generator,5,437.26181818181817,22,4,2,1,False,True,True,False,True,False,5,"TRANSACTION_BURST,REPEATED_FAILURES,NEW_DEVICE",True,2026-09-19T05:08:19.899Z
TXN-fbf83f0d-082a-4efd-b939-b85bfedd7a67,ACC2452066459,BILL_PAYMENT,171.25,INR,2026-09-19T05:08:19.914Z,UPI,FAILED,ENTERTAINMENT,Pune,DEV-730a7e18,synthetic-generator,5,605.7847222222222,36,10,3,5,False,True,True,True,True,False,7,"TRANSACTION_BURST,REPEATED_FAILURES,LOCATION_JUMP,NEW_DEVICE",True,2026-09-19T05:08:19.914Z
TXN-264bce2d-572f-4756-b3d1-4dd2115dfd21,ACC6687206971,UPI_PAYMENT,548.47,INR,2026-09-19T05:08:20.048Z,ATM,FAILED,DINING,Mumbai,DEV-a607110c,synthetic-generator,5,589.6045833333334,24,9,1,1,False,True,True,False,False,False,4,"TRANSACTION_BURST,REPEATED_FAILURES",False,2026-09-19T05:08:20.048Z
TXN-c2270e41-b146-4981-9afd-3670e007882a,ACC6924716023,UPI_PAYMENT,4072.12,INR,2026-09-19T05:08:20.191Z,ATM,FAILED,HEALTHCARE,Delhi,DEV-9603ec5d,synthetic-generator,5,1296.8735897435897,39,12,2,2,True,True,True,True,True,False,9,"HIGH_AMOUNT,TRANSACTION_BURST,REPEATED_FAILURES,LOCATION_JUMP,NEW_DEVICE",True,2026-09-19T05:08:20.191Z
TXN-8e29f7f3-9890-4e78-9dec-3168fe821f4f,ACC6649827836,REFUND,558.18,INR,2026-09-19T05:08:20.275Z,POS,SUCCESS,GOVERNMENT,Chennai,DEV-b8dbc058,synthetic-generator,5,1194.808,20,0,1,3,False,True,False,True,False,False,4,"TRANSACTION_BURST,LOCATION_JUMP",False,2026-09-19T05:08:20.275Z
TXN-42140be0-b4e4-4133-a13e-262bb74c525f,ACC6924716023,UPI_PAYMENT,569.49,INR,2026-09-19T05:08:20.593Z,UPI,FAILED,ECOMMERCE,Delhi,DEV-9603ec5d,synthetic-generator,5,1296.8735897435897,39,12,2,2,False,True,True,True,True,False,7,"TRANSACTION_BURST,REPEATED_FAILURES,LOCATION_JUMP,NEW_DEVICE",True,2026-09-19T05:08:20.593Z
TXN-634691c7-3388-41ff-8383-83d14063af44,ACC6884882440,CARD_PAYMENT,451.16,INR,2026-09-19T05:08:20.883Z,UPI,SUCCESS,DINING,Mumbai,DEV-ea1f6ed8,synthetic-generator,5,543.7458823529412,34,7,3,1,False,True,False,False,True,False,3,"TRANSACTION_BURST,NEW_DEVICE",False,2026-09-19T05:08:20.883Z
TXN-6fcc89e3-9069-448d-bf88-4a81f18727a0,ACC2452066459,UPI_PAYMENT,410.25,INR,2026-09-19T05:08:21.024Z,POS,FAILED,TRAVEL,Pune,DEV-730a7e18,synthetic-generator,5,605.7847222222222,36,10,3,5,False,True,True,True,True,False,7,"TRANSACTION_BURST,REPEATED_FAILURES,LOCATION_JUMP,NEW_DEVICE",True,2026-09-19T05:08:21.024Z
TXN-44f86f26-df92-4a1a-8254-1796a6741781,ACC7010379415,DEPOSIT,95.4,INR,2026-09-19T05:08:21.080Z,BRANCH,SUCCESS,GROCERY,Mumbai,DEV-cfa5a47d,synthetic-generator,5,304.8645,20,1,1,1,False,True,False,False,False,False,2,TRANSACTION_BURST,False,2026-09-19T05:08:21.080Z
TXN-c6995642-22e6-4fd9-a061-3169f3425892,ACC2452066459,CARD_PAYMENT,89.07,INR,2026-09-19T05:08:21.219Z,UPI,SUCCESS,OTHER,Pune,DEV-8be628a6,synthetic-generator,5,605.7847222222222,36,10,3,5,False,True,False,True,True,False,5,"TRANSACTION_BURST,LOCATION_JUMP,NEW_DEVICE",True,2026-09-19T05:08:21.219Z
TXN-5d3f78ee-0dd0-46f1-9f79-ba5cb6b537f6,ACC6924716023,UPI_PAYMENT,1211.01,INR,2026-09-19T05:08:21.453Z,BRANCH,SUCCESS,FUEL,Delhi,DEV-cda11eca,synthetic-generator,5,1296.8735897435897,39,12,2,2,False,True,False,True,True,False,5,"TRANSACTION_BURST,LOCATION_JUMP,NEW_DEVICE",True,2026-09-19T05:08:21.453Z
TXN-0f128cc7-37b8-4358-abde-a2ddbeb96fc3,ACC4131356954,TRANSFER,259.2,INR,2026-09-19T05:08:21.681Z,POS,SUCCESS,DINING,Bengaluru,DEV-b5ee4ce1,synthetic-generator,5,1310.4152380952382,21,6,3,1,False,True,False,False,True,False,3,"TRANSACTION_BURST,NEW_DEVICE",False,2026-09-19T05:08:21.681Z
TXN-0aed6927-099a-42d8-8d24-c68c6bb54df5,ACC8235363119,BILL_PAYMENT,2234.51,INR,2026-09-19T05:08:22.219Z,MOBILE,SUCCESS,OTHER,Pune,DEV-818eb553,synthetic-generator,5,1597.1244444444446,18,1,1,1,False,True,False,False,False,False,2,TRANSACTION_BURST,False,2026-09-19T05:08:22.219Z
TXN-21af56ca-e771-47e5-bec0-5d0029daff28,ACC6687206971,ATM_WITHDRAWAL,700.42,INR,2026-09-19T05:08:22.403Z,ATM,FAILED,FUEL,Mumbai,DEV-a607110c,synthetic-generator,5,589.6045833333334,24,9,1,1,False,True,True,False,False,False,4,"TRANSACTION_BURST,REPEATED_FAILURES",False,2026-09-19T05:08:22.403Z
TXN-397b1a6d-5938-48d3-a4bc-93570d5c8698,ACC3479708607,REFUND,519.57,INR,2026-09-19T05:08:22.578Z,ATM,SUCCESS,FINANCIAL_SERVICES,Ahmedabad,DEV-27fbcc6a,synthetic-generator,5,2299.897619047619,21,1,3,1,False,True,False,False,True,False,3,"TRANSACTION_BURST,NEW_DEVICE",False,2026-09-19T05:08:22.578Z
TXN-468f9f83-a65d-4e8c-a29b-879177e66cc5,ACC6884882440,UPI_PAYMENT,242.37,INR,2026-09-19T05:08:22.951Z,MOBILE,FAILED,FUEL,Mumbai,DEV-ea1f6ed8,synthetic-generator,5,543.7458823529412,34,7,3,1,False,True,True,False,True,False,5,"TRANSACTION_BURST,REPEATED_FAILURES,NEW_DEVICE",True,2026-09-19T05:08:22.951Z
TXN-d3413ec2-aec3-4048-8a6c-b91aa92cb64f,ACC1667779376,UPI_PAYMENT,312.3,INR,2026-09-19T05:08:23.029Z,ATM,FAILED,GOVERNMENT,Chennai,DEV-e71e095a,synthetic-generator,5,548.3466666666667,15,5,3,1,False,True,True,False,True,False,5,"TRANSACTION_BURST,REPEATED_FAILURES,NEW_DEVICE",True,2026-09-19T05:08:23.029Z
TXN-56968c29-ea3a-4e5a-a1fb-470e6a29d01e,ACC7010379415,BILL_PAYMENT,126.13,INR,2026-09-19T05:08:23.263Z,POS,SUCCESS,ENTERTAINMENT,Mumbai,DEV-cfa5a47d,synthetic-generator,5,304.8645,20,1,1,1,False,True,False,False,False,False,2,TRANSACTION_BURST,False,2026-09-19T05:08:23.263Z
TXN-d08446c6-8580-48e6-ad11-0545764a7799,ACC2452066459,CARD_PAYMENT,351.1,INR,2026-09-19T05:08:23.444Z,BRANCH,SUCCESS,GOVERNMENT,Pune,DEV-730a7e18,synthetic-generator,5,605.7847222222222,36,10,3,5,False,True,False,True,True,False,5,"TRANSACTION_BURST,LOCATION_JUMP,NEW_DEVICE",True,2026-09-19T05:08:23.444Z
TXN-5e81c41b-69cb-4e47-9c68-c610cb98c365,ACC9963334018,REFUND,61.43,INR,2026-09-19T05:08:23.512Z,POS,SUCCESS,GOVERNMENT,Delhi,DEV-64631af6,synthetic-generator,5,536.0754545454546,33,6,1,1,False,True,False,False,False,False,2,TRANSACTION_BURST,False,2026-09-19T05:08:23.512Z
TXN-2213076e-570e-423a-bb48-7aa288d62bba,ACC2812140441,ATM_WITHDRAWAL,560.37,INR,2026-09-19T05:08:23.561Z,ATM,SUCCESS,ECOMMERCE,Lucknow,DEV-aed50fce,synthetic-generator,5,587.2391176470588,34,5,1,3,False,True,False,True,False,False,4,"TRANSACTION_BURST,LOCATION_JUMP",False,2026-09-19T05:08:23.561Z
TXN-0f5663f9-e45a-40a2-9a9b-4974228e9164,ACC2149938334,CARD_PAYMENT,4289.02,INR,2026-09-19T05:08:23.669Z,ATM,SUCCESS,GOVERNMENT,Mumbai,DEV-b05f46f5,synthetic-generator,5,1112.317,20,1,1,1,True,True,False,False,False,False,4,"HIGH_AMOUNT,TRANSACTION_BURST",False,2026-09-19T05:08:23.669Z
TXN-6829f4e9-550b-4481-b75f-1b8c26ce621e,ACC8110054933,UPI_PAYMENT,379.76,INR,2026-09-19T05:08:23.988Z,ATM,FAILED,GOVERNMENT,Pune,DEV-94816e1c,synthetic-generator,5,1515.8945454545456,11,4,2,1,False,True,True,False,True,False,5,"TRANSACTION_BURST,REPEATED_FAILURES,NEW_DEVICE",True,2026-09-19T05:08:23.988Z
TXN-dcdc2eaa-2a14-4181-b0ce-d2c30865c95e,ACC6884882440,TRANSFER,285.1,INR,2026-09-19T05:08:24.045Z,WEB,SUCCESS,UTILITIES,Mumbai,DEV-d32dd4f1,synthetic-generator,5,543.7458823529412,34,7,3,1,False,True,False,False,True,False,3,"TRANSACTION_BURST,NEW_DEVICE",False,2026-09-19T05:08:24.045Z
TXN-3e08deaf-7143-4164-b9f9-3c600c809951,ACC2948728483,UPI_PAYMENT,1784.4,INR,2026-09-19T05:08:24.175Z,POS,SUCCESS,TRAVEL,Chennai,DEV-59dbd815,synthetic-generator,5,1269.472380952381,42,12,3,3,False,True,False,True,True,False,5,"TRANSACTION_BURST,LOCATION_JUMP,NEW_DEVICE",True,2026-09-19T05:08:24.175Z
TXN-d47c625c-ce13-40e3-93b6-2c1bd43a278c,ACC9285415473,BILL_PAYMENT,1148.97,INR,2026-09-19T05:08:24.312Z,WEB,SUCCESS,GROCERY,Hyderabad,DEV-285b4bc2,synthetic-generator,5,2868.202307692308,26,9,2,1,False,True,False,False,True,False,3,"TRANSACTION_BURST,NEW_DEVICE",False,2026-09-19T05:08:24.312Z
TXN-5e8bc18f-37a7-463b-8815-b540b7b9f03c,ACC2452066459,UPI_PAYMENT,609.61,INR,2026-09-19T05:08:24.489Z,MOBILE,FAILED,UTILITIES,Pune,DEV-730a7e18,synthetic-generator,5,605.7847222222222,36,10,3,5,False,True,True,True,True,False,7,"TRANSACTION_BURST,REPEATED_FAILURES,LOCATION_JUMP,NEW_DEVICE",True,2026-09-19T05:08:24.489Z
TXN-38470a75-50f9-4db2-98b3-c74be029640e,ACC5996775663,CARD_PAYMENT,347.24,INR,2026-09-19T05:08:24.505Z,POS,SUCCESS,ENTERTAINMENT,Hyderabad,DEV-bd453a08,synthetic-generator,5,3597.0620000000004,20,1,1,1,False,True,False,False,False,False,2,TRANSACTION_BURST,False,2026-09-19T05:08:24.505Z
TXN-3095096b-fb3e-4f1b-811f-7aee62e28af7,ACC2149938334,ATM_WITHDRAWAL,1597.36,INR,2026-09-19T05:08:24.518Z,POS,SUCCESS,DINING,Mumbai,DEV-b05f46f5,synthetic-generator,5,1112.317,20,1,1,1,False,True,False,False,False,False,2,TRANSACTION_BURST,False,2026-09-19T05:08:24.518Z
TXN-be40f88e-e139-4563-b0ac-e1e3298c14f8,ACC1939042955,UPI_PAYMENT,487.4,INR,2026-09-19T05:08:24.714Z,WEB,SUCCESS,FUEL,Delhi,DEV-85c9008b,synthetic-generator,5,437.26181818181817,22,4,2,1,False,True,False,False,True,False,3,"TRANSACTION_BURST,NEW_DEVICE",False,2026-09-19T05:08:24.714Z
TXN-3fbddae6-f7ab-4f98-85c3-812e04027da4,ACC6924716023,CARD_PAYMENT,988.89,INR,2026-09-19T05:08:24.834Z,UPI,SUCCESS,UTILITIES,Delhi,DEV-9603ec5d,synthetic-generator,5,1296.8735897435897,39,12,2,2,False,True,False,True,True,False,5,"TRANSACTION_BURST,LOCATION_JUMP,NEW_DEVICE",True,2026-09-19T05:08:24.834Z
TXN-3f70faaf-eaa8-4c6e-ad47-accc002e4c56,ACC3479708607,ATM_WITHDRAWAL,1719.09,INR,2026-09-19T05:08:24.868Z,UPI,SUCCESS,DINING,Ahmedabad,DEV-27fbcc6a,synthetic-generator,5,2299.897619047619,21,1,3,1,False,True,False,False,True,False,3,"TRANSACTION_BURST,NEW_DEVICE",False,2026-09-19T05:08:24.868Z
TXN-de9aee69-bcf9-45a7-9963-2d05d707139c,ACC1667779376,UPI_PAYMENT,105.24,INR,2026-09-19T05:08:24.931Z,UPI,FAILED,HEALTHCARE,Chennai,DEV-0b12de18,synthetic-generator,5,548.3466666666667,15,5,3,1,False,True,True,False,True,False,5,"TRANSACTION_BURST,REPEATED_FAILURES,NEW_DEVICE",True,2026-09-19T05:08:24.931Z
TXN-398ba6ea-4fb6-4069-ab2b-5ad900d72f69,ACC2948728483,UPI_PAYMENT,906.5,INR,2026-09-19T05:08:24.953Z,ATM,FAILED,TRAVEL,Chennai,DEV-59dbd815,synthetic-generator,5,1269.472380952381,42,12,3,3,False,True,True,True,True,False,7,"TRANSACTION_BURST,REPEATED_FAILURES,LOCATION_JUMP,NEW_DEVICE",True,2026-09-19T05:08:24.953Z
TXN-82a19367-03f4-40a7-9802-48869e13ab06,ACC9963334018,BILL_PAYMENT,1014.75,INR,2026-09-19T05:08:25.253Z,UPI,PENDING,TRAVEL,Delhi,DEV-64631af6,synthetic-generator,5,536.0754545454546,33,6,1,1,False,True,False,False,False,False,2,TRANSACTION_BURST,False,2026-09-19T05:08:25.253Z
TXN-ce765d74-06d3-4f3d-b306-2937306d807f,ACC1519709079,UPI_PAYMENT,102.24,INR,2026-09-19T05:08:25.349Z,BRANCH,SUCCESS,FINANCIAL_SERVICES,Lucknow,DEV-7b3b6710,synthetic-generator,5,374.24260869565217,23,2,3,1,False,True,False,False,True,False,3,"TRANSACTION_BURST,NEW_DEVICE",False,2026-09-19T05:08:25.349Z
TXN-ddffae5b-3458-4f1d-9b8e-14ae7ccd43ba,ACC9963334018,DEPOSIT,49.64,INR,2026-09-19T05:08:25.620Z,UPI,SUCCESS,ECOMMERCE,Delhi,DEV-64631af6,synthetic-generator,5,536.0754545454546,33,6,1,1,False,True,False,False,False,False,2,TRANSACTION_BURST,False,2026-09-19T05:08:25.620Z
TXN-7070989d-eb5f-4cd4-a65b-0a16ea30d63b,ACC9285415473,TRANSFER,988.39,INR,2026-09-19T05:08:25.664Z,WEB,SUCCESS,OTHER,Hyderabad,DEV-24122226,synthetic-generator,5,2868.202307692308,26,9,2,1,False,True,False,False,True,False,3,"TRANSACTION_BURST,NEW_DEVICE",False,2026-09-19T05:08:25.664Z
TXN-c5024687-e448-44f4-8151-c72e71815a48,ACC8235363119,CARD_PAYMENT,6193.02,INR,2026-09-19T05:08:25.788Z,POS,SUCCESS,GOVERNMENT,Pune,DEV-818eb553,synthetic-generator,5,1597.1244444444446,18,1,1,1,True,True,False,False,False,False,4,"HIGH_AMOUNT,TRANSACTION_BURST",False,2026-09-19T05:08:25.788Z
TXN-a061c6be-fc49-4b9e-9ad2-df8f3151a5ee,ACC4131356954,ATM_WITHDRAWAL,120.13,INR,2026-09-19T05:08:26.101Z,POS,SUCCESS,UTILITIES,Bengaluru,DEV-1619970c,synthetic-generator,5,1310.4152380952382,21,6,3,1,False,True,False,False,True,False,3,"TRANSACTION_BURST,NEW_DEVICE",False,2026-09-19T05:08:26.101Z
TXN-07945540-ae35-460f-80b6-fb2081e2f3e1,ACC3694860228,BILL_PAYMENT,514.79,INR,2026-09-19T05:08:26.542Z,MOBILE,FAILED,FUEL,Hyderabad,DEV-e9a69f44,synthetic-generator,5,997.366857142857,35,3,3,3,False,True,False,True,True,False,5,"TRANSACTION_BURST,LOCATION_JUMP,NEW_DEVICE",True,2026-09-19T05:08:26.542Z
TXN-fe2d7784-ce76-4a86-82ba-0783a3839297,ACC2149938334,TRANSFER,269.6,INR,2026-09-19T05:08:26.796Z,MOBILE,SUCCESS,FUEL,Mumbai,DEV-b05f46f5,synthetic-generator,5,1112.317,20,1,1,1,False,True,False,False,False,False,2,TRANSACTION_BURST,False,2026-09-19T05:08:26.796Z
TXN-3111e521-bc64-426e-b589-6b2ea67827f0,ACC2149938334,CARD_PAYMENT,964.42,INR,2026-09-19T05:08:27.199Z,POS,SUCCESS,OTHER,Mumbai,DEV-b05f46f5,synthetic-generator,5,1112.317,20,1,1,1,False,True,False,False,False,False,2,TRANSACTION_BURST,False,2026-09-19T05:08:27.199Z
TXN-c4a939d1-6497-47b9-9ee8-d2e7c76c16f6,ACC5996775663,TRANSFER,3787.1,INR,2026-09-19T05:08:27.378Z,MOBILE,SUCCESS,ECOMMERCE,Hyderabad,DEV-bd453a08,synthetic-generator,5,3597.0620000000004,20,1,1,1,False,True,False,False,False,False,2,TRANSACTION_BURST,False,2026-09-19T05:08:27.378Z
TXN-cb12b445-f94b-4b12-a11e-c697b4845792,ACC7010379415,ATM_WITHDRAWAL,297.97,INR,2026-09-19T05:08:27.614Z,MOBILE,SUCCESS,OTHER,Mumbai,DEV-cfa5a47d,synthetic-generator,5,304.8645,20,1,1,1,False,True,False,False,False,False,2,TRANSACTION_BURST,False,2026-09-19T05:08:27.614Z
TXN-c969f089-7fa6-4059-a24f-fa30a01866bf,ACC9592390865,REFUND,1016.81,INR,2026-09-19T05:08:27.680Z,ATM,SUCCESS,ENTERTAINMENT,Kolkata,DEV-18be6101,synthetic-generator,5,1498.7482608695652,23,6,3,1,False,True,False,False,True,False,3,"TRANSACTION_BURST,NEW_DEVICE",False,2026-09-19T05:08:27.680Z
TXN-bcc7397c-8db8-4f71-b4dc-df9f2586f11c,ACC2625792787,REFUND,7098.69,INR,2026-09-19T05:08:27.766Z,UPI,SUCCESS,GROCERY,Jaipur,DEV-ace75fb8,synthetic-generator,5,4126.750769230769,13,0,1,1,False,True,False,False,False,False,2,TRANSACTION_BURST,False,2026-09-19T05:08:27.766Z
TXN-13e52938-198b-4dac-8dac-d977ce660f5d,ACC6924716023,DEPOSIT,171.66,INR,2026-09-19T05:08:28.060Z,UPI,SUCCESS,TRAVEL,Delhi,DEV-cda11eca,synthetic-generator,5,1296.8735897435897,39,12,2,2,False,True,False,True,True,False,5,"TRANSACTION_BURST,LOCATION_JUMP,NEW_DEVICE",True,2026-09-19T05:08:28.060Z
TXN-a6913beb-8ffe-4652-8c1c-218ba0be80d2,ACC2948728483,TRANSFER,1154.05,INR,2026-09-19T05:08:28.652Z,ATM,SUCCESS,OTHER,Chennai,DEV-59dbd815,synthetic-generator,5,1269.472380952381,42,12,3,3,False,True,False,True,True,False,5,"TRANSACTION_BURST,LOCATION_JUMP,NEW_DEVICE",True,2026-09-19T05:08:28.652Z
TXN-b3b1445e-943a-4f29-9012-a2acfc563cde,ACC6924716023,UPI_PAYMENT,1773.74,INR,2026-09-19T05:08:28.851Z,POS,FAILED,FINANCIAL_SERVICES,Delhi,DEV-9603ec5d,synthetic-generator,5,1296.8735897435897,39,12,2,2,False,True,True,True,True,False,7,"TRANSACTION_BURST,REPEATED_FAILURES,LOCATION_JUMP,NEW_DEVICE",True,2026-09-19T05:08:28.851Z
TXN-91a0ecd1-f6b9-4474-94cc-e808a54f4c3f,ACC1817804383,UPI_PAYMENT,59.5,INR,2026-09-19T05:08:29.107Z,POS,SUCCESS,GROCERY,Jaipur,DEV-3f786cfc,synthetic-generator,5,605.3580000000001,30,5,3,3,False,True,False,True,True,False,5,"TRANSACTION_BURST,LOCATION_JUMP,NEW_DEVICE",True,2026-09-19T05:08:29.107Z
TXN-da9f0fff-4394-40e7-a6ff-1ec45d79a549,ACC2812140441,ATM_WITHDRAWAL,1816.35,INR,2026-09-19T05:08:29.508Z,WEB,SUCCESS,TRAVEL,Lucknow,DEV-aed50fce,synthetic-generator,5,587.2391176470588,34,5,1,3,True,True,False,True,False,False,6,"HIGH_AMOUNT,TRANSACTION_BURST,LOCATION_JUMP",True,2026-09-19T05:08:29.508Z
TXN-e480340c-4f37-41ee-98b2-f91031209604,ACC3392080953,TRANSFER,775.57,INR,2026-09-19T05:08:30.388Z,POS,SUCCESS,OTHER,Ahmedabad,DEV-ca9a8ac4,synthetic-generator,5,1303.0548387096774,31,7,2,1,False,True,False,False,True,False,3,"TRANSACTION_BURST,NEW_DEVICE",False,2026-09-19T05:08:30.388Z
TXN-14d1ff3f-7a80-442c-8246-25625672ecbe,ACC2452066459,ATM_WITHDRAWAL,681.04,INR,2026-09-19T05:08:30.962Z,WEB,PENDING,ENTERTAINMENT,Pune,DEV-3b0615b0,synthetic-generator,5,605.7847222222222,36,10,3,5,False,True,False,True,True,False,5,"TRANSACTION_BURST,LOCATION_JUMP,NEW_DEVICE",True,2026-09-19T05:08:30.962Z
TXN-ef02fa86-e948-4dd6-b1b8-621d45ed2b44,ACC1945826486,DEPOSIT,977.7,INR,2026-09-19T05:08:31.138Z,POS,SUCCESS,UTILITIES,Delhi,DEV-7c79de1a,synthetic-generator,5,1154.3345,20,0,3,3,False,True,False,True,True,False,5,"TRANSACTION_BURST,LOCATION_JUMP,NEW_DEVICE",True,2026-09-19T05:08:31.138Z
TXN-72ca6ee4-35d5-4b85-ab40-e8ec89ef994c,ACC3030106617,ATM_WITHDRAWAL,360.87,INR,2026-09-19T05:08:31.328Z,WEB,SUCCESS,ENTERTAINMENT,Pune,DEV-4c67ed1b,synthetic-generator,5,1945.6331578947368,19,1,2,3,False,True,False,True,True,False,5,"TRANSACTION_BURST,LOCATION_JUMP,NEW_DEVICE",True,2026-09-19T05:08:31.328Z
TXN-f9ecc41c-869b-4aba-9698-fa02edc4ff27,ACC3030106617,UPI_PAYMENT,3525.37,INR,2026-09-19T05:08:32.006Z,MOBILE,SUCCESS,ENTERTAINMENT,Pune,DEV-ae10375d,synthetic-generator,5,1945.6331578947368,19,1,2,3,False,True,False,True,True,False,5,"TRANSACTION_BURST,LOCATION_JUMP,NEW_DEVICE",True,2026-09-19T05:08:32.006Z
TXN-d28ea9de-0f73-4d8c-bb25-86669e03c1af,ACC6924716023,ATM_WITHDRAWAL,2953.76,INR,2026-09-19T05:08:32.026Z,POS,SUCCESS,EDUCATION,Delhi,DEV-9603ec5d,synthetic-generator,5,1296.8735897435897,39,12,2,2,False,True,False,True,True,False,5,"TRANSACTION_BURST,LOCATION_JUMP,NEW_DEVICE",True,2026-09-19T05:08:32.026Z
TXN-8935aa1a-5806-49b1-af3d-9190aecfeec5,ACC3392080953,ATM_WITHDRAWAL,316.43,INR,2026-09-19T05:08:32.253Z,ATM,SUCCESS,FUEL,Ahmedabad,DEV-16de0ab5,synthetic-generator,5,1303.0548387096774,31,7,2,1,False,True,False,False,True,False,3,"TRANSACTION_BURST,NEW_DEVICE",False,2026-09-19T05:08:32.253Z
TXN-b669c233-6bb6-40d5-81ac-45c48d608a2c,ACC4131356954,UPI_PAYMENT,1586.59,INR,2026-09-19T05:08:32.518Z,ATM,FAILED,UTILITIES,Bengaluru,DEV-b5ee4ce1,synthetic-generator,5,1310.4152380952382,21,6,3,1,False,True,True,False,True,False,5,"TRANSACTION_BURST,REPEATED_FAILURES,NEW_DEVICE",True,2026-09-19T05:08:32.518Z
TXN-9cd8d6c6-59aa-47d6-b427-f632b33267f2,ACC1939042955,UPI_PAYMENT,261.21,INR,2026-09-19T05:08:32.651Z,MOBILE,FAILED,FUEL,Delhi,DEV-9a48534f,synthetic-generator,5,437.26181818181817,22,4,2,1,False,True,True,False,True,False,5,"TRANSACTION_BURST,REPEATED_FAILURES,NEW_DEVICE",True,2026-09-19T05:08:32.651Z
TXN-a18fc791-2569-4a2c-8c89-73dc2e68b87a,ACC1939042955,TRANSFER,187.23,INR,2026-09-19T05:08:33.206Z,ATM,SUCCESS,ECOMMERCE,Delhi,DEV-9a48534f,synthetic-generator,5,437.26181818181817,22,4,2,1,False,True,False,False,True,False,3,"TRANSACTION_BURST,NEW_DEVICE",False,2026-09-19T05:08:33.206Z
TXN-cb1b25c1-653d-41da-9fc2-cba82ce31e42,ACC7010379415,TRANSFER,143.87,INR,2026-09-19T05:08:33.482Z,BRANCH,SUCCESS,ENTERTAINMENT,Mumbai,DEV-cfa5a47d,synthetic-generator,5,304.8645,20,1,1,1,False,True,False,False,False,False,2,TRANSACTION_BURST,False,2026-09-19T05:08:33.482Z
TXN-506d5c4a-3ef3-4358-b885-06cec3943542,ACC2948728483,UPI_PAYMENT,321.52,INR,2026-09-19T05:08:33.678Z,UPI,FAILED,GROCERY,Chennai,DEV-6ef89518,synthetic-generator,5,1269.472380952381,42,12,3,3,False,True,True,True,True,False,7,"TRANSACTION_BURST,REPEATED_FAILURES,LOCATION_JUMP,NEW_DEVICE",True,2026-09-19T05:08:33.678Z
TXN-1267254d-79c7-4a4d-b4fa-bcfb6a540c0d,ACC2452066459,CARD_PAYMENT,226.84,INR,2026-09-19T05:08:33.783Z,MOBILE,SUCCESS,OTHER,Pune,DEV-3b0615b0,synthetic-generator,5,605.7847222222222,36,10,3,5,False,True,False,True,True,False,5,"TRANSACTION_BURST,LOCATION_JUMP,NEW_DEVICE",True,2026-09-19T05:08:33.783Z
TXN-b2fbaa82-6de0-4129-8c40-0e3c03f6fba3,ACC4460967357,UPI_PAYMENT,114.47,INR,2026-09-19T05:08:33.821Z,ATM,FAILED,DINING,Mumbai,DEV-77b070dc,synthetic-generator,5,941.7589473684211,19,12,3,1,False,True,True,False,True,False,5,"TRANSACTION_BURST,REPEATED_FAILURES,NEW_DEVICE",True,2026-09-19T05:08:33.821Z
TXN-d4aeba95-54bb-4537-82f4-e88bed1ee1cd,ACC6687206971,DEPOSIT,268.59,INR,2026-09-19T05:08:34.514Z,MOBILE,SUCCESS,EDUCATION,Mumbai,DEV-a607110c,synthetic-generator,5,589.6045833333334,24,9,1,1,False,True,False,False,False,False,2,TRANSACTION_BURST,False,2026-09-19T05:08:34.514Z
TXN-10f964e9-01b5-4989-af80-5ef379723397,ACC3392080953,REFUND,1194.71,INR,2026-09-19T05:08:34.951Z,MOBILE,SUCCESS,GOVERNMENT,Ahmedabad,DEV-16de0ab5,synthetic-generator,5,1303.0548387096774,31,7,2,1,False,True,False,False,True,False,3,"TRANSACTION_BURST,NEW_DEVICE",False,2026-09-19T05:08:34.951Z
TXN-555a0390-18ce-47f4-bfc5-beaa003f5ada,ACC2452066459,UPI_PAYMENT,1640.24,INR,2026-09-19T05:08:34.954Z,UPI,SUCCESS,OTHER,Pune,DEV-3b0615b0,synthetic-generator,5,605.7847222222222,36,10,3,5,False,True,False,True,True,False,5,"TRANSACTION_BURST,LOCATION_JUMP,NEW_DEVICE",True,2026-09-19T05:08:34.954Z
TXN-4e9004fa-c964-438b-8f36-46f90ed9d37d,ACC8429141456,UPI_PAYMENT,3191.59,INR,2026-09-19T05:08:35.028Z,UPI,FAILED,GROCERY,Jaipur,DEV-babb5efb,synthetic-generator,5,1572.8690000000001,10,5,2,1,False,True,True,False,True,False,5,"TRANSACTION_BURST,REPEATED_FAILURES,NEW_DEVICE",True,2026-09-19T05:08:35.028Z
TXN-f69730c9-d4a5-460a-a29c-d8303507c281,ACC3694860228,REFUND,719.57,INR,2026-09-19T05:08:35.545Z,POS,REVERSED,TRAVEL,Hyderabad,DEV-f6ee34d8,synthetic-generator,5,997.366857142857,35,3,3,3,False,True,False,True,True,False,5,"TRANSACTION_BURST,LOCATION_JUMP,NEW_DEVICE",True,2026-09-19T05:08:35.545Z
TXN-ec2f2934-7c14-4f7e-a421-088d451e178e,ACC3479708607,BILL_PAYMENT,526.43,INR,2026-09-19T05:08:35.616Z,WEB,PENDING,UTILITIES,Ahmedabad,DEV-27fbcc6a,synthetic-generator,5,2299.897619047619,21,1,3,1,False,True,False,False,True,False,3,"TRANSACTION_BURST,NEW_DEVICE",False,2026-09-19T05:08:35.616Z
TXN-89b7fb1a-f603-46d0-8f09-49f0d8bc6ab7,ACC3694860228,CARD_PAYMENT,191.38,INR,2026-09-19T05:08:36.226Z,WEB,SUCCESS,GOVERNMENT,Hyderabad,DEV-a7884c93,synthetic-generator,5,997.366857142857,35,3,3,3,False,True,False,True,True,False,5,"TRANSACTION_BURST,LOCATION_JUMP,NEW_DEVICE",True,2026-09-19T05:08:36.226Z
TXN-394b1ba6-4e4c-4d94-86bd-cca68f9288b2,ACC2867302554,UPI_PAYMENT,152.05,INR,2026-09-19T05:08:36.317Z,UPI,FAILED,DINING,Chennai,DEV-3c987226,synthetic-generator,5,1157.8992857142857,14,5,1,1,False,True,True,False,False,False,4,"TRANSACTION_BURST,REPEATED_FAILURES",False,2026-09-19T05:08:36.317Z
TXN-e388d956-5d24-4e1e-9f8e-80b925528fcd,ACC4460967357,UPI_PAYMENT,153.54,INR,2026-09-19T05:08:36.769Z,ATM,FAILED,ECOMMERCE,Mumbai,DEV-77b070dc,synthetic-generator,5,941.7589473684211,19,12,3,1,False,True,True,False,True,False,5,"TRANSACTION_BURST,REPEATED_FAILURES,NEW_DEVICE",True,2026-09-19T05:08:36.769Z
TXN-fe448735-f9fd-4aa5-8764-893590994c89,ACC2452066459,UPI_PAYMENT,63.33,INR,2026-09-19T05:08:36.815Z,UPI,SUCCESS,OTHER,Pune,DEV-730a7e18,synthetic-generator,5,605.7847222222222,36,10,3,5,False,True,False,True,True,False,5,"TRANSACTION_BURST,LOCATION_JUMP,NEW_DEVICE",True,2026-09-19T05:08:36.815Z
TXN-aaddc64a-8dd7-4b1d-9c12-3e2fe016d21a,ACC2812140441,BILL_PAYMENT,1680.76,INR,2026-09-19T05:08:37.343Z,UPI,SUCCESS,GOVERNMENT,Lucknow,DEV-aed50fce,synthetic-generator,5,587.2391176470588,34,5,1,3,False,True,False,True,False,False,4,"TRANSACTION_BURST,LOCATION_JUMP",False,2026-09-19T05:08:37.343Z
TXN-8b555dc7-cd83-409e-907c-f8295fa00f06,ACC9963334018,CARD_PAYMENT,689.75,INR,2026-09-19T05:08:37.527Z,POS,SUCCESS,ECOMMERCE,Delhi,DEV-64631af6,synthetic-generator,5,536.0754545454546,33,6,1,1,False,True,False,False,False,False,2,TRANSACTION_BURST,False,2026-09-19T05:08:37.527Z
TXN-fd7b8f3e-45d8-40dd-ba3c-d736e9edce5e,ACC6924716023,UPI_PAYMENT,268.06,INR,2026-09-19T05:08:37.779Z,BRANCH,FAILED,DINING,Delhi,DEV-9603ec5d,synthetic-generator,5,1296.8735897435897,39,12,2,2,False,True,True,True,True,False,7,"TRANSACTION_BURST,REPEATED_FAILURES,LOCATION_JUMP,NEW_DEVICE",True,2026-09-19T05:08:37.779Z
TXN-9b312f45-5d51-470c-8d6d-2c6793b22413,ACC2452066459,CARD_PAYMENT,181.6,INR,2026-09-19T05:08:37.908Z,MOBILE,SUCCESS,FINANCIAL_SERVICES,Pune,DEV-8be628a6,synthetic-generator,5,605.7847222222222,36,10,3,5,False,True,False,True,True,False,5,"TRANSACTION_BURST,LOCATION_JUMP,NEW_DEVICE",True,2026-09-19T05:08:37.908Z
TXN-77e1699a-bce0-4634-b5a9-c14965499336,ACC2948728483,UPI_PAYMENT,928.43,INR,2026-09-19T05:08:37.931Z,WEB,FAILED,GOVERNMENT,Chennai,DEV-9556f5f5,synthetic-generator,5,1269.472380952381,42,12,3,3,False,True,True,True,True,False,7,"TRANSACTION_BURST,REPEATED_FAILURES,LOCATION_JUMP,NEW_DEVICE",True,2026-09-19T05:08:37.931Z
TXN-c30fdaaf-a6e2-4409-ba1d-97d8c6349817,ACC2445662585,DEPOSIT,100.5,INR,2026-09-19T05:08:37.937Z,ATM,SUCCESS,ECOMMERCE,Lucknow,DEV-effa6850,synthetic-generator,5,2794.9656521739125,23,2,3,1,False,True,False,False,True,False,3,"TRANSACTION_BURST,NEW_DEVICE",False,2026-09-19T05:08:37.937Z
TXN-84e12e80-f273-468b-a139-30e7341a5ac4,ACC3694860228,DEPOSIT,1335.61,INR,2026-09-19T05:08:37.979Z,UPI,SUCCESS,DINING,Hyderabad,DEV-f6ee34d8,synthetic-generator,5,997.366857142857,35,3,3,3,False,True,False,True,True,False,5,"TRANSACTION_BURST,LOCATION_JUMP,NEW_DEVICE",True,2026-09-19T05:08:37.979Z
TXN-c59ad830-05da-4d57-8924-938ead9af480,ACC1127978094,UPI_PAYMENT,32.96,INR,2026-09-19T05:08:38.315Z,UPI,FAILED,OTHER,Pune,DEV-9aedd924,synthetic-generator,5,374.10181818181815,11,7,1,1,False,True,True,False,False,False,4,"TRANSACTION_BURST,REPEATED_FAILURES",False,2026-09-19T05:08:38.315Z
TXN-b6e3a772-717c-4dcb-bd2b-825b042757c0,ACC3030106617,UPI_PAYMENT,885.26,INR,2026-09-19T05:08:38.922Z,BRANCH,SUCCESS,TRAVEL,Pune,DEV-ae10375d,synthetic-generator,5,1945.6331578947368,19,1,2,3,False,True,False,True,True,False,5,"TRANSACTION_BURST,LOCATION_JUMP,NEW_DEVICE",True,2026-09-19T05:08:38.922Z
TXN-ff18c1ea-2ff9-40be-9796-ca2e72b98f24,ACC9639245200,BILL_PAYMENT,92.94,INR,2026-09-19T05:08:38.993Z,BRANCH,SUCCESS,EDUCATION,Jaipur,DEV-852ea1b1,synthetic-generator,5,859.4911111111111,18,1,1,1,False,True,False,False,False,False,2,TRANSACTION_BURST,False,2026-09-19T05:08:38.993Z
TXN-6a7b9e49-fcab-4bc3-bb79-e5a3a311e8db,ACC1127978094,UPI_PAYMENT,162.4,INR,2026-09-19T05:08:39.119Z,POS,FAILED,DINING,Pune,DEV-9aedd924,synthetic-generator,5,374.10181818181815,11,7,1,1,False,True,True,False,False,False,4,"TRANSACTION_BURST,REPEATED_FAILURES",False,2026-09-19T05:08:39.119Z
TXN-087fb2b2-feae-4635-94a8-8b22d82f4888,ACC3392080953,DEPOSIT,414.68,INR,2026-09-19T05:08:39.316Z,WEB,FAILED,TRAVEL,Ahmedabad,DEV-16de0ab5,synthetic-generator,5,1303.0548387096774,31,7,2,1,False,True,True,False,True,False,5,"TRANSACTION_BURST,REPEATED_FAILURES,NEW_DEVICE",True,2026-09-19T05:08:39.316Z
TXN-fc583257-645c-47b9-b892-4049fedc1c2c,ACC1939042955,TRANSFER,29.96,INR,2026-09-19T05:08:39.338Z,UPI,SUCCESS,DINING,Delhi,DEV-85c9008b,synthetic-generator,5,437.26181818181817,22,4,2,1,False,True,False,False,True,False,3,"TRANSACTION_BURST,NEW_DEVICE",False,2026-09-19T05:08:39.338Z
TXN-1d356bfd-4aad-437a-bd63-728fd230a58c,ACC1519709079,REFUND,55.03,INR,2026-09-19T05:08:39.584Z,UPI,SUCCESS,FINANCIAL_SERVICES,Lucknow,DEV-7b3b6710,synthetic-generator,5,374.24260869565217,23,2,3,1,False,True,False,False,True,False,3,"TRANSACTION_BURST,NEW_DEVICE",False,2026-09-19T05:08:39.584Z
TXN-baa92c65-d588-40d2-8d03-74b466283a19,ACC9592390865,UPI_PAYMENT,430.21,INR,2026-09-19T05:08:39.873Z,ATM,SUCCESS,GROCERY,Kolkata,DEV-3f530bed,synthetic-generator,5,1498.7482608695652,23,6,3,1,False,True,False,False,True,False,3,"TRANSACTION_BURST,NEW_DEVICE",False,2026-09-19T05:08:39.873Z
TXN-bdc19aa6-3d8a-43b4-8e2c-a7c100069f73,ACC6884882440,UPI_PAYMENT,47.76,INR,2026-09-19T05:08:39.939Z,WEB,FAILED,GROCERY,Mumbai,DEV-d32dd4f1,synthetic-generator,5,543.7458823529412,34,7,3,1,False,True,True,False,True,False,5,"TRANSACTION_BURST,REPEATED_FAILURES,NEW_DEVICE",True,2026-09-19T05:08:39.939Z
TXN-986e422b-acad-4e73-96f6-ab2fe9cc5c6a,ACC9963334018,UPI_PAYMENT,198.0,INR,2026-09-19T05:08:39.993Z,WEB,FAILED,OTHER,Delhi,DEV-64631af6,synthetic-generator,5,536.0754545454546,33,6,1,1,False,True,True,False,False,False,4,"TRANSACTION_BURST,REPEATED_FAILURES",False,2026-09-19T05:08:39.993Z
TXN-8de5973f-14e9-4c5b-aaaa-8818d8b519fd,ACC2948728483,ATM_WITHDRAWAL,207.95,INR,2026-09-19T05:08:40.182Z,ATM,SUCCESS,FUEL,Chennai,DEV-59dbd815,synthetic-generator,5,1269.472380952381,42,12,3,3,False,True,False,True,True,False,5,"TRANSACTION_BURST,LOCATION_JUMP,NEW_DEVICE",True,2026-09-19T05:08:40.182Z
TXN-c3200ef3-dac0-48a6-b73e-ea3e2eaa63d3,ACC6884882440,UPI_PAYMENT,220.13,INR,2026-09-19T05:08:40.479Z,MOBILE,SUCCESS,GOVERNMENT,Mumbai,DEV-0183d84b,synthetic-generator,5,543.7458823529412,34,7,3,1,False,True,False,False,True,False,3,"TRANSACTION_BURST,NEW_DEVICE",False,2026-09-19T05:08:40.479Z
TXN-aa95e999-8823-4152-bd5a-059abe1ab9aa,ACC2625792787,UPI_PAYMENT,1530.44,INR,2026-09-19T05:08:40.929Z,MOBILE,SUCCESS,ENTERTAINMENT,Jaipur,DEV-ace75fb8,synthetic-generator,5,4126.750769230769,13,0,1,1,False,True,False,False,False,False,2,TRANSACTION_BURST,False,2026-09-19T05:08:40.929Z
TXN-77c35d29-c25f-4295-a054-54f0ef185647,ACC1817804383,BILL_PAYMENT,828.93,INR,2026-09-19T05:08:41.110Z,WEB,SUCCESS,FUEL,Jaipur,DEV-3f786cfc,synthetic-generator,5,605.3580000000001,30,5,3,3,False,True,False,True,True,False,5,"TRANSACTION_BURST,LOCATION_JUMP,NEW_DEVICE",True,2026-09-19T05:08:41.110Z
TXN-412d6e97-da5d-4947-97a5-f49959f1b4c5,ACC2867302554,UPI_PAYMENT,678.53,INR,2026-09-19T05:08:41.505Z,BRANCH,FAILED,HEALTHCARE,Chennai,DEV-3c987226,synthetic-generator,5,1157.8992857142857,14,5,1,1,False,True,True,False,False,False,4,"TRANSACTION_BURST,REPEATED_FAILURES",False,2026-09-19T05:08:41.505Z
TXN-9d2bafbd-c619-460e-9413-0afb862ecb74,ACC8047877267,CARD_PAYMENT,339.51,INR,2026-09-19T05:08:41.736Z,ATM,SUCCESS,GOVERNMENT,Jaipur,DEV-6864daf6,synthetic-generator,5,1046.5081818181818,22,2,2,3,False,True,False,True,True,False,5,"TRANSACTION_BURST,LOCATION_JUMP,NEW_DEVICE",True,2026-09-19T05:08:41.736Z
TXN-f73be523-5512-41a4-95cc-774bc8cfc65c,ACC5996775663,CARD_PAYMENT,882.99,INR,2026-09-19T05:08:41.892Z,MOBILE,SUCCESS,ENTERTAINMENT,Hyderabad,DEV-bd453a08,synthetic-generator,5,3597.0620000000004,20,1,1,1,False,True,False,False,False,False,2,TRANSACTION_BURST,False,2026-09-19T05:08:41.892Z
TXN-a5df007e-f3d4-44b0-8472-e21c61b85e03,ACC4460967357,UPI_PAYMENT,1429.65,INR,2026-09-19T05:08:42.462Z,MOBILE,FAILED,ENTERTAINMENT,Mumbai,DEV-77b070dc,synthetic-generator,5,941.7589473684211,19,12,3,1,False,True,True,False,True,False,5,"TRANSACTION_BURST,REPEATED_FAILURES,NEW_DEVICE",True,2026-09-19T05:08:42.462Z
TXN-853a0ebc-bebc-43ac-937c-9644387b698b,ACC6687206971,TRANSFER,244.29,INR,2026-09-19T05:08:42.552Z,POS,FAILED,UTILITIES,Mumbai,DEV-a607110c,synthetic-generator,5,589.6045833333334,24,9,1,1,False,True,True,False,False,False,4,"TRANSACTION_BURST,REPEATED_FAILURES",False,2026-09-19T05:08:42.552Z
TXN-8ea09f8d-06f3-404b-9d6b-5d029e5116ef,ACC2137651678,DEPOSIT,1741.81,INR,2026-09-19T05:08:42.628Z,ATM,SUCCESS,UTILITIES,Jaipur,DEV-3571438e,synthetic-generator,5,1534.6319047619047,21,1,2,1,False,True,False,False,True,False,3,"TRANSACTION_BURST,NEW_DEVICE",False,2026-09-19T05:08:42.628Z
TXN-f962f185-e437-4657-a7d7-f3ba425db3f0,ACC9639245200,UPI_PAYMENT,609.16,INR,2026-09-19T05:08:42.659Z,BRANCH,SUCCESS,EDUCATION,Jaipur,DEV-852ea1b1,synthetic-generator,5,859.4911111111111,18,1,1,1,False,True,False,False,False,False,2,TRANSACTION_BURST,False,2026-09-19T05:08:42.659Z
TXN-96355dec-95ea-4fd8-b0a0-ffd4743c3dc1,ACC3694860228,UPI_PAYMENT,865.71,INR,2026-09-19T05:08:42.693Z,POS,SUCCESS,ENTERTAINMENT,Hyderabad,DEV-a7884c93,synthetic-generator,5,997.366857142857,35,3,3,3,False,True,False,True,True,False,5,"TRANSACTION_BURST,LOCATION_JUMP,NEW_DEVICE",True,2026-09-19T05:08:42.693Z
TXN-7d7f80f6-00ab-4ffa-8d87-0f7e38d9de98,ACC7635473142,UPI_PAYMENT,1425.94,INR,2026-09-19T05:08:42.774Z,UPI,FAILED,ECOMMERCE,Kolkata,DEV-f334152f,synthetic-generator,5,1023.3171428571429,14,5,2,1,False,True,True,False,True,False,5,"TRANSACTION_BURST,REPEATED_FAILURES,NEW_DEVICE",True,2026-09-19T05:08:42.774Z
TXN-8e5c0e51-f873-4366-af73-aa278aef8c3a,ACC7010379415,CARD_PAYMENT,392.57,INR,2026-09-19T05:08:42.843Z,POS,FAILED,FUEL,Mumbai,DEV-cfa5a47d,synthetic-generator,5,304.8645,20,1,1,1,False,True,False,False,False,False,2,TRANSACTION_BURST,False,2026-09-19T05:08:42.843Z
TXN-b001d741-9b7a-49b5-acb2-6c7274eb98ce,ACC6924716023,DEPOSIT,442.23,INR,2026-09-19T05:08:42.967Z,WEB,SUCCESS,OTHER,Delhi,DEV-cda11eca,synthetic-generator,5,1296.8735897435897,39,12,2,2,False,True,False,True,True,False,5,"TRANSACTION_BURST,LOCATION_JUMP,NEW_DEVICE",True,2026-09-19T05:08:42.967Z
TXN-197a806d-de99-4711-a709-ef82b9a04f36,ACC2812140441,ATM_WITHDRAWAL,122.36,INR,2026-09-19T05:08:43.371Z,ATM,SUCCESS,GOVERNMENT,Lucknow,DEV-aed50fce,synthetic-generator,5,587.2391176470588,34,5,1,3,False,True,False,True,False,False,4,"TRANSACTION_BURST,LOCATION_JUMP",False,2026-09-19T05:08:43.371Z
TXN-db1bc866-6d55-40dc-a136-d10fddfc18a0,ACC9963334018,UPI_PAYMENT,520.44,INR,2026-09-19T05:08:43.436Z,ATM,FAILED,DINING,Delhi,DEV-64631af6,synthetic-generator,5,536.0754545454546,33,6,1,1,False,True,True,False,False,False,4,"TRANSACTION_BURST,REPEATED_FAILURES",False,2026-09-19T05:08:43.436Z
TXN-7307e5a0-6ac8-4c5e-9701-051d245bb9b4,ACC4460967357,UPI_PAYMENT,835.68,INR,2026-09-19T05:08:43.502Z,UPI,FAILED,ENTERTAINMENT,Mumbai,DEV-c1b63ec1,synthetic-generator,5,941.7589473684211,19,12,3,1,False,True,True,False,True,False,5,"TRANSACTION_BURST,REPEATED_FAILURES,NEW_DEVICE",True,2026-09-19T05:08:43.502Z
TXN-fb198bc8-49bf-4f10-99d9-07662d939b79,ACC1470939445,UPI_PAYMENT,1896.34,INR,2026-09-19T05:08:43.532Z,ATM,FAILED,GROCERY,Lucknow,DEV-ca5e9548,synthetic-generator,5,630.3511111111111,18,6,3,1,True,True,True,False,True,False,7,"HIGH_AMOUNT,TRANSACTION_BURST,REPEATED_FAILURES,NEW_DEVICE",True,2026-09-19T05:08:43.532Z
TXN-6626ba4a-be36-4f6a-8200-356bf88ceebf,ACC9285415473,TRANSFER,1416.47,INR,2026-09-19T05:08:44.071Z,WEB,SUCCESS,GROCERY,Hyderabad,DEV-285b4bc2,synthetic-generator,5,2868.202307692308,26,9,2,1,False,True,False,False,True,False,3,"TRANSACTION_BURST,NEW_DEVICE",False,2026-09-19T05:08:44.071Z
TXN-4210bdae-c069-4688-ade6-cfe78bd37ef3,ACC6924716023,ATM_WITHDRAWAL,394.68,INR,2026-09-19T05:08:44.160Z,POS,SUCCESS,FUEL,Delhi,DEV-9603ec5d,synthetic-generator,5,1296.8735897435897,39,12,2,2,False,True,False,True,True,False,5,"TRANSACTION_BURST,LOCATION_JUMP,NEW_DEVICE",True,2026-09-19T05:08:44.160Z
TXN-66f64279-356d-4641-92c0-ec927c9d6fc4,ACC6884882440,DEPOSIT,277.79,INR,2026-09-19T05:08:44.192Z,BRANCH,SUCCESS,OTHER,Mumbai,DEV-d32dd4f1,synthetic-generator,5,543.7458823529412,34,7,3,1,False,True,False,False,True,False,3,"TRANSACTION_BURST,NEW_DEVICE",False,2026-09-19T05:08:44.192Z
TXN-4edf8741-0687-4e6c-a8ec-a218ec5c20db,ACC6649827836,CARD_PAYMENT,552.67,INR,2026-09-19T05:08:44.235Z,BRANCH,SUCCESS,DINING,Chennai,DEV-b8dbc058,synthetic-generator,5,1194.808,20,0,1,3,False,True,False,True,False,False,4,"TRANSACTION_BURST,LOCATION_JUMP",False,2026-09-19T05:08:44.235Z
TXN-8225a2f9-9bdf-4c83-9dbf-421a8b5a2e87,ACC2445662585,TRANSFER,454.8,INR,2026-09-19T05:08:44.838Z,WEB,FAILED,HEALTHCARE,Lucknow,DEV-7a6bd543,synthetic-generator,5,2794.9656521739125,23,2,3,1,False,True,False,False,True,False,3,"TRANSACTION_BURST,NEW_DEVICE",False,2026-09-19T05:08:44.838Z
TXN-fb4b141e-2cc0-43fe-974f-546f20dd4457,ACC8047877267,DEPOSIT,171.98,INR,2026-09-19T05:08:45.118Z,ATM,SUCCESS,TRAVEL,Jaipur,DEV-6864daf6,synthetic-generator,5,1046.5081818181818,22,2,2,3,False,True,False,True,True,False,5,"TRANSACTION_BURST,LOCATION_JUMP,NEW_DEVICE",True,2026-09-19T05:08:45.118Z
TXN-78824eb0-ffed-4165-8524-b84b9ab5b3a7,ACC2812140441,ATM_WITHDRAWAL,313.76,INR,2026-09-19T05:08:45.237Z,BRANCH,SUCCESS,OTHER,Lucknow,DEV-aed50fce,synthetic-generator,5,587.2391176470588,34,5,1,3,False,True,False,True,False,False,4,"TRANSACTION_BURST,LOCATION_JUMP",False,2026-09-19T05:08:45.237Z
TXN-8119ebc9-6968-450d-8c82-fccf5173e757,ACC9285415473,REFUND,1769.91,INR,2026-09-19T05:08:45.366Z,MOBILE,PENDING,GROCERY,Hyderabad,DEV-24122226,synthetic-generator,5,2868.202307692308,26,9,2,1,False,True,False,False,True,False,3,"TRANSACTION_BURST,NEW_DEVICE",False,2026-09-19T05:08:45.366Z
TXN-a8e9fe5c-3255-498b-9336-c33be6134cb3,ACC9285415473,UPI_PAYMENT,545.54,INR,2026-09-19T05:08:45.651Z,UPI,FAILED,ENTERTAINMENT,Hyderabad,DEV-24122226,synthetic-generator,5,2868.202307692308,26,9,2,1,False,True,True,False,True,False,5,"TRANSACTION_BURST,REPEATED_FAILURES,NEW_DEVICE",True,2026-09-19T05:08:45.651Z
TXN-ae44732b-74a8-44b3-9e57-0f4e84e7272c,ACC3479708607,BILL_PAYMENT,635.06,INR,2026-09-19T05:08:45.704Z,WEB,SUCCESS,TRAVEL,Ahmedabad,DEV-27fbcc6a,synthetic-generator,5,2299.897619047619,21,1,3,1,False,True,False,False,True,False,3,"TRANSACTION_BURST,NEW_DEVICE",False,2026-09-19T05:08:45.704Z
TXN-c71268e9-2ce4-4793-a03c-240c70b2bd6a,ACC2452066459,BILL_PAYMENT,4451.13,INR,2026-09-19T05:08:45.920Z,WEB,SUCCESS,HEALTHCARE,Pune,DEV-3b0615b0,synthetic-generator,5,605.7847222222222,36,10,3,5,True,True,False,True,True,False,7,"HIGH_AMOUNT,TRANSACTION_BURST,LOCATION_JUMP,NEW_DEVICE",True,2026-09-19T05:08:45.920Z
TXN-3105c820-2691-4bf2-94fa-c3976848c214,ACC6884882440,CARD_PAYMENT,500.41,INR,2026-09-19T05:08:46.087Z,MOBILE,SUCCESS,GROCERY,Mumbai,DEV-0183d84b,synthetic-generator,5,543.7458823529412,34,7,3,1,False,True,False,False,True,False,3,"TRANSACTION_BURST,NEW_DEVICE",False,2026-09-19T05:08:46.087Z
TXN-5dcc5e96-193b-48fc-8e09-0e2ae9dc4a5e,ACC6649827836,UPI_PAYMENT,306.73,INR,2026-09-19T05:08:46.774Z,ATM,SUCCESS,TRAVEL,Chennai,DEV-b8dbc058,synthetic-generator,5,1194.808,20,0,1,3,False,True,False,True,False,False,4,"TRANSACTION_BURST,LOCATION_JUMP",False,2026-09-19T05:08:46.774Z
TXN-01f00d53-3fa6-4f34-91f0-547ac6569519,ACC6924716023,DEPOSIT,558.06,INR,2026-09-19T05:08:47.015Z,UPI,SUCCESS,OTHER,Delhi,DEV-9603ec5d,synthetic-generator,5,1296.8735897435897,39,12,2,2,False,True,False,True,True,False,5,"TRANSACTION_BURST,LOCATION_JUMP,NEW_DEVICE",True,2026-09-19T05:08:47.015Z
TXN-fbe86e26-f87d-4528-82bf-82c3dfd57bd5,ACC7805745017,TRANSFER,1996.43,INR,2026-09-19T05:08:47.069Z,WEB,SUCCESS,GOVERNMENT,Chennai,DEV-472a88df,synthetic-generator,5,806.7152173913043,23,1,2,1,False,True,False,False,True,False,3,"TRANSACTION_BURST,NEW_DEVICE",False,2026-09-19T05:08:47.069Z
TXN-c1c43a17-f5b2-4004-9201-4e998fbefd63,ACC4026113008,UPI_PAYMENT,524.49,INR,2026-09-19T05:08:47.114Z,BRANCH,FAILED,DINING,Ahmedabad,DEV-c444571d,synthetic-generator,5,3347.5088888888886,18,7,3,3,False,True,True,True,True,False,7,"TRANSACTION_BURST,REPEATED_FAILURES,LOCATION_JUMP,NEW_DEVICE",True,2026-09-19T05:08:47.114Z
TXN-8e466e31-756e-4711-ad79-9736b8188ff5,ACC1817804383,UPI_PAYMENT,146.5,INR,2026-09-19T05:08:47.365Z,BRANCH,FAILED,FINANCIAL_SERVICES,Jaipur,DEV-648b28d5,synthetic-generator,5,605.3580000000001,30,5,3,3,False,True,True,True,True,False,7,"TRANSACTION_BURST,REPEATED_FAILURES,LOCATION_JUMP,NEW_DEVICE",True,2026-09-19T05:08:47.365Z
TXN-06bfde5a-bed5-4cb1-ba82-6049dab7e78d,ACC3392080953,REFUND,1116.28,INR,2026-09-19T05:08:47.395Z,UPI,SUCCESS,DINING,Ahmedabad,DEV-16de0ab5,synthetic-generator,5,1303.0548387096774,31,7,2,1,False,True,False,False,True,False,3,"TRANSACTION_BURST,NEW_DEVICE",False,2026-09-19T05:08:47.395Z
TXN-42c73e5d-3cff-4665-8afe-fff2bf82cb1a,ACC9592390865,BILL_PAYMENT,1835.03,INR,2026-09-19T05:08:48.598Z,POS,SUCCESS,TRAVEL,Kolkata,DEV-3f530bed,synthetic-generator,5,1498.7482608695652,23,6,3,1,False,True,False,False,True,False,3,"TRANSACTION_BURST,NEW_DEVICE",False,2026-09-19T05:08:48.598Z
TXN-aa95dc45-c5ee-47f9-acb5-4390c8776273,ACC2948728483,TRANSFER,3774.95,INR,2026-09-19T05:08:49.061Z,WEB,SUCCESS,GOVERNMENT,Chennai,DEV-59dbd815,synthetic-generator,5,1269.472380952381,42,12,3,3,False,True,False,True,True,False,5,"TRANSACTION_BURST,LOCATION_JUMP,NEW_DEVICE",True,2026-09-19T05:08:49.061Z
TXN-524f45fc-078f-46fe-a196-5d2e985a4176,ACC8047877267,DEPOSIT,38.95,INR,2026-09-19T05:08:49.137Z,BRANCH,SUCCESS,EDUCATION,Jaipur,DEV-c12fe6a2,synthetic-generator,5,1046.5081818181818,22,2,2,3,False,True,False,True,True,False,5,"TRANSACTION_BURST,LOCATION_JUMP,NEW_DEVICE",True,2026-09-19T05:08:49.137Z
TXN-dab23d38-83c8-4ec9-90ca-32f72e17f14a,ACC1127978094,UPI_PAYMENT,215.95,INR,2026-09-19T05:08:49.662Z,ATM,FAILED,TRAVEL,Pune,DEV-9aedd924,synthetic-generator,5,374.10181818181815,11,7,1,1,False,True,True,False,False,False,4,"TRANSACTION_BURST,REPEATED_FAILURES",False,2026-09-19T05:08:49.662Z
TXN-d0eb67a4-8f0e-4a59-8b08-0dad91b0376d,ACC7805745017,TRANSFER,398.21,INR,2026-09-19T05:08:49.860Z,UPI,SUCCESS,HEALTHCARE,Chennai,DEV-1d03c6d5,synthetic-generator,5,806.7152173913043,23,1,2,1,False,True,False,False,True,False,3,"TRANSACTION_BURST,NEW_DEVICE",False,2026-09-19T05:08:49.860Z
TXN-4a47ead5-0626-47ca-9a3d-154465a8517c,ACC4460967357,UPI_PAYMENT,448.51,INR,2026-09-19T05:08:50.409Z,BRANCH,FAILED,FINANCIAL_SERVICES,Mumbai,DEV-77b070dc,synthetic-generator,5,941.7589473684211,19,12,3,1,False,True,True,False,True,False,5,"TRANSACTION_BURST,REPEATED_FAILURES,NEW_DEVICE",True,2026-09-19T05:08:50.409Z
TXN-b072002a-ab0f-4111-9744-ee2d121733c0,ACC8235363119,UPI_PAYMENT,768.51,INR,2026-09-19T05:08:50.455Z,WEB,SUCCESS,FINANCIAL_SERVICES,Pune,DEV-818eb553,synthetic-generator,5,1597.1244444444446,18,1,1,1,False,True,False,False,False,False,2,TRANSACTION_BURST,False,2026-09-19T05:08:50.455Z
TXN-0c7ea949-43a6-417f-838a-51967fa031dc,ACC9592390865,DEPOSIT,231.8,INR,2026-09-19T05:08:50.602Z,POS,SUCCESS,UTILITIES,Kolkata,DEV-3f530bed,synthetic-generator,5,1498.7482608695652,23,6,3,1,False,True,False,False,True,False,3,"TRANSACTION_BURST,NEW_DEVICE",False,2026-09-19T05:08:50.602Z
TXN-b540ed1f-f7ba-4cdd-845b-7426e7b05144,ACC6884882440,TRANSFER,346.79,INR,2026-09-19T05:08:51.596Z,ATM,SUCCESS,GROCERY,Mumbai,DEV-0183d84b,synthetic-generator,5,543.7458823529412,34,7,3,1,False,True,False,False,True,False,3,"TRANSACTION_BURST,NEW_DEVICE",False,2026-09-19T05:08:51.596Z
TXN-0c91c45b-be62-46d5-ae5a-43453aad15dd,ACC2445662585,UPI_PAYMENT,231.71,INR,2026-09-19T05:08:51.666Z,ATM,SUCCESS,GROCERY,Lucknow,DEV-e344b4ff,synthetic-generator,5,2794.9656521739125,23,2,3,1,False,True,False,False,True,False,3,"TRANSACTION_BURST,NEW_DEVICE",False,2026-09-19T05:08:51.666Z
TXN-e0f9ab49-136f-4fa9-b132-ce3e09299cab,ACC2137651678,REFUND,3028.02,INR,2026-09-19T05:08:51.907Z,ATM,FAILED,FUEL,Jaipur,DEV-5060cefa,synthetic-generator,5,1534.6319047619047,21,1,2,1,False,True,False,False,True,False,3,"TRANSACTION_BURST,NEW_DEVICE",False,2026-09-19T05:08:51.907Z
TXN-bfa9a56b-1b70-48c3-9387-7150abc41870,ACC7805745017,DEPOSIT,134.99,INR,2026-09-19T05:08:52.371Z,POS,FAILED,EDUCATION,Chennai,DEV-472a88df,synthetic-generator,5,806.7152173913043,23,1,2,1,False,True,False,False,True,False,3,"TRANSACTION_BURST,NEW_DEVICE",False,2026-09-19T05:08:52.371Z
TXN-c4e74d42-1d94-4aad-a9e8-7d11dbf25689,ACC2149938334,ATM_WITHDRAWAL,408.47,INR,2026-09-19T05:08:52.581Z,POS,SUCCESS,EDUCATION,Mumbai,DEV-b05f46f5,synthetic-generator,5,1112.317,20,1,1,1,False,True,False,False,False,False,2,TRANSACTION_BURST,False,2026-09-19T05:08:52.581Z
TXN-3edcd983-7847-4249-a69a-1eef1e531ec2,ACC2812140441,REFUND,1155.22,INR,2026-09-19T05:08:52.596Z,BRANCH,SUCCESS,ECOMMERCE,Jaipur,DEV-aed50fce,synthetic-generator,5,587.2391176470588,34,5,1,3,False,True,False,True,False,False,4,"TRANSACTION_BURST,LOCATION_JUMP",False,2026-09-19T05:08:52.596Z
TXN-d1949acf-4bd4-4d71-97c0-cff25b4f6a77,ACC9703905715,CARD_PAYMENT,680.09,INR,2026-09-19T05:08:53.298Z,UPI,SUCCESS,FINANCIAL_SERVICES,Hyderabad,DEV-6387f5a3,synthetic-generator,5,1864.245263157895,19,1,1,1,False,True,False,False,False,False,2,TRANSACTION_BURST,False,2026-09-19T05:08:53.298Z
TXN-99f8cdb9-3c21-4151-92fe-0db04d060d6c,ACC8429141456,UPI_PAYMENT,1568.05,INR,2026-09-19T05:08:53.345Z,MOBILE,FAILED,FINANCIAL_SERVICES,Jaipur,DEV-75b31ad3,synthetic-generator,5,1572.8690000000001,10,5,2,1,False,True,True,False,True,False,5,"TRANSACTION_BURST,REPEATED_FAILURES,NEW_DEVICE",True,2026-09-19T05:08:53.345Z
TXN-cfba0e97-1abe-411b-a342-dced05a0a6e7,ACC2812140441,UPI_PAYMENT,430.47,INR,2026-09-19T05:08:53.652Z,WEB,FAILED,ECOMMERCE,Lucknow,DEV-aed50fce,synthetic-generator,5,587.2391176470588,34,5,1,3,False,True,True,True,False,False,6,"TRANSACTION_BURST,REPEATED_FAILURES,LOCATION_JUMP",True,2026-09-19T05:08:53.652Z
TXN-d3681174-6c8b-431c-8a75-b24442810b07,ACC6884882440,UPI_PAYMENT,1994.41,INR,2026-09-19T05:08:53.774Z,POS,SUCCESS,OTHER,Mumbai,DEV-0183d84b,synthetic-generator,5,543.7458823529412,34,7,3,1,True,True,False,False,True,False,5,"HIGH_AMOUNT,TRANSACTION_BURST,NEW_DEVICE",True,2026-09-19T05:08:53.774Z
TXN-78d1bd97-55b1-4c0d-9f29-fc552eca1a60,ACC9703905715,REFUND,461.7,INR,2026-09-19T05:08:54.045Z,MOBILE,SUCCESS,ECOMMERCE,Hyderabad,DEV-6387f5a3,synthetic-generator,5,1864.245263157895,19,1,1,1,False,True,False,False,False,False,2,TRANSACTION_BURST,False,2026-09-19T05:08:54.045Z
TXN-4031b760-d038-4d07-a296-1206a7e217a7,ACC2452066459,BILL_PAYMENT,201.41,INR,2026-09-19T05:08:54.107Z,ATM,SUCCESS,EDUCATION,Pune,DEV-3b0615b0,synthetic-generator,5,605.7847222222222,36,10,3,5,False,True,False,True,True,False,5,"TRANSACTION_BURST,LOCATION_JUMP,NEW_DEVICE",True,2026-09-19T05:08:54.107Z
TXN-c89e710f-d304-42e0-9d1a-50c5d78e6707,ACC1945826486,DEPOSIT,1868.44,INR,2026-09-19T05:08:54.532Z,WEB,SUCCESS,GOVERNMENT,Delhi,DEV-7c79de1a,synthetic-generator,5,1154.3345,20,0,3,3,False,True,False,True,True,False,5,"TRANSACTION_BURST,LOCATION_JUMP,NEW_DEVICE",True,2026-09-19T05:08:54.532Z
TXN-322d6956-df38-4919-8254-214c93a13820,ACC6649827836,TRANSFER,1709.1,INR,2026-09-19T05:08:54.695Z,POS,SUCCESS,EDUCATION,Delhi,DEV-b8dbc058,synthetic-generator,5,1194.808,20,0,1,3,False,True,False,True,False,False,4,"TRANSACTION_BURST,LOCATION_JUMP",False,2026-09-19T05:08:54.695Z
TXN-189fa331-be0d-46c0-9578-bb9782bff3ee,ACC5996775663,TRANSFER,662.56,INR,2026-09-19T05:08:54.997Z,ATM,PENDING,ENTERTAINMENT,Hyderabad,DEV-bd453a08,synthetic-generator,5,3597.0620000000004,20,1,1,1,False,True,False,False,False,False,2,TRANSACTION_BURST,False,2026-09-19T05:08:54.997Z
TXN-aac05faf-555d-42e3-8fa1-1bf5d1c5d001,ACC4131356954,UPI_PAYMENT,533.15,INR,2026-09-19T05:08:55.717Z,ATM,FAILED,FUEL,Bengaluru,DEV-1619970c,synthetic-generator,5,1310.4152380952382,21,6,3,1,False,True,True,False,True,False,5,"TRANSACTION_BURST,REPEATED_FAILURES,NEW_DEVICE",True,2026-09-19T05:08:55.717Z
TXN-569df693-f7fe-4e64-bdd3-f20ce920f21f,ACC6924716023,ATM_WITHDRAWAL,946.08,INR,2026-09-19T05:08:55.870Z,WEB,SUCCESS,ECOMMERCE,Delhi,DEV-cda11eca,synthetic-generator,5,1296.8735897435897,39,12,2,2,False,True,False,True,True,False,5,"TRANSACTION_BURST,LOCATION_JUMP,NEW_DEVICE",True,2026-09-19T05:08:55.870Z
TXN-1a61a1bb-d55f-433a-b6a1-9b771a3faa97,ACC9703905715,ATM_WITHDRAWAL,770.14,INR,2026-09-19T05:08:56.073Z,POS,SUCCESS,GROCERY,Hyderabad,DEV-6387f5a3,synthetic-generator,5,1864.245263157895,19,1,1,1,False,True,False,False,False,False,2,TRANSACTION_BURST,False,2026-09-19T05:08:56.073Z
TXN-10ed41d1-6856-44a1-8797-1cab7a5813b8,ACC2445662585,REFUND,1619.39,INR,2026-09-19T05:08:56.394Z,POS,SUCCESS,OTHER,Lucknow,DEV-effa6850,synthetic-generator,5,2794.9656521739125,23,2,3,1,False,True,False,False,True,False,3,"TRANSACTION_BURST,NEW_DEVICE",False,2026-09-19T05:08:56.394Z
TXN-1c8b9515-59da-46f2-af1f-541ac8504601,ACC6649827836,ATM_WITHDRAWAL,182.66,INR,2026-09-19T05:08:56.800Z,UPI,SUCCESS,TRAVEL,Chennai,DEV-b8dbc058,synthetic-generator,5,1194.808,20,0,1,3,False,True,False,True,False,False,4,"TRANSACTION_BURST,LOCATION_JUMP",False,2026-09-19T05:08:56.800Z
TXN-c731465d-ccb7-4ab1-a634-6f78ce2523ef,ACC2149938334,DEPOSIT,672.74,INR,2026-09-19T05:08:57.036Z,POS,SUCCESS,FINANCIAL_SERVICES,Mumbai,DEV-b05f46f5,synthetic-generator,5,1112.317,20,1,1,1,False,True,False,False,False,False,2,TRANSACTION_BURST,False,2026-09-19T05:08:57.036Z
TXN-9dcc9b28-c8c5-47de-a07c-1578962df505,ACC9592390865,UPI_PAYMENT,973.78,INR,2026-09-19T05:08:57.054Z,ATM,SUCCESS,FINANCIAL_SERVICES,Kolkata,DEV-da5c5bec,synthetic-generator,5,1498.7482608695652,23,6,3,1,False,True,False,False,True,False,3,"TRANSACTION_BURST,NEW_DEVICE",False,2026-09-19T05:08:57.054Z
TXN-3a3a1d80-a33e-471c-8df9-74a18f89ddf8,ACC1945826486,BILL_PAYMENT,653.07,INR,2026-09-19T05:08:57.133Z,MOBILE,SUCCESS,EDUCATION,Delhi,DEV-6de9cd15,synthetic-generator,5,1154.3345,20,0,3,3,False,True,False,True,True,False,5,"TRANSACTION_BURST,LOCATION_JUMP,NEW_DEVICE",True,2026-09-19T05:08:57.133Z
TXN-950d95df-0f16-4670-b039-eed9567f42fa,ACC2452066459,CARD_PAYMENT,75.62,INR,2026-09-19T05:08:57.402Z,POS,SUCCESS,ECOMMERCE,Pune,DEV-730a7e18,synthetic-generator,5,605.7847222222222,36,10,3,5,False,True,False,True,True,False,5,"TRANSACTION_BURST,LOCATION_JUMP,NEW_DEVICE",True,2026-09-19T05:08:57.402Z
TXN-b710d320-e0f0-4460-b006-b5ed289aefcd,ACC3694860228,CARD_PAYMENT,879.97,INR,2026-09-19T05:08:57.733Z,BRANCH,REVERSED,DINING,Hyderabad,DEV-a7884c93,synthetic-generator,5,997.366857142857,35,3,3,3,False,True,False,True,True,False,5,"TRANSACTION_BURST,LOCATION_JUMP,NEW_DEVICE",True,2026-09-19T05:08:57.733Z
TXN-353c878c-ddef-48cb-97e8-7fae1ea8f21f,ACC2137651678,REFUND,769.41,INR,2026-09-19T05:08:57.791Z,WEB,SUCCESS,DINING,Jaipur,DEV-3571438e,synthetic-generator,5,1534.6319047619047,21,1,2,1,False,True,False,False,True,False,3,"TRANSACTION_BURST,NEW_DEVICE",False,2026-09-19T05:08:57.791Z
TXN-bce89329-209c-48a0-9ffe-c3cd5a48b3cc,ACC2137651678,UPI_PAYMENT,2408.92,INR,2026-09-19T05:08:57.909Z,POS,SUCCESS,GOVERNMENT,Jaipur,DEV-5060cefa,synthetic-generator,5,1534.6319047619047,21,1,2,1,False,True,False,False,True,False,3,"TRANSACTION_BURST,NEW_DEVICE",False,2026-09-19T05:08:57.909Z
TXN-59bfe66a-8a4c-4940-acab-96dedf1dec7e,ACC6924716023,UPI_PAYMENT,852.2,INR,2026-09-19T05:08:58.293Z,WEB,SUCCESS,DINING,Delhi,DEV-9603ec5d,synthetic-generator,5,1296.8735897435897,39,12,2,2,False,True,False,True,True,False,5,"TRANSACTION_BURST,LOCATION_JUMP,NEW_DEVICE",True,2026-09-19T05:08:58.293Z
TXN-1bc29a67-81b2-43c6-95dc-cd84cee2d495,ACC6924716023,UPI_PAYMENT,1768.89,INR,2026-09-19T05:08:58.442Z,UPI,FAILED,TRAVEL,Delhi,DEV-9603ec5d,synthetic-generator,5,1296.8735897435897,39,12,2,2,False,True,True,True,True,False,7,"TRANSACTION_BURST,REPEATED_FAILURES,LOCATION_JUMP,NEW_DEVICE",True,2026-09-19T05:08:58.442Z
TXN-68f4f7af-ae7c-4515-b9a4-cebde58db74b,ACC2625792787,TRANSFER,550.0,INR,2026-09-19T05:08:58.461Z,POS,SUCCESS,DINING,Jaipur,DEV-ace75fb8,synthetic-generator,5,4126.750769230769,13,0,1,1,False,True,False,False,False,False,2,TRANSACTION_BURST,False,2026-09-19T05:08:58.461Z
TXN-218acf9e-d1dc-4c58-a386-b8e93d58fb68,ACC9639245200,BILL_PAYMENT,112.95,INR,2026-09-19T05:08:58.485Z,BRANCH,SUCCESS,ENTERTAINMENT,Jaipur,DEV-852ea1b1,synthetic-generator,5,859.4911111111111,18,1,1,1,False,True,False,False,False,False,2,TRANSACTION_BURST,False,2026-09-19T05:08:58.485Z
TXN-a7e40ba2-9410-4a75-bc18-e274ef2ddc68,ACC6924716023,UPI_PAYMENT,228.57,INR,2026-09-19T05:08:58.979Z,WEB,FAILED,EDUCATION,Delhi,DEV-cda11eca,synthetic-generator,5,1296.8735897435897,39,12,2,2,False,True,True,True,True,False,7,"TRANSACTION_BURST,REPEATED_FAILURES,LOCATION_JUMP,NEW_DEVICE",True,2026-09-19T05:08:58.979Z
TXN-fd56d56d-f305-4271-b365-a8667ee32db8,ACC9285415473,UPI_PAYMENT,247.83,INR,2026-09-19T05:08:59.159Z,UPI,FAILED,GROCERY,Hyderabad,DEV-285b4bc2,synthetic-generator,5,2868.202307692308,26,9,2,1,False,True,True,False,True,False,5,"TRANSACTION_BURST,REPEATED_FAILURES,NEW_DEVICE",True,2026-09-19T05:08:59.159Z
TXN-1a662b8d-eb8e-4890-a9ef-8fe217b395f0,ACC9592390865,CARD_PAYMENT,1246.33,INR,2026-09-19T05:08:59.235Z,ATM,SUCCESS,UTILITIES,Kolkata,DEV-18be6101,synthetic-generator,5,1498.7482608695652,23,6,3,1,False,True,False,False,True,False,3,"TRANSACTION_BURST,NEW_DEVICE",False,2026-09-19T05:08:59.235Z
TXN-30966dce-58ec-4af5-887e-d47bc29eb18b,ACC3392080953,CARD_PAYMENT,159.48,INR,2026-09-19T05:08:59.530Z,WEB,SUCCESS,GROCERY,Ahmedabad,DEV-ca9a8ac4,synthetic-generator,5,1303.0548387096774,31,7,2,1,False,True,False,False,True,False,3,"TRANSACTION_BURST,NEW_DEVICE",False,2026-09-19T05:08:59.530Z
TXN-658c4c6e-c6f4-46ef-ba77-a7d5b6b22d28,ACC9592390865,UPI_PAYMENT,457.55,INR,2026-09-19T05:09:00.186Z,ATM,FAILED,FUEL,Kolkata,DEV-3f530bed,synthetic-generator,5,1498.7482608695652,23,6,3,1,False,True,True,False,True,False,5,"TRANSACTION_BURST,REPEATED_FAILURES,NEW_DEVICE",True,2026-09-19T05:09:00.186Z
TXN-a7e706da-ed32-4fea-9a0b-76a15f7a6f77,ACC6884882440,UPI_PAYMENT,149.48,INR,2026-09-19T05:09:00.441Z,UPI,SUCCESS,FINANCIAL_SERVICES,Mumbai,DEV-ea1f6ed8,synthetic-generator,5,543.7458823529412,34,7,3,1,False,True,False,False,True,False,3,"TRANSACTION_BURST,NEW_DEVICE",False,2026-09-19T05:09:00.441Z
TXN-0eb3fade-5a9b-450c-bc02-235eaece10f4,ACC1945826486,ATM_WITHDRAWAL,1358.16,INR,2026-09-19T05:09:00.518Z,ATM,SUCCESS,GOVERNMENT,Delhi,DEV-7c79de1a,synthetic-generator,5,1154.3345,20,0,3,3,False,True,False,True,True,False,5,"TRANSACTION_BURST,LOCATION_JUMP,NEW_DEVICE",True,2026-09-19T05:09:00.518Z
TXN-c4e8561e-b1a7-4872-8bea-dc06b5e7dbc3,ACC2812140441,CARD_PAYMENT,524.73,INR,2026-09-19T05:09:00.942Z,BRANCH,SUCCESS,TRAVEL,Lucknow,DEV-aed50fce,synthetic-generator,5,587.2391176470588,34,5,1,3,False,True,False,True,False,False,4,"TRANSACTION_BURST,LOCATION_JUMP",False,2026-09-19T05:09:00.942Z
TXN-0d9d489c-8b54-4de6-900f-fcf04ae8741d,ACC7805745017,ATM_WITHDRAWAL,868.59,INR,2026-09-19T05:09:01.027Z,MOBILE,SUCCESS,DINING,Chennai,DEV-1d03c6d5,synthetic-generator,5,806.7152173913043,23,1,2,1,False,True,False,False,True,False,3,"TRANSACTION_BURST,NEW_DEVICE",False,2026-09-19T05:09:01.027Z
TXN-28796be0-3643-4d72-b3db-a80b3eb3b49b,ACC9285415473,CARD_PAYMENT,919.93,INR,2026-09-19T05:09:01.323Z,BRANCH,SUCCESS,FUEL,Hyderabad,DEV-285b4bc2,synthetic-generator,5,2868.202307692308,26,9,2,1,False,True,False,False,True,False,3,"TRANSACTION_BURST,NEW_DEVICE",False,2026-09-19T05:09:01.323Z
TXN-f4d0aca3-3483-4cde-9d34-4e5017ece515,ACC7010379415,REFUND,234.38,INR,2026-09-19T05:09:01.942Z,BRANCH,SUCCESS,ENTERTAINMENT,Mumbai,DEV-cfa5a47d,synthetic-generator,5,304.8645,20,1,1,1,False,True,False,False,False,False,2,TRANSACTION_BURST,False,2026-09-19T05:09:01.942Z
TXN-ce6d6e54-8f23-46ad-b5ab-6cd87c384abf,ACC8047877267,ATM_WITHDRAWAL,770.78,INR,2026-09-19T05:09:02.070Z,ATM,SUCCESS,ECOMMERCE,Jaipur,DEV-6864daf6,synthetic-generator,5,1046.5081818181818,22,2,2,3,False,True,False,True,True,False,5,"TRANSACTION_BURST,LOCATION_JUMP,NEW_DEVICE",True,2026-09-19T05:09:02.070Z
TXN-d527b18c-d99f-4901-a3e0-b7a53b008a16,ACC7805745017,DEPOSIT,365.18,INR,2026-09-19T05:09:02.372Z,BRANCH,SUCCESS,FUEL,Chennai,DEV-472a88df,synthetic-generator,5,806.7152173913043,23,1,2,1,False,True,False,False,True,False,3,"TRANSACTION_BURST,NEW_DEVICE",False,2026-09-19T05:09:02.372Z
TXN-3dead38d-fb82-4bfe-9029-d261263cbb65,ACC2452066459,REFUND,942.78,INR,2026-09-19T05:09:02.741Z,POS,FAILED,OTHER,Pune,DEV-3b0615b0,synthetic-generator,5,605.7847222222222,36,10,3,5,False,True,True,True,True,False,7,"TRANSACTION_BURST,REPEATED_FAILURES,LOCATION_JUMP,NEW_DEVICE",True,2026-09-19T05:09:02.741Z
TXN-cf9e1122-d5c3-466e-b92c-e2cd57375b90,ACC2948728483,UPI_PAYMENT,4061.82,INR,2026-09-19T05:09:02.754Z,UPI,SUCCESS,GROCERY,Chennai,DEV-59dbd815,synthetic-generator,5,1269.472380952381,42,12,3,3,True,True,False,True,True,False,7,"HIGH_AMOUNT,TRANSACTION_BURST,LOCATION_JUMP,NEW_DEVICE",True,2026-09-19T05:09:02.754Z
TXN-0d83fb3d-33b0-4e62-86db-b3f72d08b8cd,ACC1519709079,TRANSFER,431.9,INR,2026-09-19T05:09:03.073Z,ATM,SUCCESS,OTHER,Lucknow,DEV-7b3b6710,synthetic-generator,5,374.24260869565217,23,2,3,1,False,True,False,False,True,False,3,"TRANSACTION_BURST,NEW_DEVICE",False,2026-09-19T05:09:03.073Z
TXN-d25b4f78-b377-48c1-ae79-6c27280919ec,ACC6924716023,UPI_PAYMENT,637.26,INR,2026-09-19T05:09:03.378Z,ATM,FAILED,DINING,Delhi,DEV-9603ec5d,synthetic-generator,5,1296.8735897435897,39,12,2,2,False,True,True,True,True,False,7,"TRANSACTION_BURST,REPEATED_FAILURES,LOCATION_JUMP,NEW_DEVICE",True,2026-09-19T05:09:03.378Z
TXN-027a8fa2-5afd-4055-8050-19e44dbfd3dc,ACC2812140441,TRANSFER,240.17,INR,2026-09-19T05:09:03.991Z,ATM,SUCCESS,HEALTHCARE,Lucknow,DEV-aed50fce,synthetic-generator,5,587.2391176470588,34,5,1,3,False,True,False,True,False,False,4,"TRANSACTION_BURST,LOCATION_JUMP",False,2026-09-19T05:09:03.991Z
TXN-8054ed99-e3a4-4fd3-bf53-38540cb4e0bb,ACC5996775663,UPI_PAYMENT,1687.86,INR,2026-09-19T05:09:04.257Z,BRANCH,SUCCESS,GROCERY,Hyderabad,DEV-bd453a08,synthetic-generator,5,3597.0620000000004,20,1,1,1,False,True,False,False,False,False,2,TRANSACTION_BURST,False,2026-09-19T05:09:04.257Z
TXN-423044f5-52b0-489a-a562-7c52d8325356,ACC5996775663,DEPOSIT,897.33,INR,2026-09-19T05:09:04.514Z,BRANCH,SUCCESS,ENTERTAINMENT,Hyderabad,DEV-bd453a08,synthetic-generator,5,3597.0620000000004,20,1,1,1,False,True,False,False,False,False,2,TRANSACTION_BURST,False,2026-09-19T05:09:04.514Z
TXN-8cb4bde7-0da7-4564-88c9-ef85c46d3038,ACC6649827836,DEPOSIT,1932.9,INR,2026-09-19T05:09:04.734Z,WEB,SUCCESS,ENTERTAINMENT,Chennai,DEV-b8dbc058,synthetic-generator,5,1194.808,20,0,1,3,False,True,False,True,False,False,4,"TRANSACTION_BURST,LOCATION_JUMP",False,2026-09-19T05:09:04.734Z
TXN-b3e48e5f-a6ed-40e1-b877-f79e9b08d14e,ACC9592390865,REFUND,209.8,INR,2026-09-19T05:09:05.249Z,UPI,PENDING,ENTERTAINMENT,Kolkata,DEV-da5c5bec,synthetic-generator,5,1498.7482608695652,23,6,3,1,False,True,False,False,True,False,3,"TRANSACTION_BURST,NEW_DEVICE",False,2026-09-19T05:09:05.249Z
TXN-31512954-7d27-4b2b-b091-5f4753e6576b,ACC9963334018,ATM_WITHDRAWAL,198.27,INR,2026-09-19T05:09:05.353Z,POS,SUCCESS,DINING,Delhi,DEV-64631af6,synthetic-generator,5,536.0754545454546,33,6,1,1,False,True,False,False,False,False,2,TRANSACTION_BURST,False,2026-09-19T05:09:05.353Z
TXN-32d8c84a-a913-41b1-9663-0b41a495fe81,ACC9963334018,ATM_WITHDRAWAL,77.94,INR,2026-09-19T05:09:05.368Z,MOBILE,SUCCESS,OTHER,Delhi,DEV-64631af6,synthetic-generator,5,536.0754545454546,33,6,1,1,False,True,False,False,False,False,2,TRANSACTION_BURST,False,2026-09-19T05:09:05.368Z
TXN-ed815776-61da-4bd4-aa82-d28eccd4da93,ACC8047877267,REFUND,1014.23,INR,2026-09-19T05:09:05.418Z,ATM,SUCCESS,FINANCIAL_SERVICES,Jaipur,DEV-6864daf6,synthetic-generator,5,1046.5081818181818,22,2,2,3,False,True,False,True,True,False,5,"TRANSACTION_BURST,LOCATION_JUMP,NEW_DEVICE",True,2026-09-19T05:09:05.418Z
TXN-dd47741b-22a7-4ddb-b9fa-96fdbf13bbe4,ACC3694860228,DEPOSIT,293.7,INR,2026-09-19T05:09:05.540Z,WEB,FAILED,ENTERTAINMENT,Hyderabad,DEV-f6ee34d8,synthetic-generator,5,997.366857142857,35,3,3,3,False,True,False,True,True,False,5,"TRANSACTION_BURST,LOCATION_JUMP,NEW_DEVICE",True,2026-09-19T05:09:05.540Z
TXN-a155c9c6-e68d-4224-84ef-611da34cc6aa,ACC6687206971,REFUND,97.19,INR,2026-09-19T05:09:05.577Z,BRANCH,PENDING,ECOMMERCE,Mumbai,DEV-a607110c,synthetic-generator,5,589.6045833333334,24,9,1,1,False,True,False,False,False,False,2,TRANSACTION_BURST,False,2026-09-19T05:09:05.577Z
TXN-0250d63a-57da-4cc9-9261-30830c7992f4,ACC9894847574,TRANSFER,512.45,INR,2026-09-19T05:09:05.956Z,POS,SUCCESS,UTILITIES,Hyderabad,DEV-43f91aad,synthetic-generator,5,1558.878,15,2,2,5,False,True,False,True,True,False,5,"TRANSACTION_BURST,LOCATION_JUMP,NEW_DEVICE",True,2026-09-19T05:09:05.956Z
TXN-154824bd-c2a7-4a63-8ed9-c5194be3b81f,ACC6884882440,BILL_PAYMENT,146.3,INR,2026-09-19T05:09:06.342Z,WEB,FAILED,UTILITIES,Mumbai,DEV-0183d84b,synthetic-generator,5,543.7458823529412,34,7,3,1,False,True,True,False,True,False,5,"TRANSACTION_BURST,REPEATED_FAILURES,NEW_DEVICE",True,2026-09-19T05:09:06.342Z
TXN-f1850961-8b5e-484e-b414-4d03675062b4,ACC2149938334,UPI_PAYMENT,1192.45,INR,2026-09-19T05:09:06.656Z,BRANCH,SUCCESS,UTILITIES,Mumbai,DEV-b05f46f5,synthetic-generator,5,1112.317,20,1,1,1,False,True,False,False,False,False,2,TRANSACTION_BURST,False,2026-09-19T05:09:06.656Z
TXN-8bf455bf-995a-4259-93bb-e3e0349396cd,ACC5996775663,REFUND,985.31,INR,2026-09-19T05:09:06.817Z,MOBILE,SUCCESS,FINANCIAL_SERVICES,Hyderabad,DEV-bd453a08,synthetic-generator,5,3597.0620000000004,20,1,1,1,False,True,False,False,False,False,2,TRANSACTION_BURST,False,2026-09-19T05:09:06.817Z
TXN-423ef9a0-e398-4ebd-81ff-a0f63a243b2f,ACC2948728483,UPI_PAYMENT,627.87,INR,2026-09-19T05:09:06.940Z,ATM,SUCCESS,HEALTHCARE,Chennai,DEV-6ef89518,synthetic-generator,5,1269.472380952381,42,12,3,3,False,True,False,True,True,False,5,"TRANSACTION_BURST,LOCATION_JUMP,NEW_DEVICE",True,2026-09-19T05:09:06.940Z
TXN-1ecfa846-2f1d-41eb-9b39-ddca1fa245ee,ACC9592390865,UPI_PAYMENT,4420.27,INR,2026-09-19T05:09:07.408Z,WEB,SUCCESS,ENTERTAINMENT,Kolkata,DEV-3f530bed,synthetic-generator,5,1498.7482608695652,23,6,3,1,False,True,False,False,True,False,3,"TRANSACTION_BURST,NEW_DEVICE",False,2026-09-19T05:09:07.408Z
TXN-4c3a22ed-57be-4b17-a313-5576f7ed8f75,ACC1817804383,ATM_WITHDRAWAL,570.39,INR,2026-09-19T05:09:07.633Z,MOBILE,SUCCESS,GROCERY,Jaipur,DEV-648b28d5,synthetic-generator,5,605.3580000000001,30,5,3,3,False,True,False,True,True,False,5,"TRANSACTION_BURST,LOCATION_JUMP,NEW_DEVICE",True,2026-09-19T05:09:07.633Z
TXN-73af3d5a-8a5d-4198-94a2-fbc3ffed8105,ACC4131356954,REFUND,2459.88,INR,2026-09-19T05:09:07.662Z,WEB,SUCCESS,ENTERTAINMENT,Bengaluru,DEV-b5ee4ce1,synthetic-generator,5,1310.4152380952382,21,6,3,1,False,True,False,False,True,False,3,"TRANSACTION_BURST,NEW_DEVICE",False,2026-09-19T05:09:07.662Z
TXN-d85e6a09-2e2f-4dc6-ba17-72a7475b1c7a,ACC4131356954,CARD_PAYMENT,604.72,INR,2026-09-19T05:09:07.703Z,WEB,SUCCESS,HEALTHCARE,Bengaluru,DEV-8079168f,synthetic-generator,5,1310.4152380952382,21,6,3,1,False,True,False,False,True,False,3,"TRANSACTION_BURST,NEW_DEVICE",False,2026-09-19T05:09:07.703Z
TXN-8069850b-d3ca-4464-bb11-280e81afbbff,ACC2948728483,BILL_PAYMENT,572.04,INR,2026-09-19T05:09:07.820Z,MOBILE,SUCCESS,ECOMMERCE,Chennai,DEV-6ef89518,synthetic-generator,5,1269.472380952381,42,12,3,3,False,True,False,True,True,False,5,"TRANSACTION_BURST,LOCATION_JUMP,NEW_DEVICE",True,2026-09-19T05:09:07.820Z
TXN-d16e48ec-92d5-45e2-ad3b-847715713d0e,ACC1519709079,BILL_PAYMENT,725.43,INR,2026-09-19T05:09:07.827Z,BRANCH,SUCCESS,GROCERY,Lucknow,DEV-f7a7d5f2,synthetic-generator,5,374.24260869565217,23,2,3,1,False,True,False,False,True,False,3,"TRANSACTION_BURST,NEW_DEVICE",False,2026-09-19T05:09:07.827Z
TXN-4a0259cd-8d6c-412e-a0a4-989820b68670,ACC9639245200,CARD_PAYMENT,218.04,INR,2026-09-19T05:09:07.934Z,POS,SUCCESS,GOVERNMENT,Jaipur,DEV-852ea1b1,synthetic-generator,5,859.4911111111111,18,1,1,1,False,True,False,False,False,False,2,TRANSACTION_BURST,False,2026-09-19T05:09:07.934Z
TXN-8b6f7817-fbd5-4a35-9903-54708b5a09f7,ACC1939042955,BILL_PAYMENT,159.16,INR,2026-09-19T05:09:08.004Z,ATM,SUCCESS,ECOMMERCE,Delhi,DEV-9a48534f,synthetic-generator,5,437.26181818181817,22,4,2,1,False,True,False,False,True,False,3,"TRANSACTION_BURST,NEW_DEVICE",False,2026-09-19T05:09:08.004Z
TXN-b46ec2ca-7ec4-4bb9-84ea-cd7e48d49ac8,ACC7010379415,CARD_PAYMENT,44.39,INR,2026-09-19T05:09:08.412Z,ATM,SUCCESS,EDUCATION,Mumbai,DEV-cfa5a47d,synthetic-generator,5,304.8645,20,1,1,1,False,True,False,False,False,False,2,TRANSACTION_BURST,False,2026-09-19T05:09:08.412Z
TXN-e912a8e6-6b22-46ef-8e0a-bc89fed765c9,ACC8235363119,CARD_PAYMENT,331.41,INR,2026-09-19T05:09:08.581Z,UPI,SUCCESS,EDUCATION,Pune,DEV-818eb553,synthetic-generator,5,1597.1244444444446,18,1,1,1,False,True,False,False,False,False,2,TRANSACTION_BURST,False,2026-09-19T05:09:08.581Z
TXN-b89abe15-5327-4506-8ac9-9db9c0ed6083,ACC3746317213,DEPOSIT,760.61,INR,2026-09-19T05:09:09.470Z,BRANCH,SUCCESS,HEALTHCARE,Kolkata,DEV-a51fa206,synthetic-generator,5,468.23333333333335,6,1,3,3,False,False,False,True,True,False,3,"LOCATION_JUMP,NEW_DEVICE",False,2026-09-19T05:09:09.470Z
TXN-50fb582f-90f5-413e-a9c0-1ea7de2c67ab,ACC1519709079,UPI_PAYMENT,591.57,INR,2026-09-19T05:09:09.556Z,BRANCH,SUCCESS,ENTERTAINMENT,Lucknow,DEV-f7a7d5f2,synthetic-generator,5,374.24260869565217,23,2,3,1,False,True,False,False,True,False,3,"TRANSACTION_BURST,NEW_DEVICE",False,2026-09-19T05:09:09.556Z
TXN-a4171426-ec7a-4fa3-bba0-600dafc3b732,ACC2452066459,BILL_PAYMENT,676.08,INR,2026-09-19T05:09:09.869Z,WEB,FAILED,DINING,Pune,DEV-8be628a6,synthetic-generator,5,605.7847222222222,36,10,3,5,False,True,True,True,True,False,7,"TRANSACTION_BURST,REPEATED_FAILURES,LOCATION_JUMP,NEW_DEVICE",True,2026-09-19T05:09:09.869Z
TXN-413ad66d-82f6-4d3f-8cda-fe1463b3dfb6,ACC2445662585,TRANSFER,326.94,INR,2026-09-19T05:09:09.967Z,WEB,SUCCESS,DINING,Lucknow,DEV-e344b4ff,synthetic-generator,5,2794.9656521739125,23,2,3,1,False,True,False,False,True,False,3,"TRANSACTION_BURST,NEW_DEVICE",False,2026-09-19T05:09:09.967Z
TXN-8649bc87-78b8-4361-889a-80347a414b4d,ACC2452066459,DEPOSIT,318.87,INR,2026-09-19T05:09:10.092Z,ATM,SUCCESS,UTILITIES,Pune,DEV-8be628a6,synthetic-generator,5,605.7847222222222,36,10,3,5,False,True,False,True,True,False,5,"TRANSACTION_BURST,LOCATION_JUMP,NEW_DEVICE",True,2026-09-19T05:09:10.092Z
TXN-55d7b000-879b-45c0-87b8-9f7ad4bb76dd,ACC2445662585,DEPOSIT,261.54,INR,2026-09-19T05:09:10.339Z,ATM,SUCCESS,OTHER,Lucknow,DEV-7a6bd543,synthetic-generator,5,2794.9656521739125,23,2,3,1,False,True,False,False,True,False,3,"TRANSACTION_BURST,NEW_DEVICE",False,2026-09-19T05:09:10.339Z
TXN-18424e07-aafe-4178-a194-55c02a12f72a,ACC7010379415,UPI_PAYMENT,210.26,INR,2026-09-19T05:09:10.359Z,BRANCH,PENDING,ENTERTAINMENT,Mumbai,DEV-cfa5a47d,synthetic-generator,5,304.8645,20,1,1,1,False,True,False,False,False,False,2,TRANSACTION_BURST,False,2026-09-19T05:09:10.359Z
TXN-5d6bf08d-d550-41cb-a046-92ae0d88634b,ACC1939042955,BILL_PAYMENT,83.9,INR,2026-09-19T05:09:10.379Z,POS,SUCCESS,EDUCATION,Delhi,DEV-85c9008b,synthetic-generator,5,437.26181818181817,22,4,2,1,False,True,False,False,True,False,3,"TRANSACTION_BURST,NEW_DEVICE",False,2026-09-19T05:09:10.379Z
TXN-dcd10221-22c0-4108-aa78-fce603bc1202,ACC1519709079,REFUND,456.04,INR,2026-09-19T05:09:11.033Z,UPI,SUCCESS,EDUCATION,Lucknow,DEV-7b3b6710,synthetic-generator,5,374.24260869565217,23,2,3,1,False,True,False,False,True,False,3,"TRANSACTION_BURST,NEW_DEVICE",False,2026-09-19T05:09:11.033Z
TXN-6ed53cac-9a9f-447f-aa88-fb204a1561da,ACC6924716023,BILL_PAYMENT,2441.13,INR,2026-09-19T05:09:11.107Z,UPI,REVERSED,DINING,Delhi,DEV-cda11eca,synthetic-generator,5,1296.8735897435897,39,12,2,2,False,True,False,True,True,False,5,"TRANSACTION_BURST,LOCATION_JUMP,NEW_DEVICE",True,2026-09-19T05:09:11.107Z
TXN-bfec2c89-6b50-40aa-aadc-c5d1c3250ced,ACC2812140441,ATM_WITHDRAWAL,779.07,INR,2026-09-19T05:09:11.284Z,UPI,SUCCESS,FINANCIAL_SERVICES,Lucknow,DEV-aed50fce,synthetic-generator,5,587.2391176470588,34,5,1,3,False,True,False,True,False,False,4,"TRANSACTION_BURST,LOCATION_JUMP",False,2026-09-19T05:09:11.284Z
TXN-d0d33f6e-73c6-4cf1-9e3c-9708c8cc495b,ACC8235363119,REFUND,2476.07,INR,2026-09-19T05:09:11.433Z,BRANCH,SUCCESS,OTHER,Pune,DEV-818eb553,synthetic-generator,5,1597.1244444444446,18,1,1,1,False,True,False,False,False,False,2,TRANSACTION_BURST,False,2026-09-19T05:09:11.433Z
TXN-2c219835-8389-409d-af5e-5d687cfb5840,ACC3392080953,CARD_PAYMENT,1560.03,INR,2026-09-19T05:09:11.624Z,WEB,SUCCESS,FINANCIAL_SERVICES,Ahmedabad,DEV-16de0ab5,synthetic-generator,5,1303.0548387096774,31,7,2,1,False,True,False,False,True,False,3,"TRANSACTION_BURST,NEW_DEVICE",False,2026-09-19T05:09:11.624Z
TXN-ab20968e-06b1-4040-b344-ab28d1b61ce5,ACC9285415473,DEPOSIT,2719.0,INR,2026-09-19T05:09:11.773Z,BRANCH,SUCCESS,GOVERNMENT,Hyderabad,DEV-24122226,synthetic-generator,5,2868.202307692308,26,9,2,1,False,True,False,False,True,False,3,"TRANSACTION_BURST,NEW_DEVICE",False,2026-09-19T05:09:11.773Z
TXN-cb3f8194-c8e5-4e1d-902e-9f29e53cefb8,ACC1817804383,BILL_PAYMENT,453.08,INR,2026-09-19T05:09:11.782Z,MOBILE,SUCCESS,OTHER,Jaipur,DEV-648b28d5,synthetic-generator,5,605.3580000000001,30,5,3,3,False,True,False,True,True,False,5,"TRANSACTION_BURST,LOCATION_JUMP,NEW_DEVICE",True,2026-09-19T05:09:11.782Z
TXN-dce5d045-852a-4706-b340-e285e7f0180f,ACC1519709079,UPI_PAYMENT,128.68,INR,2026-09-19T05:09:12.610Z,WEB,SUCCESS,GROCERY,Lucknow,DEV-7b3b6710,synthetic-generator,5,374.24260869565217,23,2,3,1,False,True,False,False,True,False,3,"TRANSACTION_BURST,NEW_DEVICE",False,2026-09-19T05:09:12.610Z
TXN-78e90ad3-0206-4bba-ad55-7b7196e6c9bc,ACC2812140441,REFUND,225.9,INR,2026-09-19T05:09:12.682Z,UPI,SUCCESS,DINING,Lucknow,DEV-aed50fce,synthetic-generator,5,587.2391176470588,34,5,1,3,False,True,False,True,False,False,4,"TRANSACTION_BURST,LOCATION_JUMP",False,2026-09-19T05:09:12.682Z
TXN-950253ff-9a5b-455d-8957-df9adca68ebc,ACC9963334018,UPI_PAYMENT,819.8,INR,2026-09-19T05:09:12.918Z,ATM,SUCCESS,OTHER,Delhi,DEV-64631af6,synthetic-generator,5,536.0754545454546,33,6,1,1,False,True,False,False,False,False,2,TRANSACTION_BURST,False,2026-09-19T05:09:12.918Z
TXN-403c7e11-f1ef-44e2-9b50-f1150124b292,ACC2948728483,CARD_PAYMENT,326.68,INR,2026-09-19T05:09:13.001Z,WEB,SUCCESS,ECOMMERCE,Chennai,DEV-9556f5f5,synthetic-generator,5,1269.472380952381,42,12,3,3,False,True,False,True,True,False,5,"TRANSACTION_BURST,LOCATION_JUMP,NEW_DEVICE",True,2026-09-19T05:09:13.001Z
TXN-31476303-94ae-42e3-bbba-ad0d81ad0ebf,ACC2948728483,TRANSFER,315.42,INR,2026-09-19T05:09:13.091Z,ATM,SUCCESS,UTILITIES,Chennai,DEV-9556f5f5,synthetic-generator,5,1269.472380952381,42,12,3,3,False,True,False,True,True,False,5,"TRANSACTION_BURST,LOCATION_JUMP,NEW_DEVICE",True,2026-09-19T05:09:13.091Z
TXN-6095b6d0-bb34-457b-946d-e14367587be4,ACC3694860228,BILL_PAYMENT,1374.13,INR,2026-09-19T05:09:13.133Z,ATM,SUCCESS,FINANCIAL_SERVICES,Hyderabad,DEV-e9a69f44,synthetic-generator,5,997.366857142857,35,3,3,3,False,True,False,True,True,False,5,"TRANSACTION_BURST,LOCATION_JUMP,NEW_DEVICE",True,2026-09-19T05:09:13.133Z
TXN-ca0b9358-3474-4c59-ba2a-70284e5d0107,ACC8047877267,ATM_WITHDRAWAL,1671.0,INR,2026-09-19T05:09:13.207Z,MOBILE,SUCCESS,HEALTHCARE,Lucknow,DEV-6864daf6,synthetic-generator,5,1046.5081818181818,22,2,2,3,False,True,False,True,True,False,5,"TRANSACTION_BURST,LOCATION_JUMP,NEW_DEVICE",True,2026-09-19T05:09:13.207Z
TXN-76f8b988-867f-49ed-b6f7-27f520ee0a61,ACC2137651678,BILL_PAYMENT,2577.38,INR,2026-09-19T05:09:13.378Z,UPI,SUCCESS,FUEL,Jaipur,DEV-3571438e,synthetic-generator,5,1534.6319047619047,21,1,2,1,False,True,False,False,True,False,3,"TRANSACTION_BURST,NEW_DEVICE",False,2026-09-19T05:09:13.378Z
TXN-6d6773ce-94a1-4bce-8d86-50e37efc5790,ACC6884882440,TRANSFER,92.64,INR,2026-09-19T05:09:13.441Z,MOBILE,SUCCESS,GOVERNMENT,Mumbai,DEV-0183d84b,synthetic-generator,5,543.7458823529412,34,7,3,1,False,True,False,False,True,False,3,"TRANSACTION_BURST,NEW_DEVICE",False,2026-09-19T05:09:13.441Z
TXN-653d797f-3044-4bcc-b94b-6cc764c57a02,ACC2149938334,UPI_PAYMENT,3018.78,INR,2026-09-19T05:09:13.886Z,WEB,SUCCESS,ECOMMERCE,Mumbai,DEV-b05f46f5,synthetic-generator,5,1112.317,20,1,1,1,False,True,False,False,False,False,2,TRANSACTION_BURST,False,2026-09-19T05:09:13.886Z
TXN-af83e7a6-ddcf-469b-8937-7b77fc85034f,ACC6884882440,ATM_WITHDRAWAL,729.12,INR,2026-09-19T05:09:14.150Z,UPI,SUCCESS,DINING,Mumbai,DEV-ea1f6ed8,synthetic-generator,5,543.7458823529412,34,7,3,1,False,True,False,False,True,False,3,"TRANSACTION_BURST,NEW_DEVICE",False,2026-09-19T05:09:14.150Z
TXN-9ab69452-1e2c-43b5-b4d7-f187beb9b78a,ACC1817804383,DEPOSIT,4135.92,INR,2026-09-19T05:09:14.254Z,POS,SUCCESS,DINING,Jaipur,DEV-3f786cfc,synthetic-generator,5,605.3580000000001,30,5,3,3,True,True,False,True,True,False,7,"HIGH_AMOUNT,TRANSACTION_BURST,LOCATION_JUMP,NEW_DEVICE",True,2026-09-19T05:09:14.254Z
TXN-a374f1d0-f795-4982-a8b4-2a2603804f0a,ACC1519709079,ATM_WITHDRAWAL,135.35,INR,2026-09-19T05:09:14.978Z,BRANCH,SUCCESS,ECOMMERCE,Lucknow,DEV-7b3b6710,synthetic-generator,5,374.24260869565217,23,2,3,1,False,True,False,False,True,False,3,"TRANSACTION_BURST,NEW_DEVICE",False,2026-09-19T05:09:14.978Z
TXN-50d9d112-9cc3-4feb-ac5a-f7b4974204f4,ACC1817804383,CARD_PAYMENT,411.5,INR,2026-09-19T05:09:15.054Z,WEB,SUCCESS,OTHER,Jaipur,DEV-887d5b21,synthetic-generator,5,605.3580000000001,30,5,3,3,False,True,False,True,True,False,5,"TRANSACTION_BURST,LOCATION_JUMP,NEW_DEVICE",True,2026-09-19T05:09:15.054Z
TXN-8d2820d0-cee5-43b2-9fe6-c0e6d1fb5ba7,ACC2137651678,BILL_PAYMENT,854.52,INR,2026-09-19T05:09:15.181Z,UPI,SUCCESS,HEALTHCARE,Jaipur,DEV-5060cefa,synthetic-generator,5,1534.6319047619047,21,1,2,1,False,True,False,False,True,False,3,"TRANSACTION_BURST,NEW_DEVICE",False,2026-09-19T05:09:15.181Z
TXN-85d31f19-3807-4682-bc6e-b8b9d86451c6,ACC9963334018,UPI_PAYMENT,47.97,INR,2026-09-19T05:09:15.473Z,BRANCH,SUCCESS,GROCERY,Delhi,DEV-64631af6,synthetic-generator,5,536.0754545454546,33,6,1,1,False,True,False,False,False,False,2,TRANSACTION_BURST,False,2026-09-19T05:09:15.473Z
TXN-6eedf413-0676-4c39-a378-63410d5021b4,ACC2149938334,REFUND,763.18,INR,2026-09-19T05:09:15.679Z,BRANCH,SUCCESS,UTILITIES,Mumbai,DEV-b05f46f5,synthetic-generator,5,1112.317,20,1,1,1,False,True,False,False,False,False,2,TRANSACTION_BURST,False,2026-09-19T05:09:15.679Z
TXN-e2ec08c6-d516-45f9-ac95-7d7d1e98c746,ACC2948728483,ATM_WITHDRAWAL,2313.77,INR,2026-09-19T05:09:16.028Z,MOBILE,SUCCESS,ECOMMERCE,Chennai,DEV-9556f5f5,synthetic-generator,5,1269.472380952381,42,12,3,3,False,True,False,True,True,False,5,"TRANSACTION_BURST,LOCATION_JUMP,NEW_DEVICE",True,2026-09-19T05:09:16.028Z
TXN-f7050e2b-61c7-476b-a8c0-1f703c94d722,ACC1945826486,CARD_PAYMENT,2922.04,INR,2026-09-19T05:09:16.141Z,WEB,SUCCESS,ENTERTAINMENT,Delhi,DEV-d51b1938,synthetic-generator,5,1154.3345,20,0,3,3,False,True,False,True,True,False,5,"TRANSACTION_BURST,LOCATION_JUMP,NEW_DEVICE",True,2026-09-19T05:09:16.141Z
TXN-e779714c-cbe0-47aa-9462-1d6eef21854e,ACC3694860228,UPI_PAYMENT,256.0,INR,2026-09-19T05:09:16.273Z,MOBILE,SUCCESS,UTILITIES,Hyderabad,DEV-f6ee34d8,synthetic-generator,5,997.366857142857,35,3,3,3,False,True,False,True,True,False,5,"TRANSACTION_BURST,LOCATION_JUMP,NEW_DEVICE",True,2026-09-19T05:09:16.273Z
TXN-db240da3-f18f-438f-8ac5-ea5db6412d42,ACC3392080953,ATM_WITHDRAWAL,484.46,INR,2026-09-19T05:09:16.459Z,WEB,SUCCESS,DINING,Ahmedabad,DEV-16de0ab5,synthetic-generator,5,1303.0548387096774,31,7,2,1,False,True,False,False,True,False,3,"TRANSACTION_BURST,NEW_DEVICE",False,2026-09-19T05:09:16.459Z
TXN-85a9a84a-e3ca-48b2-847c-4a56555ac76b,ACC9703905715,DEPOSIT,2393.35,INR,2026-09-19T05:09:16.840Z,UPI,SUCCESS,TRAVEL,Hyderabad,DEV-6387f5a3,synthetic-generator,5,1864.245263157895,19,1,1,1,False,True,False,False,False,False,2,TRANSACTION_BURST,False,2026-09-19T05:09:16.840Z
TXN-75dcfb04-20e6-4a72-a6cd-e6a925572c49,ACC6649827836,BILL_PAYMENT,95.21,INR,2026-09-19T05:09:16.877Z,POS,SUCCESS,FUEL,Chennai,DEV-b8dbc058,synthetic-generator,5,1194.808,20,0,1,3,False,True,False,True,False,False,4,"TRANSACTION_BURST,LOCATION_JUMP",False,2026-09-19T05:09:16.877Z
TXN-eae4ed51-0b88-4ceb-bd21-d1179fa7d2c5,ACC2625792787,DEPOSIT,1286.16,INR,2026-09-19T05:09:16.902Z,UPI,SUCCESS,TRAVEL,Jaipur,DEV-ace75fb8,synthetic-generator,5,4126.750769230769,13,0,1,1,False,True,False,False,False,False,2,TRANSACTION_BURST,False,2026-09-19T05:09:16.902Z
TXN-71e3fc90-791c-4e35-9920-a5f26cae73e3,ACC3479708607,BILL_PAYMENT,1739.95,INR,2026-09-19T05:09:16.948Z,MOBILE,SUCCESS,FINANCIAL_SERVICES,Ahmedabad,DEV-27fbcc6a,synthetic-generator,5,2299.897619047619,21,1,3,1,False,True,False,False,True,False,3,"TRANSACTION_BURST,NEW_DEVICE",False,2026-09-19T05:09:16.948Z
TXN-fb5b379c-90de-490b-9e05-5c24ba94bca3,ACC6884882440,ATM_WITHDRAWAL,409.0,INR,2026-09-19T05:09:17.120Z,WEB,SUCCESS,GROCERY,Mumbai,DEV-d32dd4f1,synthetic-generator,5,543.7458823529412,34,7,3,1,False,True,False,False,True,False,3,"TRANSACTION_BURST,NEW_DEVICE",False,2026-09-19T05:09:17.120Z
TXN-79a70b7e-ea34-43c5-8e9a-cf3bfdb96825,ACC6649827836,REFUND,289.62,INR,2026-09-19T05:09:17.183Z,BRANCH,SUCCESS,EDUCATION,Chennai,DEV-b8dbc058,synthetic-generator,5,1194.808,20,0,1,3,False,True,False,True,False,False,4,"TRANSACTION_BURST,LOCATION_JUMP",False,2026-09-19T05:09:17.183Z
TXN-a4caa628-e561-41dd-89ae-06cfde995878,ACC3392080953,REFUND,1859.18,INR,2026-09-19T05:09:17.306Z,BRANCH,SUCCESS,EDUCATION,Ahmedabad,DEV-16de0ab5,synthetic-generator,5,1303.0548387096774,31,7,2,1,False,True,False,False,True,False,3,"TRANSACTION_BURST,NEW_DEVICE",False,2026-09-19T05:09:17.306Z
TXN-241c1049-9f7a-4a96-a852-18889eec5cff,ACC1945826486,TRANSFER,447.23,INR,2026-09-19T05:09:17.325Z,BRANCH,SUCCESS,GROCERY,Delhi,DEV-6de9cd15,synthetic-generator,5,1154.3345,20,0,3,3,False,True,False,True,True,False,5,"TRANSACTION_BURST,LOCATION_JUMP,NEW_DEVICE",True,2026-09-19T05:09:17.325Z
TXN-f29a2aea-f9f7-469f-9216-04fb22309441,ACC9963334018,UPI_PAYMENT,1924.09,INR,2026-09-19T05:09:17.494Z,BRANCH,SUCCESS,OTHER,Delhi,DEV-64631af6,synthetic-generator,5,536.0754545454546,33,6,1,1,True,True,False,False,False,False,4,"HIGH_AMOUNT,TRANSACTION_BURST",False,2026-09-19T05:09:17.494Z
TXN-916859fa-a38e-4bb7-8bf6-af4f43201053,ACC2948728483,REFUND,553.83,INR,2026-09-19T05:09:18.215Z,UPI,SUCCESS,UTILITIES,Chennai,DEV-6ef89518,synthetic-generator,5,1269.472380952381,42,12,3,3,False,True,False,True,True,False,5,"TRANSACTION_BURST,LOCATION_JUMP,NEW_DEVICE",True,2026-09-19T05:09:18.215Z
TXN-22d71a74-a575-47f0-ae6b-dac05c1a7af0,ACC9639245200,ATM_WITHDRAWAL,1084.54,INR,2026-09-19T05:09:18.305Z,UPI,SUCCESS,FUEL,Jaipur,DEV-852ea1b1,synthetic-generator,5,859.4911111111111,18,1,1,1,False,True,False,False,False,False,2,TRANSACTION_BURST,False,2026-09-19T05:09:18.305Z
TXN-68d8dd55-95b9-4f69-8cea-2edb7f70f6da,ACC8235363119,REFUND,676.21,INR,2026-09-19T05:09:18.324Z,UPI,SUCCESS,EDUCATION,Pune,DEV-818eb553,synthetic-generator,5,1597.1244444444446,18,1,1,1,False,True,False,False,False,False,2,TRANSACTION_BURST,False,2026-09-19T05:09:18.324Z
TXN-0fa12431-36b8-42f6-a2cc-288e7b7581f3,ACC5284391408,DEPOSIT,316.87,INR,2026-09-19T05:09:18.345Z,WEB,PENDING,FINANCIAL_SERVICES,Pune,DEV-16fa3ada,synthetic-generator,5,337.99555555555554,9,0,2,5,False,True,False,True,True,False,5,"TRANSACTION_BURST,LOCATION_JUMP,NEW_DEVICE",True,2026-09-19T05:09:18.345Z
TXN-301ceaec-4169-4074-8337-7bb2ba761087,ACC3392080953,TRANSFER,1670.8,INR,2026-09-19T05:09:18.481Z,ATM,SUCCESS,EDUCATION,Ahmedabad,DEV-ca9a8ac4,synthetic-generator,5,1303.0548387096774,31,7,2,1,False,True,False,False,True,False,3,"TRANSACTION_BURST,NEW_DEVICE",False,2026-09-19T05:09:18.481Z
TXN-7fe0469e-a466-4e2b-a0be-74d2f55f3624,ACC2137651678,BILL_PAYMENT,1116.94,INR,2026-09-19T05:09:19.176Z,MOBILE,SUCCESS,GOVERNMENT,Jaipur,DEV-3571438e,synthetic-generator,5,1534.6319047619047,21,1,2,1,False,True,False,False,True,False,3,"TRANSACTION_BURST,NEW_DEVICE",False,2026-09-19T05:09:19.176Z
TXN-cf01d059-b459-4eb5-ae9e-38e225d33ae9,ACC9703905715,ATM_WITHDRAWAL,911.03,INR,2026-09-19T05:09:19.461Z,WEB,FAILED,UTILITIES,Hyderabad,DEV-6387f5a3,synthetic-generator,5,1864.245263157895,19,1,1,1,False,True,False,False,False,False,2,TRANSACTION_BURST,False,2026-09-19T05:09:19.461Z
TXN-1dd85d0b-4dae-42f3-87d5-f37142846797,ACC6924716023,REFUND,1352.95,INR,2026-09-19T05:09:19.747Z,UPI,SUCCESS,ENTERTAINMENT,Delhi,DEV-9603ec5d,synthetic-generator,5,1296.8735897435897,39,12,2,2,False,True,False,True,True,False,5,"TRANSACTION_BURST,LOCATION_JUMP,NEW_DEVICE",True,2026-09-19T05:09:19.747Z
TXN-b1a90b65-3427-415f-82c4-0afa83016bac,ACC7805745017,CARD_PAYMENT,88.84,INR,2026-09-19T05:09:19.828Z,POS,SUCCESS,EDUCATION,Chennai,DEV-472a88df,synthetic-generator,5,806.7152173913043,23,1,2,1,False,True,False,False,True,False,3,"TRANSACTION_BURST,NEW_DEVICE",False,2026-09-19T05:09:19.828Z
TXN-2341b737-c580-4a40-b81e-426e9ae64adb,ACC7805745017,REFUND,99.0,INR,2026-09-19T05:09:21.014Z,WEB,PENDING,ENTERTAINMENT,Chennai,DEV-472a88df,synthetic-generator,5,806.7152173913043,23,1,2,1,False,True,False,False,True,False,3,"TRANSACTION_BURST,NEW_DEVICE",False,2026-09-19T05:09:21.014Z
TXN-d9f2f571-8109-46df-809a-b5b35d4c9d8b,ACC4460967357,UPI_PAYMENT,895.85,INR,2026-09-19T05:09:21.172Z,MOBILE,FAILED,GROCERY,Mumbai,DEV-d3bce23d,synthetic-generator,5,941.7589473684211,19,12,3,1,False,True,True,False,True,False,5,"TRANSACTION_BURST,REPEATED_FAILURES,NEW_DEVICE",True,2026-09-19T05:09:21.172Z
TXN-8567e921-04e0-41d2-b2ea-809533426351,ACC1519709079,UPI_PAYMENT,438.42,INR,2026-09-19T05:09:21.349Z,POS,SUCCESS,EDUCATION,Lucknow,DEV-5554824c,synthetic-generator,5,374.24260869565217,23,2,3,1,False,True,False,False,True,False,3,"TRANSACTION_BURST,NEW_DEVICE",False,2026-09-19T05:09:21.349Z
TXN-d01ebe12-51b6-4963-ac90-792a2ac6679c,ACC9963334018,BILL_PAYMENT,131.34,INR,2026-09-19T05:09:21.386Z,POS,SUCCESS,DINING,Delhi,DEV-64631af6,synthetic-generator,5,536.0754545454546,33,6,1,1,False,True,False,False,False,False,2,TRANSACTION_BURST,False,2026-09-19T05:09:21.386Z
TXN-30d2bbf0-220a-46b0-bc8e-c260da1c3744,ACC9639245200,DEPOSIT,96.43,INR,2026-09-19T05:09:21.504Z,UPI,SUCCESS,GROCERY,Jaipur,DEV-852ea1b1,synthetic-generator,5,859.4911111111111,18,1,1,1,False,True,False,False,False,False,2,TRANSACTION_BURST,False,2026-09-19T05:09:21.504Z
TXN-0d2ae6d3-eac3-4666-a1cf-49a9319d235d,ACC9963334018,BILL_PAYMENT,452.39,INR,2026-09-19T05:09:21.581Z,POS,SUCCESS,DINING,Delhi,DEV-64631af6,synthetic-generator,5,536.0754545454546,33,6,1,1,False,True,False,False,False,False,2,TRANSACTION_BURST,False,2026-09-19T05:09:21.581Z
TXN-b1cb65f4-934a-4c08-bfaa-be755f823db9,ACC2452066459,CARD_PAYMENT,978.24,INR,2026-09-19T05:09:21.837Z,WEB,SUCCESS,ENTERTAINMENT,Pune,DEV-730a7e18,synthetic-generator,5,605.7847222222222,36,10,3,5,False,True,False,True,True,False,5,"TRANSACTION_BURST,LOCATION_JUMP,NEW_DEVICE",True,2026-09-19T05:09:21.837Z
TXN-0010b4a7-8ec0-4f0d-b540-9278ff533fc0,ACC3030106617,ATM_WITHDRAWAL,919.85,INR,2026-09-19T05:09:22.439Z,WEB,SUCCESS,UTILITIES,Pune,DEV-ae10375d,synthetic-generator,5,1945.6331578947368,19,1,2,3,False,True,False,True,True,False,5,"TRANSACTION_BURST,LOCATION_JUMP,NEW_DEVICE",True,2026-09-19T05:09:22.439Z
TXN-ad765a7c-dba6-4cc7-b208-cc6f5e21071f,ACC6924716023,DEPOSIT,571.71,INR,2026-09-19T05:09:22.725Z,MOBILE,SUCCESS,GROCERY,Delhi,DEV-9603ec5d,synthetic-generator,5,1296.8735897435897,39,12,2,2,False,True,False,True,True,False,5,"TRANSACTION_BURST,LOCATION_JUMP,NEW_DEVICE",True,2026-09-19T05:09:22.725Z
TXN-44b9fe70-7f2a-4561-b43f-7f52466f5ad9,ACC6884882440,BILL_PAYMENT,107.21,INR,2026-09-19T05:09:22.978Z,BRANCH,FAILED,UTILITIES,Mumbai,DEV-d32dd4f1,synthetic-generator,5,543.7458823529412,34,7,3,1,False,True,True,False,True,False,5,"TRANSACTION_BURST,REPEATED_FAILURES,NEW_DEVICE",True,2026-09-19T05:09:22.978Z
TXN-3ea8fc2a-ff91-436e-8996-d4be294def6a,ACC2948728483,TRANSFER,1008.23,INR,2026-09-19T05:09:23.166Z,ATM,PENDING,UTILITIES,Chennai,DEV-6ef89518,synthetic-generator,5,1269.472380952381,42,12,3,3,False,True,False,True,True,False,5,"TRANSACTION_BURST,LOCATION_JUMP,NEW_DEVICE",True,2026-09-19T05:09:23.166Z
TXN-2c930260-abac-4c30-bcc0-d8e172b91751,ACC5693307665,REFUND,1778.58,INR,2026-09-19T05:09:23.427Z,WEB,SUCCESS,GROCERY,Kolkata,DEV-f3eef1e4,synthetic-generator,5,1745.453,10,1,1,3,False,True,False,True,False,False,4,"TRANSACTION_BURST,LOCATION_JUMP",False,2026-09-19T05:09:23.427Z
TXN-4985dc14-83c2-43e2-9f77-338b41ce3842,ACC6884882440,UPI_PAYMENT,752.25,INR,2026-09-19T05:09:23.688Z,ATM,SUCCESS,EDUCATION,Mumbai,DEV-0183d84b,synthetic-generator,5,543.7458823529412,34,7,3,1,False,True,False,False,True,False,3,"TRANSACTION_BURST,NEW_DEVICE",False,2026-09-19T05:09:23.688Z
TXN-eb510416-a780-42f9-9a01-080e8fd22933,ACC3694860228,REFUND,515.07,INR,2026-09-19T05:09:23.861Z,WEB,SUCCESS,EDUCATION,Hyderabad,DEV-a7884c93,synthetic-generator,5,997.366857142857,35,3,3,3,False,True,False,True,True,False,5,"TRANSACTION_BURST,LOCATION_JUMP,NEW_DEVICE",True,2026-09-19T05:09:23.861Z
TXN-72bc37ea-5d6f-4f1c-bfe6-0282f5afcdaa,ACC8235363119,BILL_PAYMENT,652.43,INR,2026-09-19T05:09:24.000Z,ATM,SUCCESS,ECOMMERCE,Pune,DEV-818eb553,synthetic-generator,5,1597.1244444444446,18,1,1,1,False,True,False,False,False,False,2,TRANSACTION_BURST,False,2026-09-19T05:09:24.000Z
TXN-08f820bb-68ab-4d19-b6e6-98e5d4b3e70f,ACC7805745017,TRANSFER,910.72,INR,2026-09-19T05:09:24.056Z,WEB,SUCCESS,OTHER,Chennai,DEV-472a88df,synthetic-generator,5,806.7152173913043,23,1,2,1,False,True,False,False,True,False,3,"TRANSACTION_BURST,NEW_DEVICE",False,2026-09-19T05:09:24.056Z
TXN-a6f1061a-e847-44df-96da-cd565fdf5326,ACC9639245200,ATM_WITHDRAWAL,1269.99,INR,2026-09-19T05:09:24.192Z,WEB,SUCCESS,HEALTHCARE,Jaipur,DEV-852ea1b1,synthetic-generator,5,859.4911111111111,18,1,1,1,False,True,False,False,False,False,2,TRANSACTION_BURST,False,2026-09-19T05:09:24.192Z
TXN-d51573e8-d4dd-4f9f-923b-9fd1b7923264,ACC1519709079,ATM_WITHDRAWAL,212.55,INR,2026-09-19T05:09:24.676Z,WEB,SUCCESS,ENTERTAINMENT,Lucknow,DEV-7b3b6710,synthetic-generator,5,374.24260869565217,23,2,3,1,False,True,False,False,True,False,3,"TRANSACTION_BURST,NEW_DEVICE",False,2026-09-19T05:09:24.676Z
TXN-3e4dcfc3-2963-4b65-a2bc-b0b68e7f18c3,ACC2137651678,UPI_PAYMENT,208.63,INR,2026-09-19T05:09:24.679Z,MOBILE,SUCCESS,FUEL,Jaipur,DEV-5060cefa,synthetic-generator,5,1534.6319047619047,21,1,2,1,False,True,False,False,True,False,3,"TRANSACTION_BURST,NEW_DEVICE",False,2026-09-19T05:09:24.679Z
TXN-51855760-a863-4462-bd83-2b74a84f6029,ACC4026113008,TRANSFER,1809.76,INR,2026-09-19T05:09:24.929Z,BRANCH,SUCCESS,EDUCATION,Chennai,DEV-c444571d,synthetic-generator,5,3347.5088888888886,18,7,3,3,False,True,False,True,True,False,5,"TRANSACTION_BURST,LOCATION_JUMP,NEW_DEVICE",True,2026-09-19T05:09:24.929Z
TXN-79b2ff11-b337-4f73-80a4-e1b4262b5256,ACC1470939445,UPI_PAYMENT,67.31,INR,2026-09-19T05:09:25.122Z,BRANCH,FAILED,OTHER,Lucknow,DEV-d002de78,synthetic-generator,5,630.3511111111111,18,6,3,1,False,True,True,False,True,False,5,"TRANSACTION_BURST,REPEATED_FAILURES,NEW_DEVICE",True,2026-09-19T05:09:25.122Z
TXN-d85b9b26-5b5e-4b98-9f91-c700dacd7698,ACC6924716023,REFUND,1029.03,INR,2026-09-19T05:09:25.215Z,ATM,SUCCESS,ENTERTAINMENT,Delhi,DEV-cda11eca,synthetic-generator,5,1296.8735897435897,39,12,2,2,False,True,False,True,True,False,5,"TRANSACTION_BURST,LOCATION_JUMP,NEW_DEVICE",True,2026-09-19T05:09:25.215Z
TXN-9a9b1ddb-bb07-4e68-8871-701b4030c4e2,ACC4131356954,CARD_PAYMENT,2927.27,INR,2026-09-19T05:09:25.616Z,MOBILE,SUCCESS,ECOMMERCE,Bengaluru,DEV-1619970c,synthetic-generator,5,1310.4152380952382,21,6,3,1,False,True,False,False,True,False,3,"TRANSACTION_BURST,NEW_DEVICE",False,2026-09-19T05:09:25.616Z
TXN-198a2297-bad9-4990-a29e-83b162ba55b9,ACC7805745017,UPI_PAYMENT,163.38,INR,2026-09-19T05:09:25.681Z,MOBILE,SUCCESS,OTHER,Chennai,DEV-1d03c6d5,synthetic-generator,5,806.7152173913043,23,1,2,1,False,True,False,False,True,False,3,"TRANSACTION_BURST,NEW_DEVICE",False,2026-09-19T05:09:25.681Z
TXN-f86fee5f-179d-43fd-ba69-e48a8672e5f7,ACC2812140441,BILL_PAYMENT,920.17,INR,2026-09-19T05:09:25.686Z,UPI,SUCCESS,UTILITIES,Lucknow,DEV-aed50fce,synthetic-generator,5,587.2391176470588,34,5,1,3,False,True,False,True,False,False,4,"TRANSACTION_BURST,LOCATION_JUMP",False,2026-09-19T05:09:25.686Z
TXN-5032f7e4-fadb-40a2-9586-919657b62410,ACC6687206971,REFUND,113.85,INR,2026-09-19T05:09:26.296Z,UPI,PENDING,TRAVEL,Mumbai,DEV-a607110c,synthetic-generator,5,589.6045833333334,24,9,1,1,False,True,False,False,False,False,2,TRANSACTION_BURST,False,2026-09-19T05:09:26.296Z
TXN-b655e6eb-0d10-47fa-a282-489bdd1d66d8,ACC1817804383,TRANSFER,298.8,INR,2026-09-19T05:09:26.417Z,POS,SUCCESS,UTILITIES,Lucknow,DEV-3f786cfc,synthetic-generator,5,605.3580000000001,30,5,3,3,False,True,False,True,True,False,5,"TRANSACTION_BURST,LOCATION_JUMP,NEW_DEVICE",True,2026-09-19T05:09:26.417Z
TXN-0ef8b45f-b23d-4977-ba23-682fa0399393,ACC8235363119,REFUND,7256.98,INR,2026-09-19T05:09:27.491Z,BRANCH,SUCCESS,ECOMMERCE,Pune,DEV-818eb553,synthetic-generator,5,1597.1244444444446,18,1,1,1,True,True,False,False,False,False,4,"HIGH_AMOUNT,TRANSACTION_BURST",False,2026-09-19T05:09:27.491Z
TXN-21cfb212-b424-491c-b0eb-cf786778ea83,ACC1945826486,BILL_PAYMENT,2743.17,INR,2026-09-19T05:09:27.521Z,WEB,SUCCESS,EDUCATION,Kolkata,DEV-6de9cd15,synthetic-generator,5,1154.3345,20,0,3,3,False,True,False,True,True,False,5,"TRANSACTION_BURST,LOCATION_JUMP,NEW_DEVICE",True,2026-09-19T05:09:27.521Z
TXN-247f6a91-a4b0-4a62-b686-0b362c54c587,ACC2445662585,ATM_WITHDRAWAL,816.47,INR,2026-09-19T05:09:27.602Z,WEB,SUCCESS,ENTERTAINMENT,Lucknow,DEV-e344b4ff,synthetic-generator,5,2794.9656521739125,23,2,3,1,False,True,False,False,True,False,3,"TRANSACTION_BURST,NEW_DEVICE",False,2026-09-19T05:09:27.602Z
TXN-04af5979-f881-4180-9ad1-2a2549301ef3,ACC2812140441,BILL_PAYMENT,231.85,INR,2026-09-19T05:09:27.641Z,POS,SUCCESS,FINANCIAL_SERVICES,Lucknow,DEV-aed50fce,synthetic-generator,5,587.2391176470588,34,5,1,3,False,True,False,True,False,False,4,"TRANSACTION_BURST,LOCATION_JUMP",False,2026-09-19T05:09:27.641Z
TXN-b16f2182-94e3-490a-a004-6aff44166b22,ACC2812140441,CARD_PAYMENT,91.06,INR,2026-09-19T05:09:27.671Z,MOBILE,SUCCESS,GROCERY,Lucknow,DEV-aed50fce,synthetic-generator,5,587.2391176470588,34,5,1,3,False,True,False,True,False,False,4,"TRANSACTION_BURST,LOCATION_JUMP",False,2026-09-19T05:09:27.671Z
TXN-3586d4d0-1d23-432b-af5f-34073da1d25a,ACC2445662585,BILL_PAYMENT,1979.57,INR,2026-09-19T05:09:28.355Z,POS,PENDING,UTILITIES,Lucknow,DEV-e344b4ff,synthetic-generator,5,2794.9656521739125,23,2,3,1,False,True,False,False,True,False,3,"TRANSACTION_BURST,NEW_DEVICE",False,2026-09-19T05:09:28.355Z
TXN-7b4bd346-f656-4a29-b7ec-dc9cf6d9b072,ACC2948728483,UPI_PAYMENT,893.08,INR,2026-09-19T05:09:28.814Z,POS,SUCCESS,OTHER,Chennai,DEV-9556f5f5,synthetic-generator,5,1269.472380952381,42,12,3,3,False,True,False,True,True,False,5,"TRANSACTION_BURST,LOCATION_JUMP,NEW_DEVICE",True,2026-09-19T05:09:28.814Z
TXN-3fd55555-0267-47e9-986c-3370f7e4e948,ACC9703905715,CARD_PAYMENT,7496.87,INR,2026-09-19T05:09:29.367Z,POS,SUCCESS,HEALTHCARE,Hyderabad,DEV-6387f5a3,synthetic-generator,5,1864.245263157895,19,1,1,1,True,True,False,False,False,False,4,"HIGH_AMOUNT,TRANSACTION_BURST",False,2026-09-19T05:09:29.367Z
TXN-f61b243a-7f3c-4666-9af2-2a4327c1b369,ACC3479708607,ATM_WITHDRAWAL,933.48,INR,2026-09-19T05:09:29.440Z,WEB,SUCCESS,TRAVEL,Ahmedabad,DEV-27fbcc6a,synthetic-generator,5,2299.897619047619,21,1,3,1,False,True,False,False,True,False,3,"TRANSACTION_BURST,NEW_DEVICE",False,2026-09-19T05:09:29.440Z
TXN-bf3c4343-c192-48a3-88ec-c85df1090f35,ACC1817804383,ATM_WITHDRAWAL,494.56,INR,2026-09-19T05:09:29.790Z,BRANCH,SUCCESS,TRAVEL,Jaipur,DEV-3f786cfc,synthetic-generator,5,605.3580000000001,30,5,3,3,False,True,False,True,True,False,5,"TRANSACTION_BURST,LOCATION_JUMP,NEW_DEVICE",True,2026-09-19T05:09:29.790Z
TXN-958cd513-40ad-46db-8e04-5b4d7a79a502,ACC2625792787,DEPOSIT,1714.94,INR,2026-09-19T05:09:29.796Z,WEB,SUCCESS,GOVERNMENT,Jaipur,DEV-ace75fb8,synthetic-generator,5,4126.750769230769,13,0,1,1,False,True,False,False,False,False,2,TRANSACTION_BURST,False,2026-09-19T05:09:29.796Z
TXN-4ced1b30-482c-46b9-9adf-a23da9fc3df8,ACC5996775663,BILL_PAYMENT,2583.95,INR,2026-09-19T05:09:29.959Z,MOBILE,SUCCESS,UTILITIES,Hyderabad,DEV-bd453a08,synthetic-generator,5,3597.0620000000004,20,1,1,1,False,True,False,False,False,False,2,TRANSACTION_BURST,False,2026-09-19T05:09:29.959Z
TXN-722ad97c-97da-43d9-8ddc-4c505ed35011,ACC3694860228,REFUND,444.89,INR,2026-09-19T05:09:30.057Z,POS,SUCCESS,HEALTHCARE,Hyderabad,DEV-a7884c93,synthetic-generator,5,997.366857142857,35,3,3,3,False,True,False,True,True,False,5,"TRANSACTION_BURST,LOCATION_JUMP,NEW_DEVICE",True,2026-09-19T05:09:30.057Z
TXN-4c05daff-64d2-494d-8eeb-6826fa118428,ACC2948728483,UPI_PAYMENT,173.76,INR,2026-09-19T05:09:30.499Z,ATM,SUCCESS,GOVERNMENT,Chennai,DEV-6ef89518,synthetic-generator,5,1269.472380952381,42,12,3,3,False,True,False,True,True,False,5,"TRANSACTION_BURST,LOCATION_JUMP,NEW_DEVICE",True,2026-09-19T05:09:30.499Z
TXN-8b8bb32f-3dc4-4108-afc0-f3f230dbfdb5,ACC2812140441,TRANSFER,291.96,INR,2026-09-19T05:09:30.818Z,POS,SUCCESS,TRAVEL,Lucknow,DEV-aed50fce,synthetic-generator,5,587.2391176470588,34,5,1,3,False,True,False,True,False,False,4,"TRANSACTION_BURST,LOCATION_JUMP",False,2026-09-19T05:09:30.818Z
TXN-e010ab22-ebbb-43a2-96a1-51d01e580c05,ACC2812140441,UPI_PAYMENT,459.86,INR,2026-09-19T05:09:31.333Z,POS,SUCCESS,OTHER,Lucknow,DEV-aed50fce,synthetic-generator,5,587.2391176470588,34,5,1,3,False,True,False,True,False,False,4,"TRANSACTION_BURST,LOCATION_JUMP",False,2026-09-19T05:09:31.333Z
TXN-0de739ec-7664-4ec4-8595-a1815bc1d709,ACC1939042955,ATM_WITHDRAWAL,242.42,INR,2026-09-19T05:09:31.352Z,ATM,SUCCESS,HEALTHCARE,Delhi,DEV-9a48534f,synthetic-generator,5,437.26181818181817,22,4,2,1,False,True,False,False,True,False,3,"TRANSACTION_BURST,NEW_DEVICE",False,2026-09-19T05:09:31.352Z
TXN-683c20be-3104-420a-9195-548da792fd6c,ACC8235363119,ATM_WITHDRAWAL,3421.82,INR,2026-09-19T05:09:31.547Z,POS,SUCCESS,FUEL,Pune,DEV-818eb553,synthetic-generator,5,1597.1244444444446,18,1,1,1,False,True,False,False,False,False,2,TRANSACTION_BURST,False,2026-09-19T05:09:31.547Z
TXN-90be78ab-7e7d-4d94-a1b6-ae909501924f,ACC9963334018,ATM_WITHDRAWAL,872.93,INR,2026-09-19T05:09:31.662Z,MOBILE,REVERSED,OTHER,Delhi,DEV-64631af6,synthetic-generator,5,536.0754545454546,33,6,1,1,False,True,False,False,False,False,2,TRANSACTION_BURST,False,2026-09-19T05:09:31.662Z
TXN-ddec63af-87b9-438a-bbf8-791c895a6e58,ACC3694860228,UPI_PAYMENT,1036.23,INR,2026-09-19T05:09:32.110Z,MOBILE,SUCCESS,HEALTHCARE,Hyderabad,DEV-f6ee34d8,synthetic-generator,5,997.366857142857,35,3,3,3,False,True,False,True,True,False,5,"TRANSACTION_BURST,LOCATION_JUMP,NEW_DEVICE",True,2026-09-19T05:09:32.110Z
TXN-77e8ed2a-4581-4704-b76f-41c479bf4d93,ACC3694860228,BILL_PAYMENT,425.75,INR,2026-09-19T05:09:32.162Z,BRANCH,SUCCESS,ECOMMERCE,Hyderabad,DEV-e9a69f44,synthetic-generator,5,997.366857142857,35,3,3,3,False,True,False,True,True,False,5,"TRANSACTION_BURST,LOCATION_JUMP,NEW_DEVICE",True,2026-09-19T05:09:32.162Z
TXN-d1d31ecd-709d-45ba-a1fd-e1ba1ea08d61,ACC1817804383,UPI_PAYMENT,108.45,INR,2026-09-19T05:09:32.263Z,ATM,SUCCESS,UTILITIES,Jaipur,DEV-887d5b21,synthetic-generator,5,605.3580000000001,30,5,3,3,False,True,False,True,True,False,5,"TRANSACTION_BURST,LOCATION_JUMP,NEW_DEVICE",True,2026-09-19T05:09:32.263Z
TXN-6f13c447-10c6-4204-8447-4da2bb003111,ACC2445662585,ATM_WITHDRAWAL,295.27,INR,2026-09-19T05:09:32.798Z,BRANCH,SUCCESS,DINING,Lucknow,DEV-effa6850,synthetic-generator,5,2794.9656521739125,23,2,3,1,False,True,False,False,True,False,3,"TRANSACTION_BURST,NEW_DEVICE",False,2026-09-19T05:09:32.798Z
TXN-cbc21b2b-98cb-4aac-b671-c31ac07275f2,ACC2948728483,DEPOSIT,4621.24,INR,2026-09-19T05:09:32.879Z,ATM,SUCCESS,FINANCIAL_SERVICES,Chennai,DEV-6ef89518,synthetic-generator,5,1269.472380952381,42,12,3,3,True,True,False,True,True,False,7,"HIGH_AMOUNT,TRANSACTION_BURST,LOCATION_JUMP,NEW_DEVICE",True,2026-09-19T05:09:32.879Z
TXN-e1270917-3648-40e9-80ea-66bfde556731,ACC2445662585,ATM_WITHDRAWAL,84.55,INR,2026-09-19T05:09:33.194Z,POS,SUCCESS,OTHER,Lucknow,DEV-e344b4ff,synthetic-generator,5,2794.9656521739125,23,2,3,1,False,True,False,False,True,False,3,"TRANSACTION_BURST,NEW_DEVICE",False,2026-09-19T05:09:33.194Z
TXN-5809cbe2-f521-40d4-a5e4-a755c6095a22,ACC3694860228,UPI_PAYMENT,402.51,INR,2026-09-19T05:09:33.268Z,ATM,SUCCESS,DINING,Hyderabad,DEV-a7884c93,synthetic-generator,5,997.366857142857,35,3,3,3,False,True,False,True,True,False,5,"TRANSACTION_BURST,LOCATION_JUMP,NEW_DEVICE",True,2026-09-19T05:09:33.268Z
TXN-a8fada22-5915-47f6-a60e-c71c1fb2656d,ACC6924716023,DEPOSIT,1737.86,INR,2026-09-19T05:09:33.854Z,ATM,SUCCESS,DINING,Delhi,DEV-cda11eca,synthetic-generator,5,1296.8735897435897,39,12,2,2,False,True,False,True,True,False,5,"TRANSACTION_BURST,LOCATION_JUMP,NEW_DEVICE",True,2026-09-19T05:09:33.854Z
TXN-804bb60a-b2a3-4953-ae9f-86c18687810b,ACC5996775663,TRANSFER,921.2,INR,2026-09-19T05:09:34.835Z,POS,FAILED,FINANCIAL_SERVICES,Hyderabad,DEV-bd453a08,synthetic-generator,5,3597.0620000000004,20,1,1,1,False,True,False,False,False,False,2,TRANSACTION_BURST,False,2026-09-19T05:09:34.835Z
TXN-a2d8a8d0-978d-4213-a96d-0bcc82fb9fc2,ACC5774080233,DEPOSIT,265.78,INR,2026-09-19T05:09:34.844Z,MOBILE,SUCCESS,FUEL,Ahmedabad,DEV-d6e27c90,synthetic-generator,5,369.478,15,1,3,3,False,True,False,True,True,False,5,"TRANSACTION_BURST,LOCATION_JUMP,NEW_DEVICE",True,2026-09-19T05:09:34.844Z
TXN-16a9c42f-dff7-4931-a3ee-8dea369967f5,ACC2452066459,CARD_PAYMENT,307.17,INR,2026-09-19T05:09:34.854Z,UPI,SUCCESS,GOVERNMENT,Pune,DEV-730a7e18,synthetic-generator,5,605.7847222222222,36,10,3,5,False,True,False,True,True,False,5,"TRANSACTION_BURST,LOCATION_JUMP,NEW_DEVICE",True,2026-09-19T05:09:34.854Z
TXN-f4d17ab7-ae2b-4752-b9d3-c0c7dd84394a,ACC3479708607,UPI_PAYMENT,4516.79,INR,2026-09-19T05:09:36.064Z,BRANCH,SUCCESS,FINANCIAL_SERVICES,Ahmedabad,DEV-316a8ea5,synthetic-generator,5,2299.897619047619,21,1,3,1,False,True,False,False,True,False,3,"TRANSACTION_BURST,NEW_DEVICE",False,2026-09-19T05:09:36.064Z
TXN-a4afc618-7e73-4b47-a661-aef3835f2047,ACC4131356954,ATM_WITHDRAWAL,272.53,INR,2026-09-19T05:09:36.077Z,UPI,SUCCESS,UTILITIES,Bengaluru,DEV-8079168f,synthetic-generator,5,1310.4152380952382,21,6,3,1,False,True,False,False,True,False,3,"TRANSACTION_BURST,NEW_DEVICE",False,2026-09-19T05:09:36.077Z
TXN-339c5d45-6cfc-40e4-9da2-2e8c4891e0a4,ACC1939042955,CARD_PAYMENT,1266.62,INR,2026-09-19T05:09:36.091Z,UPI,SUCCESS,ENTERTAINMENT,Delhi,DEV-85c9008b,synthetic-generator,5,437.26181818181817,22,4,2,1,False,True,False,False,True,False,3,"TRANSACTION_BURST,NEW_DEVICE",False,2026-09-19T05:09:36.091Z
TXN-5e5171b2-202e-448a-ab6c-07daa0a1d00b,ACC3392080953,ATM_WITHDRAWAL,3216.54,INR,2026-09-19T05:09:37.055Z,WEB,SUCCESS,EDUCATION,Ahmedabad,DEV-ca9a8ac4,synthetic-generator,5,1303.0548387096774,31,7,2,1,False,True,False,False,True,False,3,"TRANSACTION_BURST,NEW_DEVICE",False,2026-09-19T05:09:37.055Z
TXN-1b8ce3d8-0cf0-4021-8f47-d9cca4705df3,ACC6924716023,DEPOSIT,1520.41,INR,2026-09-19T05:09:37.658Z,MOBILE,SUCCESS,FINANCIAL_SERVICES,Delhi,DEV-9603ec5d,synthetic-generator,5,1296.8735897435897,39,12,2,2,False,True,False,True,True,False,5,"TRANSACTION_BURST,LOCATION_JUMP,NEW_DEVICE",True,2026-09-19T05:09:37.658Z
TXN-022c3685-a0b0-489b-8477-7ed1449f4520,ACC2812140441,CARD_PAYMENT,732.37,INR,2026-09-19T05:09:37.666Z,ATM,SUCCESS,TRAVEL,Lucknow,DEV-aed50fce,synthetic-generator,5,587.2391176470588,34,5,1,3,False,True,False,True,False,False,4,"TRANSACTION_BURST,LOCATION_JUMP",False,2026-09-19T05:09:37.666Z
TXN-94f2046c-e4c2-4fa2-86ee-faa27333a2b5,ACC3694860228,REFUND,883.3,INR,2026-09-19T05:09:37.792Z,MOBILE,SUCCESS,ENTERTAINMENT,Hyderabad,DEV-e9a69f44,synthetic-generator,5,997.366857142857,35,3,3,3,False,True,False,True,True,False,5,"TRANSACTION_BURST,LOCATION_JUMP,NEW_DEVICE",True,2026-09-19T05:09:37.792Z
TXN-b1207598-c813-4584-80b0-0cd793f0f91b,ACC8235363119,UPI_PAYMENT,553.29,INR,2026-09-19T05:09:37.803Z,ATM,SUCCESS,UTILITIES,Pune,DEV-818eb553,synthetic-generator,5,1597.1244444444446,18,1,1,1,False,True,False,False,False,False,2,TRANSACTION_BURST,False,2026-09-19T05:09:37.803Z
TXN-5826a2cb-113a-4492-a33e-f43d5c179cd8,ACC7146318035,REFUND,491.99,INR,2026-09-19T05:09:37.850Z,POS,SUCCESS,TRAVEL,Delhi,DEV-84cbc591,synthetic-generator,5,1293.822,10,1,1,3,False,True,False,True,False,False,4,"TRANSACTION_BURST,LOCATION_JUMP",False,2026-09-19T05:09:37.850Z
TXN-2ca63ade-923e-4a4c-9c6a-4757bb884452,ACC1945826486,BILL_PAYMENT,987.4,INR,2026-09-19T05:09:37.888Z,UPI,SUCCESS,EDUCATION,Delhi,DEV-7c79de1a,synthetic-generator,5,1154.3345,20,0,3,3,False,True,False,True,True,False,5,"TRANSACTION_BURST,LOCATION_JUMP,NEW_DEVICE",True,2026-09-19T05:09:37.888Z
TXN-508d32a8-020b-481c-bb8e-167da9a6a300,ACC9285415473,REFUND,394.46,INR,2026-09-19T05:09:38.215Z,MOBILE,FAILED,OTHER,Hyderabad,DEV-285b4bc2,synthetic-generator,5,2868.202307692308,26,9,2,1,False,True,True,False,True,False,5,"TRANSACTION_BURST,REPEATED_FAILURES,NEW_DEVICE",True,2026-09-19T05:09:38.215Z
TXN-2f538666-6d4f-4a17-bb1b-6d4066cce255,ACC2812140441,REFUND,842.34,INR,2026-09-19T05:09:38.346Z,MOBILE,SUCCESS,FUEL,Lucknow,DEV-aed50fce,synthetic-generator,5,587.2391176470588,34,5,1,3,False,True,False,True,False,False,4,"TRANSACTION_BURST,LOCATION_JUMP",False,2026-09-19T05:09:38.346Z
TXN-f99d5286-bb47-49df-beae-3e072002cd74,ACC3030106617,TRANSFER,662.7,INR,2026-09-19T05:09:38.474Z,POS,SUCCESS,TRAVEL,Pune,DEV-ae10375d,synthetic-generator,5,1945.6331578947368,19,1,2,3,False,True,False,True,True,False,5,"TRANSACTION_BURST,LOCATION_JUMP,NEW_DEVICE",True,2026-09-19T05:09:38.474Z
TXN-f18da55c-60a1-43a7-976b-c53d44b73481,ACC3479708607,TRANSFER,1362.24,INR,2026-09-19T05:09:38.609Z,POS,SUCCESS,GOVERNMENT,Ahmedabad,DEV-148b692d,synthetic-generator,5,2299.897619047619,21,1,3,1,False,True,False,False,True,False,3,"TRANSACTION_BURST,NEW_DEVICE",False,2026-09-19T05:09:38.609Z
TXN-1c5e6bda-de3b-40f5-9b4d-422dcba088ff,ACC9639245200,REFUND,183.49,INR,2026-09-19T05:09:38.888Z,UPI,SUCCESS,DINING,Jaipur,DEV-852ea1b1,synthetic-generator,5,859.4911111111111,18,1,1,1,False,True,False,False,False,False,2,TRANSACTION_BURST,False,2026-09-19T05:09:38.888Z
TXN-fab6a4cb-8c33-4424-9fe8-912ceb3c4db0,ACC7010379415,UPI_PAYMENT,55.59,INR,2026-09-19T05:09:39.108Z,MOBILE,SUCCESS,UTILITIES,Mumbai,DEV-cfa5a47d,synthetic-generator,5,304.8645,20,1,1,1,False,True,False,False,False,False,2,TRANSACTION_BURST,False,2026-09-19T05:09:39.108Z
TXN-7d8bb94a-fe00-4f38-a537-124076bdb237,ACC6924716023,ATM_WITHDRAWAL,681.91,INR,2026-09-19T05:09:39.706Z,MOBILE,SUCCESS,HEALTHCARE,Delhi,DEV-cda11eca,synthetic-generator,5,1296.8735897435897,39,12,2,2,False,True,False,True,True,False,5,"TRANSACTION_BURST,LOCATION_JUMP,NEW_DEVICE",True,2026-09-19T05:09:39.706Z
TXN-6972d335-2fa3-41dd-bfde-bfeda35cf847,ACC8047877267,BILL_PAYMENT,568.24,INR,2026-09-19T05:09:39.894Z,MOBILE,SUCCESS,FINANCIAL_SERVICES,Jaipur,DEV-c12fe6a2,synthetic-generator,5,1046.5081818181818,22,2,2,3,False,True,False,True,True,False,5,"TRANSACTION_BURST,LOCATION_JUMP,NEW_DEVICE",True,2026-09-19T05:09:39.894Z
TXN-9ea7cc0e-be1b-4896-b13d-242f477a2dd6,ACC2948728483,CARD_PAYMENT,1245.23,INR,2026-09-19T05:09:40.184Z,MOBILE,SUCCESS,HEALTHCARE,Chennai,DEV-6ef89518,synthetic-generator,5,1269.472380952381,42,12,3,3,False,True,False,True,True,False,5,"TRANSACTION_BURST,LOCATION_JUMP,NEW_DEVICE",True,2026-09-19T05:09:40.184Z
TXN-348d6a55-9b11-4dfd-ac32-9197d53cd4c5,ACC2566942273,ATM_WITHDRAWAL,115.35,INR,2026-09-19T05:09:40.266Z,BRANCH,SUCCESS,ENTERTAINMENT,Bengaluru,DEV-18e6ece8,synthetic-generator,5,250.60399999999998,10,0,1,5,False,True,False,True,False,False,4,"TRANSACTION_BURST,LOCATION_JUMP",False,2026-09-19T05:09:40.266Z
TXN-ac6d5a8d-987c-483f-aad2-20d9528bb1ec,ACC9703905715,DEPOSIT,513.95,INR,2026-09-19T05:09:40.281Z,BRANCH,SUCCESS,UTILITIES,Hyderabad,DEV-6387f5a3,synthetic-generator,5,1864.245263157895,19,1,1,1,False,True,False,False,False,False,2,TRANSACTION_BURST,False,2026-09-19T05:09:40.281Z
TXN-1f5ecc78-2e91-4090-af2a-24a429a60c2e,ACC7805745017,TRANSFER,690.62,INR,2026-09-19T05:09:40.288Z,MOBILE,SUCCESS,FINANCIAL_SERVICES,Chennai,DEV-472a88df,synthetic-generator,5,806.7152173913043,23,1,2,1,False,True,False,False,True,False,3,"TRANSACTION_BURST,NEW_DEVICE",False,2026-09-19T05:09:40.288Z
TXN-ff37ef63-55f4-4a35-999e-4240f6ee6e90,ACC9703905715,ATM_WITHDRAWAL,1006.44,INR,2026-09-19T05:09:40.375Z,WEB,SUCCESS,OTHER,Hyderabad,DEV-6387f5a3,synthetic-generator,5,1864.245263157895,19,1,1,1,False,True,False,False,False,False,2,TRANSACTION_BURST,False,2026-09-19T05:09:40.375Z
TXN-f1af0559-06d1-456c-bb73-680449399f74,ACC9592390865,ATM_WITHDRAWAL,135.49,INR,2026-09-19T05:09:40.783Z,POS,PENDING,FUEL,Kolkata,DEV-da5c5bec,synthetic-generator,5,1498.7482608695652,23,6,3,1,False,True,False,False,True,False,3,"TRANSACTION_BURST,NEW_DEVICE",False,2026-09-19T05:09:40.783Z
TXN-2ee8ce86-3220-4531-88b9-b9ac295bb210,ACC3694860228,UPI_PAYMENT,538.79,INR,2026-09-19T05:09:41.141Z,WEB,SUCCESS,ENTERTAINMENT,Hyderabad,DEV-a7884c93,synthetic-generator,5,997.366857142857,35,3,3,3,False,True,False,True,True,False,5,"TRANSACTION_BURST,LOCATION_JUMP,NEW_DEVICE",True,2026-09-19T05:09:41.141Z
TXN-9f8789f5-0f6f-48ad-b474-4d5ed4fd7c5f,ACC9592390865,DEPOSIT,1596.95,INR,2026-09-19T05:09:41.410Z,MOBILE,SUCCESS,ENTERTAINMENT,Kolkata,DEV-da5c5bec,synthetic-generator,5,1498.7482608695652,23,6,3,1,False,True,False,False,True,False,3,"TRANSACTION_BURST,NEW_DEVICE",False,2026-09-19T05:09:41.410Z
TXN-301676df-173e-46ad-9e68-726bacf82f77,ACC6649827836,ATM_WITHDRAWAL,1068.03,INR,2026-09-19T05:09:42.053Z,BRANCH,SUCCESS,FUEL,Chennai,DEV-b8dbc058,synthetic-generator,5,1194.808,20,0,1,3,False,True,False,True,False,False,4,"TRANSACTION_BURST,LOCATION_JUMP",False,2026-09-19T05:09:42.053Z
TXN-e9e175a6-eb14-453d-9a19-15290f16c527,ACC6687206971,REFUND,208.8,INR,2026-09-19T05:09:42.060Z,MOBILE,SUCCESS,GOVERNMENT,Mumbai,DEV-a607110c,synthetic-generator,5,589.6045833333334,24,9,1,1,False,True,False,False,False,False,2,TRANSACTION_BURST,False,2026-09-19T05:09:42.060Z
TXN-3a525563-dec5-4ddb-8a09-c1ac7c82e79e,ACC6924716023,BILL_PAYMENT,892.32,INR,2026-09-19T05:09:42.198Z,POS,SUCCESS,FUEL,Delhi,DEV-9603ec5d,synthetic-generator,5,1296.8735897435897,39,12,2,2,False,True,False,True,True,False,5,"TRANSACTION_BURST,LOCATION_JUMP,NEW_DEVICE",True,2026-09-19T05:09:42.198Z
TXN-a58af9f4-110f-4ad9-b107-deabd7a2d540,ACC3694860228,BILL_PAYMENT,968.37,INR,2026-09-19T05:09:42.257Z,WEB,SUCCESS,EDUCATION,Hyderabad,DEV-f6ee34d8,synthetic-generator,5,997.366857142857,35,3,3,3,False,True,False,True,True,False,5,"TRANSACTION_BURST,LOCATION_JUMP,NEW_DEVICE",True,2026-09-19T05:09:42.257Z
TXN-7d77db27-c41e-4654-854e-8e5c3b8bd9fb,ACC1519709079,UPI_PAYMENT,199.57,INR,2026-09-19T05:09:42.541Z,ATM,FAILED,FINANCIAL_SERVICES,Lucknow,DEV-5554824c,synthetic-generator,5,374.24260869565217,23,2,3,1,False,True,False,False,True,False,3,"TRANSACTION_BURST,NEW_DEVICE",False,2026-09-19T05:09:42.541Z
TXN-180d0ddc-1633-4f2c-b139-ef35467b4eea,ACC2137651678,UPI_PAYMENT,554.47,INR,2026-09-19T05:09:42.760Z,MOBILE,SUCCESS,ECOMMERCE,Jaipur,DEV-5060cefa,synthetic-generator,5,1534.6319047619047,21,1,2,1,False,True,False,False,True,False,3,"TRANSACTION_BURST,NEW_DEVICE",False,2026-09-19T05:09:42.760Z
TXN-0fa2c852-128d-4e2f-9035-e48bd48d4015,ACC8047877267,REFUND,730.82,INR,2026-09-19T05:09:42.798Z,UPI,SUCCESS,ENTERTAINMENT,Jaipur,DEV-c12fe6a2,synthetic-generator,5,1046.5081818181818,22,2,2,3,False,True,False,True,True,False,5,"TRANSACTION_BURST,LOCATION_JUMP,NEW_DEVICE",True,2026-09-19T05:09:42.798Z
TXN-0d95f440-63b0-4ed0-9c4a-3ea994098787,ACC7010379415,REFUND,272.18,INR,2026-09-19T05:09:43.058Z,WEB,SUCCESS,ENTERTAINMENT,Mumbai,DEV-cfa5a47d,synthetic-generator,5,304.8645,20,1,1,1,False,True,False,False,False,False,2,TRANSACTION_BURST,False,2026-09-19T05:09:43.058Z
TXN-826b9f8e-6063-4f86-a9de-c80beb9291f1,ACC2948728483,ATM_WITHDRAWAL,432.8,INR,2026-09-19T05:09:43.978Z,WEB,SUCCESS,EDUCATION,Chennai,DEV-6ef89518,synthetic-generator,5,1269.472380952381,42,12,3,3,False,True,False,True,True,False,5,"TRANSACTION_BURST,LOCATION_JUMP,NEW_DEVICE",True,2026-09-19T05:09:43.978Z
TXN-cdbc815a-0444-485a-9df0-22da1f522439,ACC3030106617,REFUND,192.94,INR,2026-09-19T05:09:44.129Z,POS,SUCCESS,HEALTHCARE,Pune,DEV-4c67ed1b,synthetic-generator,5,1945.6331578947368,19,1,2,3,False,True,False,True,True,False,5,"TRANSACTION_BURST,LOCATION_JUMP,NEW_DEVICE",True,2026-09-19T05:09:44.129Z
TXN-576a7fd8-6bc4-4aec-a3e2-a805ad4e2897,ACC7010379415,TRANSFER,229.73,INR,2026-09-19T05:09:44.667Z,POS,SUCCESS,TRAVEL,Mumbai,DEV-cfa5a47d,synthetic-generator,5,304.8645,20,1,1,1,False,True,False,False,False,False,2,TRANSACTION_BURST,False,2026-09-19T05:09:44.667Z
TXN-cc39c103-1379-423f-87c6-18d6e4a43561,ACC9786748825,CARD_PAYMENT,1404.99,INR,2026-09-19T05:09:44.696Z,ATM,SUCCESS,EDUCATION,Chennai,DEV-e8cd1fd2,synthetic-generator,5,1400.3655555555556,18,5,1,3,False,True,False,True,False,False,4,"TRANSACTION_BURST,LOCATION_JUMP",False,2026-09-19T05:09:44.696Z
TXN-19f1d54e-c10d-49e6-9912-03192ef41efc,ACC9592390865,UPI_PAYMENT,1069.82,INR,2026-09-19T05:09:44.919Z,MOBILE,SUCCESS,TRAVEL,Kolkata,DEV-3f530bed,synthetic-generator,5,1498.7482608695652,23,6,3,1,False,True,False,False,True,False,3,"TRANSACTION_BURST,NEW_DEVICE",False,2026-09-19T05:09:44.919Z
TXN-1a7d7e81-fbd4-4463-aa5a-256a33610224,ACC6924716023,ATM_WITHDRAWAL,1470.54,INR,2026-09-19T05:09:44.964Z,UPI,SUCCESS,GROCERY,Bengaluru,DEV-9603ec5d,synthetic-generator,5,1296.8735897435897,39,12,2,2,False,True,False,True,True,False,5,"TRANSACTION_BURST,LOCATION_JUMP,NEW_DEVICE",True,2026-09-19T05:09:44.964Z
TXN-29d53772-3b60-44f4-8284-1223873f00c0,ACC3030106617,UPI_PAYMENT,1717.44,INR,2026-09-19T05:09:45.060Z,ATM,FAILED,FUEL,Pune,DEV-ae10375d,synthetic-generator,5,1945.6331578947368,19,1,2,3,False,True,False,True,True,False,5,"TRANSACTION_BURST,LOCATION_JUMP,NEW_DEVICE",True,2026-09-19T05:09:45.060Z
TXN-79a7e604-4ddb-44e2-9cf2-579a2ff98f3e,ACC9894847574,ATM_WITHDRAWAL,1938.81,INR,2026-09-19T05:09:45.118Z,BRANCH,SUCCESS,GROCERY,Ahmedabad,DEV-eed3b63b,synthetic-generator,5,1558.878,15,2,2,5,False,True,False,True,True,False,5,"TRANSACTION_BURST,LOCATION_JUMP,NEW_DEVICE",True,2026-09-19T05:09:45.118Z
TXN-5d6c9718-eeed-4f45-b906-36c69c1ae640,ACC3392080953,ATM_WITHDRAWAL,764.7,INR,2026-09-19T05:09:45.158Z,WEB,SUCCESS,GROCERY,Ahmedabad,DEV-16de0ab5,synthetic-generator,5,1303.0548387096774,31,7,2,1,False,True,False,False,True,False,3,"TRANSACTION_BURST,NEW_DEVICE",False,2026-09-19T05:09:45.158Z
TXN-30bf16be-61c9-4f79-b323-55d49b7933b3,ACC7483366056,TRANSFER,268.13,INR,2026-09-19T05:09:48.039Z,POS,SUCCESS,ECOMMERCE,Jaipur,DEV-051404c6,synthetic-generator,5,735.3166666666666,9,1,1,3,False,True,False,True,False,False,4,"TRANSACTION_BURST,LOCATION_JUMP",False,2026-09-19T05:09:48.039Z
TXN-c49789df-44f9-4abc-9293-e30bb3541e8c,ACC2452066459,REFUND,78.11,INR,2026-09-19T05:09:51.593Z,WEB,SUCCESS,ENTERTAINMENT,Chennai,DEV-3b0615b0,synthetic-generator,5,605.7847222222222,36,10,3,5,False,True,False,True,True,False,5,"TRANSACTION_BURST,LOCATION_JUMP,NEW_DEVICE",True,2026-09-19T05:09:51.593Z
TXN-24a382fa-be42-478c-9744-b0e3055be053,ACC5284391408,BILL_PAYMENT,593.91,INR,2026-09-19T05:09:57.273Z,UPI,SUCCESS,EDUCATION,Mumbai,DEV-ee74a571,synthetic-generator,5,337.99555555555554,9,0,2,5,False,True,False,True,True,False,5,"TRANSACTION_BURST,LOCATION_JUMP,NEW_DEVICE",True,2026-09-19T05:09:57.273Z
TXN-eb3a87f8-50d4-4c5f-93fe-b38ba2d11a77,ACC2452066459,TRANSFER,399.75,INR,2026-09-19T05:10:00.621Z,POS,SUCCESS,GOVERNMENT,Jaipur,DEV-8be628a6,synthetic-generator,5,605.7847222222222,36,10,3,5,False,True,False,True,True,False,5,"TRANSACTION_BURST,LOCATION_JUMP,NEW_DEVICE",True,2026-09-19T05:10:00.621Z
TXN-f33418c2-5d0d-499d-8b01-e881d92675e9,ACC1248786714,REFUND,789.11,INR,2026-09-19T05:10:02.758Z,BRANCH,SUCCESS,UTILITIES,Delhi,DEV-97677b4d,synthetic-generator,5,392.5536363636364,11,0,2,2,False,True,False,True,True,False,5,"TRANSACTION_BURST,LOCATION_JUMP,NEW_DEVICE",True,2026-09-19T05:10:02.758Z
TXN-a8356c22-9d04-4467-8ed2-7eab49c225d1,ACC7517938612,BILL_PAYMENT,2605.44,INR,2026-09-19T05:10:03.380Z,ATM,SUCCESS,GOVERNMENT,Pune,DEV-3a54fd68,synthetic-generator,5,1835.2130769230769,13,0,2,4,False,True,False,True,True,False,5,"TRANSACTION_BURST,LOCATION_JUMP,NEW_DEVICE",True,2026-09-19T05:10:03.380Z
TXN-69e52e77-73f7-43a6-bf60-35d0be10658e,ACC2566942273,DEPOSIT,130.54,INR,2026-09-19T05:10:04.439Z,ATM,SUCCESS,OTHER,Chennai,DEV-18e6ece8,synthetic-generator,5,250.60399999999998,10,0,1,5,False,True,False,True,False,False,4,"TRANSACTION_BURST,LOCATION_JUMP",False,2026-09-19T05:10:04.439Z
TXN-21762b21-a320-478e-aab7-40a0c518fe95,ACC3694860228,TRANSFER,2400.4,INR,2026-09-19T05:10:14.404Z,UPI,SUCCESS,DINING,Bengaluru,DEV-a7884c93,synthetic-generator,5,997.366857142857,35,3,3,3,False,True,False,True,True,False,5,"TRANSACTION_BURST,LOCATION_JUMP,NEW_DEVICE",True,2026-09-19T05:10:14.404Z
TXN-c8782bf6-07ea-418c-805f-a56dc1088af2,ACC3710566582,TRANSFER,424.59,INR,2026-09-19T05:10:16.761Z,MOBILE,SUCCESS,FINANCIAL_SERVICES,Kolkata,DEV-0b88904d,synthetic-generator,5,886.235,8,0,2,3,False,False,False,True,True,False,3,"LOCATION_JUMP,NEW_DEVICE",False,2026-09-19T05:10:16.761Z
TXN-f596b8b3-26ce-4276-b39f-e475574700b5,ACC3030106617,CARD_PAYMENT,2346.31,INR,2026-09-19T05:10:17.228Z,ATM,SUCCESS,FINANCIAL_SERVICES,Mumbai,DEV-ae10375d,synthetic-generator,5,1945.6331578947368,19,1,2,3,False,True,False,True,True,False,5,"TRANSACTION_BURST,LOCATION_JUMP,NEW_DEVICE",True,2026-09-19T05:10:17.228Z
TXN-a570126b-6be9-422d-b877-51e2ba8fb340,ACC2948728483,DEPOSIT,1666.12,INR,2026-09-19T05:10:24.077Z,UPI,SUCCESS,FINANCIAL_SERVICES,Pune,DEV-9556f5f5,synthetic-generator,5,1269.472380952381,42,12,3,3,False,True,False,True,True,False,5,"TRANSACTION_BURST,LOCATION_JUMP,NEW_DEVICE",True,2026-09-19T05:10:24.077Z
TXN-2e7ee4ee-37fb-47f8-bd74-0070da2e2ea8,ACC7114223633,UPI_PAYMENT,2084.17,INR,2026-09-19T05:10:24.999Z,WEB,SUCCESS,GOVERNMENT,Ahmedabad,DEV-55bbaf7f,synthetic-generator,5,5201.48875,16,0,3,4,False,True,False,True,True,False,5,"TRANSACTION_BURST,LOCATION_JUMP,NEW_DEVICE",True,2026-09-19T05:10:24.999Z
TXN-be994ae1-2549-44cc-af47-89bd36f76e5d,ACC4289233844,TRANSFER,1051.9,INR,2026-09-19T05:10:27.250Z,ATM,SUCCESS,OTHER,Lucknow,DEV-0d90d34d,synthetic-generator,5,1004.2819999999999,15,2,1,3,False,True,False,True,False,False,4,"TRANSACTION_BURST,LOCATION_JUMP",False,2026-09-19T05:10:27.250Z
TXN-44b07435-4c63-42f4-af60-9b183d984643,ACC3615507143,CARD_PAYMENT,1538.56,INR,2026-09-19T05:10:31.301Z,WEB,SUCCESS,GOVERNMENT,Ahmedabad,DEV-5e101f0d,synthetic-generator,5,1016.8924999999999,8,0,1,2,False,False,False,True,False,False,2,LOCATION_JUMP,False,2026-09-19T05:10:31.301Z
TXN-68efa01b-b1bc-4290-ae91-45ba810e3159,ACC6756332150,DEPOSIT,2097.84,INR,2026-09-19T05:10:32.989Z,WEB,REVERSED,GOVERNMENT,Bengaluru,DEV-888fd2ed,synthetic-generator,5,1154.348,10,0,3,3,False,True,False,True,True,False,5,"TRANSACTION_BURST,LOCATION_JUMP,NEW_DEVICE",True,2026-09-19T05:10:32.989Z
TXN-a8a82475-2897-49c0-80f8-e61ccc88b4d8,ACC4131575764,BILL_PAYMENT,292.69,INR,2026-09-19T05:10:37.169Z,WEB,SUCCESS,ECOMMERCE,Jaipur,DEV-dcdaea1d,synthetic-generator,5,1197.8876923076923,13,0,2,3,False,True,False,True,True,False,5,"TRANSACTION_BURST,LOCATION_JUMP,NEW_DEVICE",True,2026-09-19T05:10:37.169Z
TXN-41d0d0ea-4ec9-44b5-bb5c-1e9548a5005b,ACC7114223633,TRANSFER,326.64,INR,2026-09-19T05:10:39.279Z,BRANCH,REVERSED,ECOMMERCE,Delhi,DEV-55bbaf7f,synthetic-generator,5,5201.48875,16,0,3,4,False,True,False,True,True,False,5,"TRANSACTION_BURST,LOCATION_JUMP,NEW_DEVICE",True,2026-09-19T05:10:39.279Z
TXN-d911e4fb-4306-4dcd-9fcf-d5f4e7a99cee,ACC7517938612,CARD_PAYMENT,385.38,INR,2026-09-19T05:10:40.240Z,WEB,SUCCESS,FINANCIAL_SERVICES,Hyderabad,DEV-1c46c284,synthetic-generator,5,1835.2130769230769,13,0,2,4,False,True,False,True,True,False,5,"TRANSACTION_BURST,LOCATION_JUMP,NEW_DEVICE",True,2026-09-19T05:10:40.240Z
